Delta,Time,CORE0_ENERGY (J),CORE0_FREQ (MHZ),CORE0_PSTATE,CORE0_VOLT (V),CORE1_ENERGY (J),CORE1_FREQ (MHZ),CORE1_PSTATE,CORE1_VOLT (V),CORE2_ENERGY (J),CORE2_FREQ (MHZ),CORE2_PSTATE,CORE2_VOLT (V),CORE3_ENERGY (J),CORE3_FREQ (MHZ),CORE3_PSTATE,CORE3_VOLT (V),CPU_ENERGY (J),CPU_FREQUENCY_0,CPU_FREQUENCY_1,CPU_FREQUENCY_2,CPU_FREQUENCY_3,CPU_FREQUENCY_4,CPU_FREQUENCY_5,CPU_FREQUENCY_6,CPU_FREQUENCY_7,CPU_USAGE_0,CPU_USAGE_1,CPU_USAGE_2,CPU_USAGE_3,CPU_USAGE_4,CPU_USAGE_5,CPU_USAGE_6,CPU_USAGE_7,TOTAL_MEMORY,TOTAL_SWAP,USED_MEMORY,USED_SWAP
0,1786320976921,999.8069305419922,300,2,0.975,893.2969360351563,300,2,0.975,5229.079803466797,300,0,0.975,5052.988739013672,300,2,0.975,24882.1114654541,5149,1717,5144,5151,5149,5149,5149,5149,3.5714287757873535,3.4482758045196533,7.142857551574707,0,3.7037036418914795,0,11.111111640930176,3.5714287757873535,32353087488,8589930496,2745163776,0
200,1786320976921,999.8070068359375,300,2,0.975,893.2969512939453,300,2,0.975,5229.080825805664,300,0,0.975,5052.988754272461,300,2,0.975,24882.114837646484,5149,1717,5144,5151,5149,5149,5149,5149,3.5714287757873535,3.4482758045196533,7.142857551574707,0,3.7037036418914795,0,11.111111640930176,3.5714287757873535,32353087488,8589930496,2745163776,0
199,1786320977121,999.9445648193359,16133.333333333334,2,0.3062499999999999,893.4506988525391,16133.333333333334,2,0.3062499999999999,5231.296630859375,16133.333333333334,0,0.3062499999999999,5053.123580932617,16133.333333333334,2,0.3062499999999999,24885.871322631836,5149,1717,5144,5151,5149,5149,5149,5149,4.761904716491699,0,4.545454502105713,0,0,9.523809432983398,80,5,32353087488,8589930496,3002945536,0
199,1786320977322,999.9598541259766,16533.333333333336,2,0.3062499999999999,893.4850921630859,16533.333333333336,2,0.3062499999999999,5234.233978271484,16533.333333333336,0,0.3062499999999999,5053.133224487305,16533.333333333336,2,0.3062499999999999,24890.048919677734,5149,1717,5144,5151,5149,5149,5149,5149,4.761904716491699,4.761904716491699,0,0,0,0,100,0,32353087488,8589930496,3002945536,0
199,1786320977522,999.9666442871094,15866.666666666666,2,0.3062499999999999,893.4944610595703,15866.666666666666,2,0.3062499999999999,5237.218444824219,15866.666666666666,0,0.3062499999999999,5053.141357421875,15866.666666666666,2,0.3062499999999999,24894.25062561035,5149,1717,5144,5151,5149,5149,5149,5149,0,0,0,0,0,0,100,0,32353087488,8589930496,3002945536,0
199,1786320977722,999.9733276367188,15866.666666666666,2,0.3062499999999999,893.5037841796875,15866.666666666666,2,0.3062499999999999,5240.204452514648,15866.666666666666,0,0.3062499999999999,5053.14892578125,15866.666666666666,2,0.3062499999999999,24898.471893310547,5149,1717,5144,5151,5149,5149,5149,5149,0,0,0,0,0,0,100,0,32353087488,8589930496,3002945536,0
199,1786320977922,999.9814758300781,15600,2,0.3125,893.514404296875,15600,2,0.3125,5243.199661254883,15600,0,0.3125,5053.15739440918,15600,2,0.3125,24902.67303466797,5149,1717,5144,5151,5149,5149,5149,5149,0,0,0,0,0,0,100,4.761904716491699,32353087488,8589930496,3002945536,0
199,1786320978122,999.9879455566406,15533.333333333334,2,0.3125,893.5229644775391,15533.333333333334,2,0.3125,5246.185943603516,15533.333333333334,0,0.3125,5053.164779663086,15533.333333333334,2,0.3125,24906.873306274414,5149,1717,5144,5151,5149,5149,5149,5149,0,0,0,0,0,0,100,0,32353087488,8589930496,3003146240,0
199,1786320978322,999.9947204589844,15666.666666666666,2,0.3125,893.5311584472656,15666.666666666666,2,0.3125,5249.168975830078,15666.666666666666,0,0.3125,5053.17268371582,15666.666666666666,2,0.3125,24911.072662353516,5149,1717,5144,5151,5149,5149,5149,5149,0,0,0,0,0,0,100,0,32353087488,8589930496,3003146240,0
199,1786320978522,1000.0021057128906,15800,2,0.3125,893.5401153564453,15800,2,0.3125,5252.146423339844,15800,0,0.3125,5053.181076049805,15733.333333333334,2,0.3125,24915.27178955078,5149,1717,5144,5151,5149,5149,5149,5149,0,0,0,0,0,0,100,0,32353087488,8589930496,3003375616,0
199,1786320978722,1000.0086517333984,15666.666666666666,2,0.3125,893.5493316650391,15666.666666666666,2,0.3125,5255.131591796875,15666.666666666666,0,0.3125,5053.188430786133,15666.666666666666,2,0.3125,24919.472579956055,5149,1717,5144,5151,5149,5149,5149,5149,0,0,0,0,0,0,100,0,32353087488,8589930496,3003375616,0
199,1786320978922,1000.0151519775391,15600,0,0.3125,893.5583343505859,15600,0,0.3125,5258.119827270508,15600,0,0.3125,5053.19596862793,15600,2,0.3125,24923.67303466797,5149,1717,5144,5151,5149,5149,5149,5149,0,0,0,0,0,0,100,0,32353087488,8589930496,3003375616,0
199,1786320979122,1000.0227355957031,15733.333333333334,2,0.31874999999999987,893.5700836181641,15733.333333333334,0,0.31874999999999987,5261.088882446289,15733.333333333334,0,0.31874999999999987,5053.203903198242,15733.333333333334,2,0.31874999999999987,24927.873107910156,5149,1717,5144,5151,5149,5149,5149,5149,4.761904716491699,0,0,4.761904716491699,0,0,100,0,32353087488,8589930496,3003375616,0
199,1786320979322,1000.0294036865234,15800,2,0.3125,893.5796051025391,15800,2,0.3125,5264.075576782227,15800,0,0.3125,5053.211715698242,15800,2,0.3125,24932.071853637695,5149,1717,5144,5151,5149,5149,5149,5149,0,0,0,0,0,0,100,0,32353087488,8589930496,3003375616,0
199,1786320979522,1000.0360717773438,15600,2,0.3062499999999999,893.5873870849609,15600,2,0.3062499999999999,5267.061477661133,15600,0,0.3062499999999999,5053.219390869141,15600,2,0.3062499999999999,24936.272994995117,5149,1717,5144,5151,5149,5149,5149,5149,0,0,0,0,0,0,100,0,32353087488,8589930496,3003375616,0
199,1786320979723,1000.0433197021484,15600,2,0.3125,893.5956726074219,15600,2,0.3125,5270.034103393555,15600,0,0.3125,5053.227142333984,15600,2,0.3125,24940.472854614258,5149,1717,5144,5151,5149,5149,5149,5149,0,0,0,0,0,0,100,0,32353087488,8589930496,3003375616,0
199,1786320979923,1000.0498199462891,15733.333333333334,2,0.3125,893.6056823730469,15733.333333333334,2,0.3125,5273.017379760742,15733.333333333334,0,0.3125,5053.234405517578,15733.333333333334,2,0.3125,24944.67236328125,5149,1717,5144,5151,5149,5149,5149,5149,0,4.761904716491699,0,0,4.761904716491699,0,100,0,32353087488,8589930496,3003375616,0
199,1786320980123,1000.056396484375,15800,2,0.3125,893.6142578125,15800,2,0.3125,5275.997146606445,15800,0,0.3125,5053.241592407227,15800,2,0.3125,24948.872268676758,5149,1717,5144,5151,5149,5149,5149,5149,0,0,0,0,0,0,100,0,32353087488,8589930496,3003375616,0
199,1786320980323,1000.0639190673828,16000,2,0.3062499999999999,893.6246337890625,16000,2,0.3062499999999999,5278.969284057617,16000,0,0.3062499999999999,5053.249984741211,16000,2,0.3062499999999999,24953.09213256836,5149,1717,5144,5151,5149,5149,5149,5149,0,0,0,0,0,0,100,0,32353087488,8589930496,3003375616,0
199,1786320980523,1000.0705718994141,15666.666666666666,2,0.3125,893.6326599121094,15666.666666666666,2,0.3125,5281.950424194336,15666.666666666666,0,0.3125,5053.257308959961,15666.666666666666,2,0.3125,24957.29396057129,5149,1717,5144,5151,5149,5149,5149,5149,0,0,0,0,0,0,100,0,32353087488,8589930496,3003375616,0
199,1786320980723,1000.0771026611328,15733.333333333334,2,0.3125,893.6395568847656,15733.333333333334,2,0.3125,5284.94499206543,15733.333333333334,0,0.3125,5053.264541625977,15733.333333333334,2,0.3125,24961.493423461914,5149,1717,5144,5151,5149,5149,5149,5149,0,0,0,0,0,0,100,0,32353087488,8589930496,3003375616,0
199,1786320980923,1000.0839233398438,15533.333333333334,2,0.31874999999999987,893.6494750976563,15533.333333333334,2,0.31874999999999987,5287.920593261719,15533.333333333334,0,0.31874999999999987,5053.273010253906,15533.333333333334,2,0.31874999999999987,24965.69450378418,5149,1717,5144,5151,5149,5149,5149,5149,0,0,0,0,0,0,100,0,32353087488,8589930496,3003375616,0
199,1786320981123,1000.0904846191406,15733.333333333334,2,0.3062499999999999,893.6582336425781,15733.333333333334,2,0.3062499999999999,5290.903579711914,15733.333333333334,0,0.3062499999999999,5053.280548095703,15733.333333333334,2,0.3125,24969.893844604492,5149,1717,5144,5151,5149,5149,5149,5149,0,0,0,0,0,0,100,0,32353087488,8589930496,3003375616,0
199,1786320981323,1000.0983734130859,15800,0,0.3125,893.6746063232422,15800,0,0.3125,5293.859405517578,15800,0,0.3125,5053.294021606445,15800,2,0.3125,24974.09326171875,5149,1717,5144,5151,5149,5149,5149,5149,0,4.761904716491699,0,5,0,0,100,0,32353087488,8589930496,3003375616,0
199,1786320981523,1000.1059112548828,15666.666666666666,0,0.3125,893.6815643310547,15666.666666666666,2,0.3125,5296.830795288086,15666.666666666666,0,0.3125,5053.303375244141,15666.666666666666,0,0.3125,24978.29393005371,5149,1717,5144,5151,5149,5149,5149,5149,0,0,0,0,4.761904716491699,0,100,0,32353087488,8589930496,3003375616,0
199,1786320981723,1000.1124877929688,15400,2,0.31874999999999987,893.687744140625,15400,2,0.31874999999999987,5299.811248779297,15400,0,0.31874999999999987,5053.314727783203,15400,0,0.31874999999999987,24982.495239257813,5149,1717,5144,5151,5149,5149,5149,5149,0,0,0,0,0,0,100,0,32353087488,8589930496,3003375616,0
199,1786320981923,1000.1189880371094,16133.333333333334,2,0.30000000000000004,893.6939086914063,16133.333333333334,2,0.30000000000000004,5302.790710449219,16133.333333333334,0,0.30000000000000004,5053.324615478516,16133.333333333334,2,0.30000000000000004,24986.690673828125,5149,1717,5144,5151,5149,5149,5149,5149,0,0,0,0,0,0,100,0,32353087488,8589930496,3003375616,0
199,1786320982124,1000.1260986328125,15533.333333333334,2,0.31874999999999987,893.7012481689453,15533.333333333334,2,0.31874999999999987,5305.761093139648,15533.333333333334,0,0.31874999999999987,5053.3349609375,15533.333333333334,2,0.31874999999999987,24990.894500732422,5149,1717,5144,5151,5149,5149,5149,5149,0,0,0,0,0,0,100,0,32353087488,8589930496,3003375616,0
199,1786320982324,1000.1327209472656,15600,2,0.3125,893.70751953125,15600,2,0.3125,5308.737594604492,15600,0,0.3125,5053.344375610352,15600,2,0.3125,24995.094177246094,5149,1717,5144,5151,5149,5149,5149,5149,0,0,0,5,4.761904716491699,0,100,0,32353087488,8589930496,3003375616,0
199,1786320982524,1000.1393432617188,15533.333333333334,2,0.3125,893.7138214111328,15533.333333333334,2,0.3125,5311.719528198242,15533.333333333334,0,0.3125,5053.354095458984,15533.333333333334,2,0.3125,24999.293869018555,5149,1717,5144,5151,5149,5149,5149,5149,0,0,0,0,0,0,100,0,32353087488,8589930496,3003375616,0
199,1786320982724,1000.1468811035156,15466.666666666666,2,0.3125,893.7206115722656,15466.666666666666,2,0.3125,5314.686965942383,15466.666666666666,0,0.3125,5053.3641357421875,15466.666666666666,2,0.3125,25003.494049072266,5149,1717,5144,5151,5149,5149,5149,5149,0,0,0,0,0,0,100,0,32353087488,8589930496,3003375616,0
199,1786320982924,1000.1537933349609,15866.666666666666,2,0.30000000000000004,893.7268676757813,15866.666666666666,2,0.30000000000000004,5317.662139892578,15866.666666666666,0,0.30000000000000004,5053.374969482422,15866.666666666666,2,0.30000000000000004,25007.692306518555,5149,1717,5144,5151,5149,5149,5149,5149,0,0,0,0,0,0,100,0,32353087488,8589930496,3003375616,0
199,1786320983124,1000.1602630615234,15466.666666666666,2,0.3125,893.7330780029297,15466.666666666666,2,0.3125,5320.651992797852,15466.666666666666,0,0.3125,5053.386215209961,15466.666666666666,2,0.3125,25011.91551208496,5149,1717,5144,5151,5149,5149,5149,5149,0,0,0,0,0,0,100,0,32353087488,8589930496,3003375616,0
199,1786320983324,1000.1675567626953,15533.333333333334,2,0.31874999999999987,893.73974609375,15533.333333333334,2,0.31874999999999987,5323.5953369140625,15533.333333333334,0,0.31874999999999987,5053.399520874023,15533.333333333334,2,0.31874999999999987,25016.09425354004,5149,1717,5144,5151,5149,5149,5149,5149,0,0,0,0,0,0,100,0,32353087488,8589930496,3003375616,0
200,1786320983524,1000.1742401123047,15600,2,0.31874999999999987,893.7464294433594,15600,2,0.31874999999999987,5326.564193725586,15600,0,0.31874999999999987,5053.406845092773,15600,2,0.31874999999999987,25020.294204711914,5149,1717,5144,5151,5149,5149,5149,5149,0,0,0,0,0,0,100,0,32353087488,8589930496,3003375616,0
199,1786320983724,1000.1806640625,15666.666666666666,2,0.31874999999999987,893.7528228759766,15666.666666666666,2,0.31874999999999987,5329.554885864258,15666.666666666666,0,0.31874999999999987,5053.414215087891,15666.666666666666,2,0.31874999999999987,25024.514541625977,5149,1717,5144,5151,5149,5149,5149,5149,0,0,0,0,0,0,100,0,32353087488,8589930496,3003375616,0
199,1786320983924,1000.1878356933594,15333.333333333334,2,0.31874999999999987,893.7599945068359,15333.333333333334,2,0.31874999999999987,5332.517639160156,15333.333333333334,0,0.31874999999999987,5053.426040649414,15333.333333333334,2,0.31874999999999987,25028.71612548828,5149,1717,5144,5151,5149,5149,5149,5149,4.761904716491699,0,0,0,0,0,100,0,32353087488,8589930496,3003375616,0
199,1786320984124,1000.1943664550781,15466.666666666666,2,0.3125,893.7676391601563,15466.666666666666,2,0.3125,5335.495346069336,15466.666666666666,0,0.3125,5053.432357788086,15466.666666666666,2,0.3125,25032.915252685547,5149,1717,5144,5151,5149,5149,5149,5149,0,0,0,0,0,0,100,0,32353087488,8589930496,3003375616,0
199,1786320984324,1000.2010345458984,15533.333333333334,2,0.3125,893.7749176025391,15533.333333333334,2,0.3125,5338.465713500977,15533.333333333334,0,0.3125,5053.439697265625,15533.333333333334,2,0.3125,25037.115020751953,5149,1717,5144,5151,5149,5149,5149,5149,0,0,0,0,0,0,100,0,32353087488,8589930496,3003371520,0
200,1786320984524,1000.2065124511719,13200,2,0.38749999999999996,893.7815246582031,13200,2,0.38749999999999996,5341.128768920898,13200,0,0.38749999999999996,5053.446182250977,13200,2,0.39375000000000004,25040.88621520996,5149,1717,5144,5151,5149,5149,5149,5149,0,0,0,0,0,0,100,0,32353087488,8589930496,3003371520,0
199,1786320984725,1000.2099151611328,12933.333333333334,2,0.3999999999999999,893.7857666015625,12933.333333333334,2,0.3999999999999999,5343.596588134766,12933.333333333334,0,0.3999999999999999,5053.450012207031,12933.333333333334,2,0.3999999999999999,25044.38656616211,5149,1717,5144,5151,5149,5149,5149,5149,0,0,0,0,0,0,100,0,32353087488,8589930496,3003371520,0
199,1786320984925,1000.2133026123047,12933.333333333334,2,0.3999999999999999,893.7911071777344,12933.333333333334,2,0.3999999999999999,5346.039627075195,12933.333333333334,0,0.3999999999999999,5053.453170776367,12933.333333333334,2,0.3999999999999999,25047.85386657715,5149,1717,5144,5151,5149,5149,5149,5149,0,0,0,0,0,0,100,0,32353087488,8589930496,3003371520,0
199,1786320985125,1000.2178802490234,12866.666666666666,2,0.40625,893.7959747314453,12866.666666666666,2,0.40625,5348.469573974609,12866.666666666666,0,0.40625,5053.458770751953,12866.666666666666,2,0.40625,25051.304641723633,5149,1717,5144,5151,5149,5149,5149,5149,0,0,0,0,0,0,100,0,32353087488,8589930496,3003371520,0
199,1786320985325,1000.2226715087891,13066.666666666666,2,0.3999999999999999,893.8023529052734,13066.666666666666,2,0.3999999999999999,5350.895370483398,13066.666666666666,0,0.3999999999999999,5053.46272277832,13066.666666666666,2,0.3999999999999999,25054.735565185547,5149,1717,5144,5151,5149,5149,5149,5149,0,0,0,0,0,0,100,0,32353087488,8589930496,3003375616,0
199,1786320985525,1000.2261199951172,12800,2,0.3999999999999999,893.8062133789063,12800,2,0.3999999999999999,5353.327056884766,12800,0,0.3999999999999999,5053.46647644043,12800,2,0.3999999999999999,25058.16831970215,5149,1717,5144,5151,5149,5149,5149,5149,0,0,0,0,0,0,100,0,32353087488,8589930496,3003375616,0
199,1786320985725,1000.2301025390625,12666.666666666668,2,0.4125000000000001,893.8104553222656,12666.666666666668,2,0.4125000000000001,5355.748306274414,12666.666666666668,0,0.4125000000000001,5053.4708251953125,12666.666666666668,2,0.4125000000000001,25061.606491088867,5149,1717,5144,5151,5149,5149,5149,5149,0,0,0,0,0,0,100,0,32353087488,8589930496,3003375616,0
199,1786320985925,1000.2334594726563,12666.666666666668,2,0.4125000000000001,893.8141784667969,12666.666666666668,2,0.4125000000000001,5358.16259765625,12666.666666666668,0,0.4125000000000001,5053.476379394531,12666.666666666668,2,0.4125000000000001,25065.019485473633,5149,1717,5144,5151,5149,5149,5149,5149,0,0,0,0,0,0,100,0,32353087488,8589930496,3003375616,0
199,1786320986125,1000.2368469238281,12666.666666666668,2,0.3999999999999999,893.8182373046875,12666.666666666668,2,0.3999999999999999,5360.574417114258,12666.666666666668,0,0.3999999999999999,5053.479827880859,12666.666666666668,2,0.3999999999999999,25068.429306030273,5149,1717,5144,5151,5149,5149,5149,5149,0,0,0,0,0,0,100,0,32353087488,8589930496,3003375616,0
199,1786320986325,1000.2412261962891,12533.333333333332,2,0.40625,893.8224487304688,12533.333333333332,2,0.40625,5362.976425170898,12533.333333333332,0,0.40625,5053.484451293945,12533.333333333332,2,0.40625,25071.839584350586,5149,1717,5144,5151,5149,5149,5149,5149,0,0,0,0,0,0,100,0,32353087488,8589930496,3003375616,0
199,1786320986525,1000.2447357177734,12733.333333333332,2,0.3999999999999999,893.8263092041016,12733.333333333332,2,0.3999999999999999,5365.381500244141,12733.333333333332,0,0.3999999999999999,5053.489212036133,12733.333333333332,2,0.3999999999999999,25075.239685058594,5149,1717,5144,5151,5149,5149,5149,5149,0,0,0,0,0,0,100,0,32353087488,8589930496,3003375616,0
199,1786320986725,1000.2481842041016,12666.666666666668,2,0.40625,893.830078125,12666.666666666668,2,0.40625,5367.794082641602,12600,0,0.40625,5053.493881225586,12600,0,0.40625,25078.64581298828,5149,1717,5144,5151,5149,5149,5149,5149,0,0,0,0,0,0,100,0,32353087488,8589930496,3003375616,0
199,1786320986925,1000.2521667480469,13000,2,0.3999999999999999,893.834228515625,13000,2,0.3999999999999999,5370.186019897461,13000,0,0.3999999999999999,5053.497894287109,13000,0,0.3999999999999999,25082.040435791016,5149,1717,5144,5151,5149,5149,5149,5149,0,0,0,0,0,0,100,0,32353087488,8589930496,3003375616,0
199,1786320987126,1000.2555389404297,12733.333333333332,2,0.40625,893.8383026123047,12733.333333333332,2,0.40625,5372.595993041992,12733.333333333332,0,0.40625,5053.50390625,12733.333333333332,0,0.40625,25085.448455810547,5149,1717,5144,5151,5149,5149,5149,5149,0,0,0,4.761904716491699,0,0,100,0,32353087488,8589930496,3003375616,0
199,1786320987326,1000.3075561523438,12466.666666666668,2,0.4125000000000001,893.8475341796875,12466.666666666668,2,0.4125000000000001,5374.954238891602,12466.666666666668,0,0.4125000000000001,5053.510498046875,12466.666666666668,2,0.4125000000000001,25088.854614257813,5149,1717,5144,5151,5149,5149,5149,5149,4.761904716491699,0,0,0,5,0,100,0,32353087488,8589930496,3003375616,0
199,1786320987526,1000.3117218017578,12666.666666666668,2,0.40625,893.8520050048828,12666.666666666668,2,0.40625,5377.34538269043,12666.666666666668,0,0.40625,5053.516326904297,12666.666666666668,2,0.40625,25092.247802734375,5149,1717,5144,5151,5149,5149,5149,5149,0,0,0,0,0,0,100,0,32353087488,8589930496,3003375616,0
199,1786320987726,1000.3153076171875,12666.666666666668,2,0.3999999999999999,893.8558807373047,12666.666666666668,2,0.3999999999999999,5379.750381469727,12666.666666666668,0,0.3999999999999999,5053.521453857422,12666.666666666668,2,0.3999999999999999,25095.648544311523,5149,1717,5144,5151,5149,5149,5149,5149,0,0,0,0,0,0,100,0,32353087488,8589930496,3003375616,0
199,1786320987926,1000.3185882568359,12533.333333333332,2,0.40625,893.8597106933594,12533.333333333332,2,0.40625,5382.156234741211,12533.333333333332,0,0.40625,5053.524963378906,12533.333333333332,2,0.40625,25099.051483154297,5149,1717,5144,5151,5149,5149,5149,5149,0,0,0,0,0,0,100,0,32353087488,8589930496,3003375616,0
199,1786320988126,1000.322021484375,12933.333333333334,2,0.3999999999999999,893.8635711669922,12933.333333333334,2,0.3999999999999999,5384.561416625977,12933.333333333334,0,0.3999999999999999,5053.52864074707,12933.333333333334,2,0.3999999999999999,25102.44142150879,5149,1717,5144,5151,5149,5149,5149,5149,0,0,0,0,0,0,100,0,32353087488,8589930496,3003375616,0
199,1786320988326,1000.3253631591797,12600,2,0.40625,893.8673706054688,12600,2,0.40625,5386.9759521484375,12600,0,0.40625,5053.533447265625,12600,2,0.40625,25105.866439819336,5149,1717,5144,5151,5149,5149,5149,5149,0,0,0,0,0,0,100,0,32353087488,8589930496,3003375616,0
199,1786320988526,1000.3288726806641,12666.666666666668,2,0.40625,893.8712463378906,12666.666666666668,2,0.40625,5389.388916015625,12666.666666666668,0,0.40625,5053.538436889648,12666.666666666668,2,0.40625,25109.264190673828,5149,1717,5144,5151,5149,5149,5149,5149,0,4.761904716491699,0,0,0,0,100,0,32353087488,8589930496,3003375616,0
199,1786320988726,1000.3323516845703,12600,2,0.3999999999999999,893.8750457763672,12600,2,0.3999999999999999,5391.794494628906,12600,0,0.3999999999999999,5053.543182373047,12600,2,0.3999999999999999,25112.663543701172,5149,1717,5144,5151,5149,5149,5149,5149,0,0,0,0,0,0,100,0,32353087488,8589930496,3003375616,0
199,1786320988926,1000.3357238769531,12600,2,0.40625,893.8788299560547,12600,2,0.40625,5394.196792602539,12600,0,0.40625,5053.547607421875,12600,2,0.40625,25116.063278198242,5149,1717,5144,5151,5149,5149,5149,5149,0,0,0,0,0,0,100,0,32353087488,8589930496,3003375616,0
199,1786320989126,1000.3390350341797,12733.333333333332,2,0.40625,893.8825836181641,12733.333333333332,2,0.40625,5396.597061157227,12733.333333333332,0,0.40625,5053.552139282227,12733.333333333332,2,0.40625,25119.45817565918,5149,1717,5144,5151,5149,5149,5149,5149,0,0,0,4.761904716491699,0,0,100,0,32353087488,8589930496,3003375616,0
199,1786320989327,1000.3449249267578,12400,0,0.4125000000000001,893.8923492431641,12400,2,0.4125000000000001,5398.980010986328,12400,0,0.4125000000000001,5053.569869995117,12400,0,0.4125000000000001,25122.865783691406,5149,1717,5144,5151,5149,5149,5149,5149,0,0,0,0,0,4.761904716491699,100,0,32353087488,8589930496,3003355136,0
199,1786320989527,1000.3485412597656,12466.666666666668,2,0.4125000000000001,893.8963012695313,12466.666666666668,2,0.4125000000000001,5401.372711181641,12466.666666666668,0,0.4125000000000001,5053.574859619141,12466.666666666668,0,0.4125000000000001,25126.26187133789,5149,1717,5144,5151,5149,5149,5149,5149,0,0,0,0,0,0,100,0,32353087488,8589930496,3003355136,0
199,1786320989727,1000.3520202636719,12600,2,0.40625,893.9000854492188,12600,2,0.40625,5403.770935058594,12600,0,0.40625,5053.579879760742,12600,2,0.40625,25129.656356811523,5149,1717,5144,5151,5149,5149,5149,5149,0,0,0,0,0,0,100,0,32353087488,8589930496,3003355136,0
199,1786320989927,1000.3554382324219,12533.333333333332,2,0.40625,893.9038391113281,12533.333333333332,2,0.40625,5406.166961669922,12533.333333333332,0,0.40625,5053.584930419922,12533.333333333332,2,0.40625,25133.05860900879,5149,1717,5144,5151,5149,5149,5149,5149,0,0,0,0,0,0,100,0,32353087488,8589930496,3003355136,0
199,1786320990127,1000.3587036132813,12666.666666666668,2,0.40625,893.9076538085938,12666.666666666668,2,0.40625,5408.568466186523,12666.666666666668,0,0.40625,5053.588439941406,12666.666666666668,2,0.40625,25136.453659057617,5149,1717,5144,5151,5149,5149,5149,5149,0,0,0,0,0,0,100,0,32353087488,8589930496,3003355136,0
199,1786320990327,1000.3621673583984,12733.333333333332,2,0.40625,893.9122009277344,12733.333333333332,2,0.40625,5410.968353271484,12733.333333333332,0,0.40625,5053.592300415039,12733.333333333332,2,0.40625,25139.85108947754,5149,1717,5144,5151,5149,5149,5149,5149,0,0,0,0,0,0,100,0,32353087488,8589930496,3003355136,0
199,1786320990527,1000.36572265625,12600,2,0.40625,893.9160003662109,12600,2,0.40625,5413.374572753906,12600,0,0.40625,5053.595748901367,12600,2,0.40625,25143.253875732422,5149,1717,5144,5151,5149,5149,5149,5149,0,0,0,0,0,0,100,0,32353087488,8589930496,3003355136,0
199,1786320990727,1000.3690948486328,12600,2,0.40625,893.9198760986328,12600,2,0.40625,5415.783309936523,12600,0,0.40625,5053.599166870117,12600,2,0.40625,25146.65249633789,5149,1717,5144,5151,5149,5149,5149,5149,0,0,0,0,0,0,100,0,32353087488,8589930496,3003355136,0
199,1786320990927,1000.3724517822266,13066.666666666666,2,0.3999999999999999,893.9236602783203,13066.666666666666,2,0.3999999999999999,5418.1759033203125,13066.666666666666,0,0.3999999999999999,5053.602523803711,13066.666666666666,2,0.3999999999999999,25150.039611816406,5149,1717,5144,5151,5149,5149,5149,5149,0,0,0,0,0,0,100,0,32353087488,8589930496,3003355136,0
199,1786320991127,1000.3757476806641,12400,2,0.4125000000000001,893.9274139404297,12400,2,0.4125000000000001,5420.595993041992,12400,0,0.4125000000000001,5053.608093261719,12400,2,0.4125000000000001,25153.472259521484,5149,1717,5144,5151,5149,5149,5149,5149,0,0,0,0,0,0,100,0,32353087488,8589930496,3003355136,0
199,1786320991327,1000.3795166015625,12533.333333333332,2,0.4125000000000001,893.9316101074219,12533.333333333332,2,0.4125000000000001,5422.998718261719,12533.333333333332,0,0.4125000000000001,5053.61247253418,12533.333333333332,2,0.4125000000000001,25156.868103027344,5149,1717,5144,5151,5149,5149,5149,5149,0,0,0,5,0,0,100,0,32353087488,8589930496,3003355136,0
199,1786320991527,1000.3831939697266,12733.333333333332,2,0.3999999999999999,893.935546875,12733.333333333332,2,0.3999999999999999,5425.403091430664,12733.333333333332,0,0.3999999999999999,5053.6182861328125,12733.333333333332,2,0.3999999999999999,25160.262313842773,5149,1717,5144,5151,5149,5149,5149,5149,0,0,0,0,0,0,100,0,32353087488,8589930496,3003355136,0
199,1786320991727,1000.3865814208984,12533.333333333332,2,0.40625,893.9393768310547,12533.333333333332,2,0.40625,5427.805236816406,12533.333333333332,0,0.40625,5053.623947143555,12533.333333333332,2,0.40625,25163.668090820313,5149,1717,5144,5151,5149,5149,5149,5149,0,0,0,0,0,0,100,0,32353087488,8589930496,3003355136,0
199,1786320991928,1000.3899993896484,12400,2,0.40625,893.9430999755859,12466.666666666668,2,0.40625,5430.203201293945,12466.666666666668,0,0.40625,5053.628646850586,12466.666666666668,0,0.40625,25167.068481445313,5149,1717,5144,5151,5149,5149,5149,5149,0,0,0,0,0,0,100,0,32353087488,8589930496,3003355136,0
199,1786320992128,1000.3933868408203,12466.666666666668,0,0.40625,893.9469757080078,12466.666666666668,2,0.40625,5432.600662231445,12466.666666666668,0,0.40625,5053.632110595703,12466.666666666668,0,0.40625,25170.466232299805,5149,1717,5144,5151,5149,5149,5149,5149,0,0,0,0,0,4.761904716491699,100,0,32353087488,8589930496,3003355136,0
199,1786320992328,1000.3967895507813,12600,2,0.40625,893.9514923095703,12600,2,0.40625,5434.990173339844,12600,0,0.40625,5053.636947631836,12600,2,0.40625,25173.86082458496,5149,1717,5144,5151,5149,5149,5149,5149,0,0,0,0,0,0,100,4.761904716491699,32353087488,8589930496,3003355136,0
199,1786320992528,1000.4002380371094,12600,2,0.40625,893.9552612304688,12600,2,0.40625,5437.391372680664,12600,0,0.40625,5053.6414794921875,12600,2,0.40625,25177.260452270508,5149,1717,5144,5151,5149,5149,5149,5149,0,0,0,0,0,0,100,0,32353087488,8589930496,3003355136,0
199,1786320992728,1000.4036254882813,12666.666666666668,2,0.40625,893.958984375,12666.666666666668,2,0.40625,5439.792953491211,12666.666666666668,0,0.40625,5053.645172119141,12666.666666666668,2,0.40625,25180.65756225586,5149,1717,5144,5151,5149,5149,5149,5149,0,0,0,0,0,0,100,0,32353087488,8589930496,3003355136,0
199,1786320992928,1000.4070129394531,12533.333333333332,2,0.40625,893.9627685546875,12533.333333333332,2,0.40625,5442.194183349609,12533.333333333332,0,0.40625,5053.648651123047,12533.333333333332,2,0.40625,25184.058532714844,5149,1717,5144,5151,5149,5149,5149,5149,0,0,0,0,0,0,100,0,32353087488,8589930496,3003355136,0
199,1786320993128,1000.4104309082031,12533.333333333332,2,0.40625,893.9665679931641,12533.333333333332,2,0.40625,5444.595596313477,12533.333333333332,0,0.40625,5053.652084350586,12533.333333333332,2,0.40625,25187.458740234375,5149,1717,5144,5151,5149,5149,5149,5149,0,0,0,0,0,0,100,0,32353087488,8589930496,3003355136,0
199,1786320993328,1000.4223480224609,12466.666666666668,2,0.40625,893.9719848632813,12466.666666666668,2,0.40625,5446.984115600586,12466.666666666668,0,0.40625,5053.656768798828,12466.666666666668,2,0.40625,25190.877182006836,5149,1717,5144,5151,5149,5149,5149,5149,0,0,0,0,0,0,100,0,32353087488,8589930496,3003355136,0
199,1786320993528,1000.4259338378906,12733.333333333332,2,0.3999999999999999,893.9750823974609,12733.333333333332,2,0.3999999999999999,5449.376129150391,12733.333333333332,0,0.3999999999999999,5053.662307739258,12733.333333333332,2,0.3999999999999999,25194.26837158203,5149,1717,5144,5151,5149,5149,5149,5149,0,0,0,0,0,0,100,0,32353087488,8589930496,3003355136,0
199,1786320993728,1000.4294586181641,12466.666666666668,2,0.40625,893.9781951904297,12466.666666666668,2,0.40625,5451.788192749023,12466.666666666668,0,0.40625,5053.6668701171875,12466.666666666668,2,0.40625,25197.674407958984,5149,1717,5144,5151,5149,5149,5149,5149,0,0,0,5,0,0,100,0,32353087488,8589930496,3003355136,0
199,1786320993928,1000.4330444335938,12466.666666666668,2,0.40625,893.9812927246094,12466.666666666668,2,0.40625,5454.185089111328,12466.666666666668,0,0.40625,5053.671340942383,12466.666666666668,2,0.40625,25201.0731048584,5149,1717,5144,5151,5149,5149,5149,5149,0,0,0,0,0,0,100,0,32353087488,8589930496,3003355136,0
199,1786320994129,1000.4365539550781,12600,2,0.4125000000000001,893.9844512939453,12600,2,0.4125000000000001,5456.585876464844,12600,0,0.4125000000000001,5053.675567626953,12600,2,0.4125000000000001,25204.468872070313,5149,1717,5144,5151,5149,5149,5149,5149,0,0,0,0,0,0,100,0,32353087488,8589930496,3003355136,0
199,1786320994329,1000.4399871826172,12600,2,0.40625,893.9881439208984,12600,2,0.40625,5458.983901977539,12600,0,0.40625,5053.681304931641,12600,0,0.40625,25207.867095947266,5149,1717,5144,5151,5149,5149,5149,5149,0,0,0,0,0,0,100,0,32353087488,8589930496,3003355136,0
199,1786320994529,1000.4434814453125,12533.333333333332,0,0.40625,893.9912872314453,12533.333333333332,0,0.40625,5461.385345458984,12533.333333333332,0,0.40625,5053.685623168945,12533.333333333332,0,0.40625,25211.267944335938,5149,1717,5144,5151,5149,5149,5149,5149,0,0,0,0,0,0,100,0,32353087488,8589930496,3003355136,0
199,1786320994729,1000.4500122070313,12533.333333333332,2,0.40625,893.9944000244141,12533.333333333332,2,0.40625,5463.785171508789,12533.333333333332,0,0.40625,5053.690414428711,12533.333333333332,2,0.40625,25214.667877197266,5149,1717,5144,5151,5149,5149,5149,5149,0,0,0,0,0,0,100,0,32353087488,8589930496,3003355136,0
199,1786320994929,1000.4557495117188,12533.333333333332,2,0.40625,893.9974975585938,12533.333333333332,2,0.40625,5466.183349609375,12533.333333333332,0,0.40625,5053.694366455078,12533.333333333332,2,0.40625,25218.066345214844,5149,1717,5144,5151,5149,5149,5149,5149,0,0,0,0,0,0,100,0,32353087488,8589930496,3003355136,0
199,1786320995129,1000.4595947265625,12600,2,0.40625,894.0005950927734,12600,2,0.40625,5468.583465576172,12600,0,0.40625,5053.698318481445,12600,2,0.40625,25221.463775634766,5149,1717,5144,5151,5149,5149,5149,5149,0,0,0,0,0,0,100,0,32353087488,8589930496,3003355136,0
199,1786320995329,1000.4632110595703,12600,2,0.40625,894.0039520263672,12600,2,0.40625,5470.985992431641,12600,0,0.40625,5053.703338623047,12600,2,0.40625,25224.862258911133,5149,1717,5144,5151,5149,5149,5149,5149,0,0,4.761904716491699,0,0,0,100,0,32353087488,8589930496,3003355136,0
199,1786320995529,1000.4676971435547,12600,2,0.40625,894.0071563720703,12600,2,0.40625,5473.38493347168,12600,0,0.40625,5053.708969116211,12600,2,0.40625,25228.26171875,5149,1717,5144,5151,5149,5149,5149,5149,0,0,0,0,0,0,100,0,32353087488,8589930496,3003355136,0
199,1786320995729,1000.4722290039063,12600,2,0.40625,894.0102996826172,12600,2,0.40625,5475.784591674805,12600,0,0.40625,5053.712966918945,12600,2,0.40625,25231.660446166992,5149,1717,5144,5151,5149,5149,5149,5149,0,0,0,0,0,0,100,0,32353087488,8589930496,3003355136,0
199,1786320995929,1000.4764862060547,12600,2,0.40625,894.013427734375,12600,2,0.40625,5478.187927246094,12600,0,0.40625,5053.717041015625,12600,2,0.40625,25235.076049804688,5149,1717,5144,5151,5149,5149,5149,5149,0,0,0,0,0,0,100,0,32353087488,8589930496,3003355136,0
199,1786320996129,1000.4800872802734,12533.333333333332,2,0.40625,894.0166015625,12533.333333333332,2,0.40625,5480.586883544922,12533.333333333332,0,0.40625,5053.722015380859,12533.333333333332,2,0.40625,25238.475646972656,5149,1717,5144,5151,5149,5149,5149,5149,0,0,0,0,0,0,100,0,32353087488,8589930496,3003355136,0
200,1786320996329,1000.4836883544922,12333.333333333332,2,0.40625,894.0202026367188,12333.333333333332,0,0.40625,5482.987091064453,12333.333333333332,0,0.40625,5053.728302001953,12333.333333333332,0,0.40625,25241.861114501953,5149,1717,5144,5151,5149,5149,5149,5149,0,0,0,0,0,0,100,0,32353087488,8589930496,3003355136,0
199,1786320996529,1000.4884338378906,12466.666666666668,2,0.40625,894.0242156982422,12466.666666666668,2,0.40625,5485.394760131836,12466.666666666668,0,0.40625,5053.7353515625,12466.666666666668,2,0.40625,25245.276977539063,5149,1717,5144,5151,5149,5149,5149,5149,0,0,0,2.5,0,0,100,0,32353087488,8589930496,3003355136,0
199,1786320996730,1000.4918823242188,12600,2,0.40625,894.0280303955078,12600,2,0.40625,5487.790176391602,12600,0,0.40625,5053.738815307617,12600,2,0.40625,25248.671615600586,5149,1717,5144,5151,5149,5149,5149,5149,0,0,0,0,0,0,100,0,32353087488,8589930496,3003355136,0
199,1786320996930,1000.4953155517578,12533.333333333332,2,0.40625,894.0318145751953,12533.333333333332,2,0.40625,5490.193023681641,12533.333333333332,0,0.40625,5053.743469238281,12533.333333333332,2,0.40625,25252.07273864746,5149,1717,5144,5151,5149,5149,5149,5149,0,0,0,0,0,0,100,0,32353087488,8589930496,3003355136,0
199,1786320997130,1000.4986724853516,12466.666666666668,2,0.40625,894.0355987548828,12466.666666666668,2,0.40625,5492.59455871582,12466.666666666668,0,0.40625,5053.748550415039,12400,0,0.40625,25255.473739624023,5149,1717,5144,5151,5149,5149,5149,5149,0,0,0,0,0,0,100,0,32353087488,8589930496,3003355136,0
200,1786320997330,1000.6419067382813,300,0,0.26875000000000004,894.18359375,300,0,0.26875000000000004,5494.454254150391,300,0,0.26875000000000004,5053.890396118164,300,0,0.26875000000000004,25258.73468017578,5149,1717,5144,5151,5149,5149,5149,5149,0,0,0,0,0,0,100,0,32353087488,8589930496,2797817856,0
199,1786320997530,1000.6767730712891,12333.333333333332,0,0.4125000000000001,894.2088928222656,12333.333333333332,2,0.4125000000000001,5496.84846496582,12333.333333333332,0,0.4125000000000001,5053.933120727539,12333.333333333332,2,0.4125000000000001,25262.293670654297,5149,1717,5144,5151,5149,5149,5149,5149,0,5,2.5,0,2.5,0,90.243896484375,2.5,32353087488,8589930496,2996060160,0
199,1786320997730,1000.6832580566406,12666.666666666668,0,0.3999999999999999,894.2120361328125,12666.666666666668,2,0.3999999999999999,5499.252090454102,12666.666666666668,0,0.3999999999999999,5053.937774658203,12666.666666666668,2,0.3999999999999999,25265.680252075195,5149,1717,5144,5151,5149,5149,5149,5149,0,0,0,0,0,0,100,0,32353087488,8589930496,2996060160,0
199,1786320997930,1000.6893310546875,12666.666666666668,2,0.3999999999999999,894.2154693603516,12666.666666666668,2,0.3999999999999999,5501.66716003418,12666.666666666668,0,0.3999999999999999,5053.942764282227,12666.666666666668,2,0.3999999999999999,25269.078170776367,5149,1717,5144,5151,5149,5149,5149,5149,0,0,0,4.761904716491699,0,0,100,0,32353087488,8589930496,2996060160,0
199,1786320998130,1000.6931457519531,12800,2,0.40625,894.2186584472656,12800,2,0.40625,5504.077499389648,12800,0,0.40625,5053.947341918945,12800,2,0.40625,25272.47103881836,5149,1717,5144,5151,5149,5149,5149,5149,0,0,0,0,0,0,100,0,32353087488,8589930496,2996293632,0
199,1786320998330,1000.6969299316406,12666.666666666668,2,0.3999999999999999,894.2220153808594,12666.666666666668,2,0.3999999999999999,5506.492111206055,12666.666666666668,0,0.3999999999999999,5053.952529907227,12666.666666666668,2,0.3999999999999999,25275.87335205078,5149,1717,5144,5151,5149,5149,5149,5149,0,0,0,4.761904716491699,0,0,100,0,32353087488,8589930496,2996293632,0
199,1786320998530,1000.7010040283203,12600,2,0.40625,894.2254028320313,12600,2,0.40625,5508.900115966797,12600,0,0.40625,5053.957061767578,12600,2,0.40625,25279.271881103516,5149,1717,5144,5151,5149,5149,5149,5149,0,0,0,0,0,0,100,0,32353087488,8589930496,2996293632,0
199,1786320998730,1000.7061920166016,12600,2,0.40625,894.2285308837891,12600,2,0.40625,5511.319885253906,12600,0,0.40625,5053.961349487305,12600,2,0.40625,25282.686431884766,5149,1717,5144,5151,5149,5149,5149,5149,0,0,0,0,0,0,100,0,32353087488,8589930496,2996563968,0
199,1786320998930,1000.7097320556641,12866.666666666666,2,0.3999999999999999,894.2317810058594,12866.666666666666,2,0.3999999999999999,5513.723480224609,12866.666666666666,0,0.3999999999999999,5053.966003417969,12866.666666666666,2,0.3999999999999999,25286.079513549805,5149,1717,5144,5151,5149,5149,5149,5149,4.761904716491699,0,0,0,0,0,100,0,32353087488,8589930496,2996563968,0
199,1786320999130,1000.713134765625,12666.666666666668,2,0.3999999999999999,894.2349853515625,12666.666666666668,2,0.3999999999999999,5516.1339111328125,12666.666666666668,0,0.3999999999999999,5053.972747802734,12666.666666666668,2,0.3999999999999999,25289.481353759766,5149,1717,5144,5151,5149,5149,5149,5149,0,0,0,0,0,0,100,0,32353087488,8589930496,2996563968,0
199,1786320999331,1000.7170104980469,12533.333333333332,2,0.40625,894.2384033203125,12533.333333333332,2,0.40625,5518.505081176758,12533.333333333332,0,0.40625,5054.026306152344,12533.333333333332,2,0.40625,25292.88250732422,5149,1717,5144,5151,5149,5149,5149,5149,0,0,0,0,0,0,100,5.263157844543457,32353087488,8589930496,2996563968,0
199,1786320999531,1000.7206878662109,12600,2,0.40625,894.2423095703125,12600,2,0.40625,5520.908172607422,12600,0,0.40625,5054.033584594727,12600,2,0.40625,25296.279098510742,5149,1717,5144,5151,5149,5149,5149,5149,0,0,0,0,0,0,100,0,32353087488,8589930496,2996563968,0
199,1786320999731,1000.7242889404297,12600,2,0.40625,894.2456970214844,12600,2,0.40625,5523.311828613281,12600,0,0.40625,5054.038803100586,12600,0,0.40625,25299.6787109375,5149,1717,5144,5151,5149,5149,5149,5149,0,0,0,0,0,0,100,0,32353087488,8589930496,2996563968,0
199,1786320999931,1000.7276306152344,12666.666666666668,2,0.40625,894.248779296875,12666.666666666668,2,0.40625,5525.720016479492,12666.666666666668,0,0.40625,5054.043533325195,12666.666666666668,0,0.40625,25303.076858520508,5149,1717,5144,5151,5149,5149,5149,5149,0,0,0,0,0,0,100,0,32353087488,8589930496,2996563968,0
199,1786321000131,1000.7309417724609,12600,0,0.40625,894.2524108886719,12600,2,0.40625,5528.133544921875,12600,0,0.40625,5054.0484619140625,12600,0,0.40625,25306.47673034668,5149,1717,5144,5151,5149,5149,5149,5149,0,0,0,0,0,0,100,0,32353087488,8589930496,2996563968,0
199,1786321000331,1000.7353210449219,12600,2,0.40625,894.2561340332031,12600,2,0.40625,5530.536895751953,12600,0,0.40625,5054.058441162109,12600,0,0.40625,25309.87677001953,5149,1717,5144,5151,5149,5149,5149,5149,0,0,0,0,0,0,100,0,32353087488,8589930496,2996563968,0
199,1786321000531,1000.73876953125,12666.666666666668,2,0.3999999999999999,894.2599334716797,12666.666666666668,2,0.3999999999999999,5532.944641113281,12666.666666666668,0,0.3999999999999999,5054.063293457031,12666.666666666668,2,0.3999999999999999,25313.272567749023,5149,1717,5144,5151,5149,5149,5149,5149,0,0,0,0,0,0,100,0,32353087488,8589930496,2996563968,0
199,1786321000731,1000.7428436279297,12666.666666666668,2,0.40625,894.2631378173828,12666.666666666668,2,0.40625,5535.358383178711,12666.666666666668,0,0.40625,5054.069122314453,12666.666666666668,2,0.40625,25316.671661376953,5149,1717,5144,5151,5149,5149,5149,5149,0,0,0,0,0,0,100,0,32353087488,8589930496,2996563968,0
199,1786321000931,1000.7467803955078,12600,2,0.40625,894.2662353515625,12600,2,0.40625,5537.773849487305,12600,0,0.40625,5054.07389831543,12600,2,0.40625,25320.072952270508,5149,1717,5144,5151,5149,5149,5149,5149,0,0,0,0,0,0,100,0,32353087488,8589930496,2996563968,0
199,1786321001131,1000.7508087158203,12800,2,0.40625,894.2694549560547,12800,2,0.40625,5540.185653686523,12800,0,0.40625,5054.078384399414,12800,2,0.40625,25323.466720581055,5149,1717,5144,5151,5149,5149,5149,5149,0,0,0,0,0,0,100,0,32353087488,8589930496,2996563968,0
199,1786321001331,1000.7564392089844,12600,2,0.4125000000000001,894.2734375,12600,2,0.4125000000000001,5542.589172363281,12600,0,0.4125000000000001,5054.086517333984,12600,2,0.4125000000000001,25326.887649536133,5149,1717,5144,5151,5149,5149,5149,5149,0,0,0,0,0,0,100,0,32353087488,8589930496,2996563968,0
199,1786321001532,1000.7606353759766,12600,2,0.40625,894.2772216796875,12600,2,0.40625,5545.004409790039,12600,0,0.40625,5054.090591430664,12600,2,0.40625,25330.287109375,5149,1717,5144,5151,5149,5149,5149,5149,0,0,0,0,0,0,100,0,32353087488,8589930496,2996563968,0
200,1786321001732,1000.7646789550781,12600,2,0.40625,894.2804565429688,12600,2,0.40625,5547.412261962891,12600,0,0.40625,5054.096710205078,12600,2,0.40625,25333.68603515625,5149,1717,5144,5151,5149,5149,5149,5149,0,0,0,4.761904716491699,0,0,100,0,32353087488,8589930496,2996563968,0
199,1786321001932,1000.7688751220703,12533.333333333332,2,0.4125000000000001,894.2836761474609,12533.333333333332,2,0.4125000000000001,5549.826309204102,12533.333333333332,0,0.4125000000000001,5054.100433349609,12533.333333333332,2,0.4125000000000001,25337.08546447754,5149,1717,5144,5151,5149,5149,5149,5149,0,0,0,0,4.761904716491699,0,100,0,32353087488,8589930496,2996563968,0
199,1786321002132,1000.7756805419922,12600,2,0.40625,894.2867736816406,12600,2,0.40625,5552.234893798828,12600,0,0.40625,5054.103652954102,12600,2,0.40625,25340.48324584961,5149,1717,5144,5151,5149,5149,5149,5149,0,0,0,0,0,0,100,0,32353087488,8589930496,2996563968,0
199,1786321002332,1000.7828063964844,12600,2,0.4125000000000001,894.2903594970703,12600,2,0.4125000000000001,5554.641906738281,12600,0,0.40625,5054.1075439453125,12600,0,0.40625,25343.880737304688,5149,1717,5144,5151,5149,5149,5149,5149,0,0,0,0,0,0,100,0,32353087488,8589930496,2996563968,0
199,1786321002532,1000.7890930175781,12600,2,0.40625,894.2941741943359,12600,2,0.40625,5557.047637939453,12600,0,0.40625,5054.11164855957,12733.333333333332,2,0.40625,25347.27980041504,5149,1717,5144,5151,5149,5149,5149,5149,0,0,0,0,0,0,100,0,32353087488,8589930496,2996563968,0
199,1786321002732,1000.7951354980469,12600,0,0.40625,894.2974395751953,12600,2,0.40625,5559.4603271484375,12600,0,0.40625,5054.115447998047,12600,0,0.40625,25350.679077148438,5149,1717,5144,5151,5149,5149,5149,5149,0,0,0,0,0,0,100,0,32353087488,8589930496,2996563968,0
199,1786321002932,1000.801025390625,12533.333333333332,2,0.4125000000000001,894.3006286621094,12533.333333333332,2,0.4125000000000001,5561.871231079102,12533.333333333332,0,0.4125000000000001,5054.118881225586,12533.333333333332,2,0.4125000000000001,25354.080276489258,5149,1717,5144,5151,5149,5149,5149,5149,0,0,0,0,0,0,100,0,32353087488,8589930496,2996563968,0
199,1786321003132,1000.8067474365234,12466.666666666668,2,0.4125000000000001,894.3039855957031,12466.666666666668,2,0.4125000000000001,5564.277114868164,12466.666666666668,0,0.4125000000000001,5054.122055053711,12466.666666666668,2,0.4125000000000001,25357.479370117188,5149,1717,5144,5151,5149,5149,5149,5149,0,0,0,0,0,0,100,0,32353087488,8589930496,2996563968,0
199,1786321003332,1000.8114013671875,12600,2,0.40625,894.3072357177734,12600,2,0.40625,5566.682189941406,12600,0,0.40625,5054.1258544921875,12600,2,0.40625,25360.87515258789,5149,1717,5144,5151,5149,5149,5149,5149,0,0,0,0,0,0,100,0,32353087488,8589930496,2996563968,0
199,1786321003532,1000.8156890869141,12600,2,0.40625,894.3106842041016,12600,2,0.40625,5569.088760375977,12600,0,0.40625,5054.130065917969,12600,2,0.40625,25364.27345275879,5149,1717,5144,5151,5149,5149,5149,5149,0,0,0,0,0,0,100,0,32353087488,8589930496,2996563968,0
199,1786321003732,1000.8196716308594,12533.333333333332,2,0.40625,894.3140411376953,12533.333333333332,2,0.40625,5571.492370605469,12533.333333333332,0,0.40625,5054.135757446289,12533.333333333332,2,0.40625,25367.672592163086,5149,1717,5144,5151,5149,5149,5149,5149,0,0,0,0,0,0,100,0,32353087488,8589930496,2996563968,0
199,1786321003933,1000.8236083984375,12533.333333333332,2,0.40625,894.3172454833984,12533.333333333332,2,0.40625,5573.900665283203,12533.333333333332,0,0.40625,5054.140197753906,12533.333333333332,2,0.40625,25371.072677612305,5149,1717,5144,5151,5149,5149,5149,5149,0,0,0,0,0,0,100,0,32353087488,8589930496,2996563968,0
199,1786321004133,1000.8276214599609,12466.666666666668,2,0.40625,894.3205108642578,12466.666666666668,2,0.40625,5576.321380615234,12466.666666666668,0,0.40625,5054.144943237305,12466.666666666668,2,0.40625,25374.490524291992,5149,1717,5144,5151,5149,5149,5149,5149,0,0,0,0,0,0,100,0,32353087488,8589930496,2996563968,0
199,1786321004333,1000.8317108154297,12400,2,0.4125000000000001,894.3261871337891,12400,2,0.4125000000000001,5578.721969604492,12400,0,0.4125000000000001,5054.1485595703125,12400,2,0.4125000000000001,25377.890853881836,5149,1717,5144,5151,5149,5149,5149,5149,0,0,0,0,0,0,100,0,32353087488,8589930496,2996563968,0
199,1786321004533,1000.8355560302734,12533.333333333332,2,0.40625,894.3323364257813,12533.333333333332,2,0.40625,5581.11962890625,12533.333333333332,0,0.40625,5054.152191162109,12533.333333333332,2,0.40625,25381.28582763672,5149,1717,5144,5151,5149,5149,5149,5149,0,0,0,0,0,0,100,0,32353087488,8589930496,2996563968,0
199,1786321004733,1000.8395080566406,12400,2,0.4125000000000001,894.3372650146484,12400,2,0.4125000000000001,5583.521438598633,12400,0,0.4125000000000001,5054.155563354492,12400,2,0.4125000000000001,25384.6876373291,5149,1717,5144,5151,5149,5149,5149,5149,0,0,0,0,0,0,100,0,32353087488,8589930496,2996563968,0
199,1786321004933,1000.8433837890625,12533.333333333332,2,0.40625,894.3422393798828,12533.333333333332,2,0.40625,5585.921813964844,12533.333333333332,0,0.40625,5054.158874511719,12533.333333333332,2,0.40625,25388.083587646484,5149,1717,5144,5151,5149,5149,5149,5149,0,0,0,0,0,0,100,0,32353087488,8589930496,2996563968,0
199,1786321005133,1000.8472747802734,12466.666666666668,2,0.40625,894.3456726074219,12466.666666666668,2,0.40625,5588.327362060547,12533.333333333332,0,0.40625,5054.162170410156,12533.333333333332,0,0.40625,25391.48323059082,5149,1717,5144,5151,5149,5149,5149,5149,0,0,0,0,0,0,100,0,32353087488,8589930496,2996563968,0
199,1786321005333,1000.8520202636719,12400,2,0.40625,894.3510437011719,12400,0,0.40625,5590.715866088867,12400,0,0.40625,5054.183807373047,12400,2,0.40625,25394.883010864258,5149,1717,5144,5151,5149,5149,5149,5149,4.761904716491699,0,0,0,4.761904716491699,0,100,0,32353087488,8589930496,2996563968,0
199,1786321005533,1000.85595703125,12400,2,0.40625,894.3545379638672,12400,2,0.40625,5593.118850708008,12400,0,0.40625,5054.187301635742,12400,2,0.40625,25398.282165527344,5149,1717,5144,5151,5149,5149,5149,5149,0,0,0,0,0,0,100,0,32353087488,8589930496,2996563968,0
199,1786321005733,1000.8598785400391,12533.333333333332,2,0.40625,894.3582763671875,12533.333333333332,2,0.40625,5595.519668579102,12533.333333333332,0,0.40625,5054.190826416016,12533.333333333332,2,0.40625,25401.679290771484,5149,1717,5144,5151,5149,5149,5149,5149,0,0,0,0,0,0,100,0,32353087488,8589930496,2996563968,0
199,1786321005933,1000.8638458251953,12400,2,0.40625,894.3616180419922,12400,2,0.40625,5597.927032470703,12400,0,0.40625,5054.19596862793,12400,2,0.40625,25405.081741333008,5149,1717,5144,5151,5149,5149,5149,5149,0,4.761904716491699,0,0,0,0,100,0,32353087488,8589930496,2996563968,0
199,1786321006133,1000.8677825927734,12533.333333333332,2,0.4125000000000001,894.3647155761719,12533.333333333332,2,0.4125000000000001,5600.325241088867,12533.333333333332,0,0.4125000000000001,5054.199951171875,12533.333333333332,2,0.4125000000000001,25408.477462768555,5149,1717,5144,5151,5149,5149,5149,5149,0,0,0,4.761904716491699,0,0,100,0,32353087488,8589930496,2996563968,0
199,1786321006334,1000.8717651367188,12600,2,0.40625,894.3679351806641,12600,2,0.40625,5602.731536865234,12600,0,0.40625,5054.205169677734,12600,2,0.40625,25411.874755859375,5149,1717,5144,5151,5149,5149,5149,5149,0,0,0,0,0,0,100,0,32353087488,8589930496,2996563968,0
199,1786321006534,1000.8756561279297,12733.333333333332,2,0.3999999999999999,894.3711242675781,12733.333333333332,2,0.3999999999999999,5605.135192871094,12733.333333333332,0,0.3999999999999999,5054.2100830078125,12733.333333333332,2,0.3999999999999999,25415.286178588867,5149,1717,5144,5151,5149,5149,5149,5149,0,0,0,0,0,0,100,0,32353087488,8589930496,2996563968,0
199,1786321006734,1000.8796844482422,12600,2,0.4125000000000001,894.3752746582031,12600,2,0.4125000000000001,5607.547317504883,12600,0,0.4125000000000001,5054.214172363281,12600,2,0.4125000000000001,25418.690551757813,5149,1717,5144,5151,5149,5149,5149,5149,0,0,0,0,0,0,100,0,32353087488,8589930496,2996563968,0
199,1786321006934,1000.8836517333984,12466.666666666668,2,0.40625,894.3800659179688,12466.666666666668,2,0.40625,5609.966522216797,12466.666666666668,0,0.40625,5054.217727661133,12466.666666666668,2,0.40625,25422.092666625977,5149,1717,5144,5151,5149,5149,5149,5149,0,0,0,0,0,0,100,0,32353087488,8589930496,2996563968,0
199,1786321007134,1000.8874969482422,12666.666666666668,2,0.3999999999999999,894.3843688964844,12666.666666666668,2,0.3999999999999999,5612.370162963867,12666.666666666668,0,0.3999999999999999,5054.221298217773,12666.666666666668,2,0.3999999999999999,25425.485946655273,5149,1717,5144,5151,5149,5149,5149,5149,0,0,0,0,0,0,100,0,32353087488,8589930496,2996563968,0
199,1786321007334,1000.8914947509766,12533.333333333332,2,0.4125000000000001,894.3878936767578,12533.333333333332,2,0.4125000000000001,5614.779083251953,12533.333333333332,0,0.4125000000000001,5054.226226806641,12533.333333333332,2,0.4125000000000001,25428.888229370117,5149,1717,5144,5151,5149,5149,5149,5149,0,0,0,0,0,0,100,0,32353087488,8589930496,2994470912,0
199,1786321007534,1000.8955383300781,12400,2,0.4125000000000001,894.3914031982422,12400,2,0.4125000000000001,5617.184097290039,12400,0,0.4125000000000001,5054.230270385742,12400,2,0.4125000000000001,25432.290481567383,5149,1717,5144,5151,5149,5149,5149,5149,0,0,0,0,0,0,100,0,32353087488,8589930496,2994470912,0
199,1786321007734,1000.8995666503906,12466.666666666668,2,0.40625,894.3972473144531,12466.666666666668,0,0.40625,5619.588317871094,12466.666666666668,0,0.40625,5054.235015869141,12466.666666666668,0,0.40625,25435.686782836914,5149,1717,5144,5151,5149,5149,5149,5149,0,0,0,0,0,0,100,0,32353087488,8589930496,2994257920,0
199,1786321007934,1000.9034576416016,12533.333333333332,2,0.40625,894.4016265869141,12533.333333333332,2,0.40625,5621.993804931641,12533.333333333332,0,0.40625,5054.239791870117,12533.333333333332,0,0.40625,25439.084732055664,5149,1717,5144,5151,5149,5149,5149,5149,0,0,0,0,0,0,100,0,32353087488,8589930496,2994257920,0
199,1786321008134,1000.9073791503906,12333.333333333332,2,0.4125000000000001,894.4047698974609,12333.333333333332,2,0.4125000000000001,5624.401473999023,12333.333333333332,0,0.4125000000000001,5054.244873046875,12333.333333333332,2,0.4125000000000001,25442.48829650879,5149,1717,5144,5151,5149,5149,5149,5149,0,0,0,0,0,0,100,0,32353087488,8589930496,2994257920,0
199,1786321008334,1000.9113464355469,12466.666666666668,2,0.4125000000000001,894.4079132080078,12466.666666666668,2,0.4125000000000001,5626.801345825195,12466.666666666668,0,0.4125000000000001,5054.2491455078125,12466.666666666668,2,0.4125000000000001,25445.88348388672,5149,1717,5144,5151,5149,5149,5149,5149,0,0,0,0,0,0,100,5,32353087488,8589930496,2994257920,0
199,1786321008534,1000.9153289794922,12600,2,0.40625,894.4110870361328,12600,2,0.40625,5629.204544067383,12600,0,0.40625,5054.254165649414,12600,2,0.40625,25449.279190063477,5149,1717,5144,5151,5149,5149,5149,5149,0,0,0,0,0,0,100,0,32353087488,8589930496,2994257920,0
199,1786321008735,1000.9193725585938,12600,2,0.40625,894.4142150878906,12600,2,0.40625,5631.614242553711,12600,0,0.40625,5054.259704589844,12600,2,0.40625,25452.678115844727,5149,1717,5144,5151,5149,5149,5149,5149,0,0,0,0,0,0,100,4.761904716491699,32353087488,8589930496,2994257920,0
199,1786321008935,1000.9234008789063,12533.333333333332,2,0.40625,894.4175262451172,12533.333333333332,2,0.40625,5634.01545715332,12533.333333333332,0,0.40625,5054.264099121094,12533.333333333332,2,0.40625,25456.078903198242,5149,1717,5144,5151,5149,5149,5149,5149,0,0,0,0,0,0,100,0,32353087488,8589930496,2994257920,0
199,1786321009135,1000.9273681640625,12400,2,0.4125000000000001,894.420654296875,12400,2,0.4125000000000001,5636.432968139648,12400,0,0.4125000000000001,5054.2701416015625,12400,2,0.4125000000000001,25459.49740600586,5149,1717,5144,5151,5149,5149,5149,5149,0,0,0,0,0,0,100,0,32353087488,8589930496,2994257920,0
199,1786321009335,1000.9318389892578,12466.666666666668,2,0.4125000000000001,894.4247589111328,12466.666666666668,2,0.4125000000000001,5638.834625244141,12466.666666666668,0,0.4125000000000001,5054.277282714844,12466.666666666668,2,0.4125000000000001,25462.894302368164,5149,1717,5144,5151,5149,5149,5149,5149,0,0,0,0,0,0,100,0,32353087488,8589930496,2994257920,0
199,1786321009535,1000.9358215332031,12400,2,0.4125000000000001,894.4279022216797,12400,2,0.4125000000000001,5641.241592407227,12400,0,0.4125000000000001,5054.283950805664,12400,2,0.4125000000000001,25466.2950592041,5149,1717,5144,5151,5149,5149,5149,5149,0,0,0,0,0,0,100,0,32353087488,8589930496,2994257920,0
199,1786321009735,1000.9398345947266,12333.333333333332,2,0.4125000000000001,894.431396484375,12333.333333333332,2,0.4125000000000001,5643.646392822266,12333.333333333332,0,0.4125000000000001,5054.289321899414,12333.333333333332,2,0.4125000000000001,25469.695251464844,5149,1717,5144,5151,5149,5149,5149,5149,0,0,0,0,0,0,100,0,32353087488,8589930496,2994257920,0
199,1786321009935,1000.9437866210938,12466.666666666668,2,0.40625,894.4345703125,12466.666666666668,2,0.40625,5646.048034667969,12466.666666666668,0,0.40625,5054.295333862305,12466.666666666668,0,0.40625,25473.0906829834,5149,1717,5144,5151,5149,5149,5149,5149,0,0,0,0,0,0,100,0,32353087488,8589930496,2994257920,0
199,1786321010135,1000.9477386474609,12333.333333333332,2,0.4125000000000001,894.4376983642578,12400,2,0.4125000000000001,5648.444580078125,12400,0,0.4125000000000001,5054.301208496094,12400,0,0.4125000000000001,25476.492767333984,5149,1717,5144,5151,5149,5149,5149,5149,0,0,0,0,0,0,100,0,32353087488,8589930496,2994257920,0
199,1786321010335,1000.9517211914063,12466.666666666668,0,0.40625,894.4408874511719,12466.666666666668,2,0.40625,5650.843780517578,12466.666666666668,0,0.40625,5054.307998657227,12466.666666666668,0,0.40625,25479.888412475586,5149,1717,5144,5151,5149,5149,5149,5149,0,0,0,0,0,0,100,0,32353087488,8589930496,2994257920,0
199,1786321010535,1000.9556579589844,12333.333333333332,2,0.4125000000000001,894.4440460205078,12333.333333333332,2,0.4125000000000001,5653.245529174805,12333.333333333332,0,0.4125000000000001,5054.312713623047,12333.333333333332,0,0.4125000000000001,25483.290618896484,5149,1717,5144,5151,5149,5149,5149,5149,0,0,0,0,0,0,100,0,32353087488,8589930496,2994257920,0
199,1786321010735,1000.9596862792969,12400,2,0.40625,894.4475555419922,12400,2,0.40625,5655.641220092773,12400,0,0.40625,5054.316711425781,12400,2,0.40625,25486.6873626709,5149,1717,5144,5151,5149,5149,5149,5149,0,0,0,0,0,0,100,0,32353087488,8589930496,2994257920,0
199,1786321010936,1000.9637756347656,12333.333333333332,2,0.41874999999999996,894.4507446289063,12333.333333333332,2,0.41874999999999996,5658.038040161133,12333.333333333332,0,0.41874999999999996,5054.323333740234,12333.333333333332,2,0.41874999999999996,25490.08824157715,5149,1717,5144,5151,5149,5149,5149,5149,0,0,0,0,0,0,100,0,32353087488,8589930496,2994257920,0
199,1786321011136,1000.9677581787109,12400,2,0.4125000000000001,894.4538269042969,12400,2,0.4125000000000001,5660.441680908203,12400,0,0.4125000000000001,5054.329147338867,12400,2,0.4125000000000001,25493.486114501953,5149,1717,5144,5151,5149,5149,5149,5149,0,0,0,0,0,0,100,0,32353087488,8589930496,2994257920,0
199,1786321011336,1000.9720916748047,12400,2,0.40625,894.4573669433594,12400,2,0.40625,5662.803421020508,12400,0,0.40625,5054.385894775391,12400,2,0.40625,25496.884185791016,5149,1717,5144,5151,5149,5149,5149,5149,0,0,0,5,0,0,100,0,32353087488,8589930496,2994257920,0
199,1786321011536,1000.9761657714844,12400,2,0.4125000000000001,894.4605865478516,12400,2,0.4125000000000001,5665.203063964844,12400,0,0.4125000000000001,5054.391754150391,12400,2,0.4125000000000001,25500.28173828125,5149,1717,5144,5151,5149,5149,5149,5149,0,0,0,0,0,0,100,0,32353087488,8589930496,2994257920,0
199,1786321011736,1000.9801177978516,12400,2,0.40625,894.4641571044922,12400,2,0.40625,5667.609588623047,12400,0,0.40625,5054.3985595703125,12400,2,0.40625,25503.68309020996,5149,1717,5144,5151,5149,5149,5149,5149,0,0,0,0,0,0,100,0,32353087488,8589930496,2994257920,0
199,1786321011936,1000.9840698242188,12400,2,0.4125000000000001,894.4673461914063,12400,2,0.4125000000000001,5670.02522277832,12400,0,0.4125000000000001,5054.40348815918,12400,2,0.4125000000000001,25507.098251342773,5149,1717,5144,5151,5149,5149,5149,5149,0,0,0,0,0,0,100,0,32353087488,8589930496,2994257920,0
199,1786321012136,1000.9880676269531,12400,2,0.4125000000000001,894.4704742431641,12400,2,0.4125000000000001,5672.4307861328125,12400,0,0.4125000000000001,5054.41032409668,12400,2,0.4125000000000001,25510.498580932617,5149,1717,5144,5151,5149,5149,5149,5149,0,0,0,0,0,0,100,0,32353087488,8589930496,2994257920,0
199,1786321012336,1000.9920959472656,12466.666666666668,2,0.40625,894.4737396240234,12466.666666666668,2,0.40625,5674.83186340332,12466.666666666668,0,0.40625,5054.417785644531,12466.666666666668,0,0.40625,25513.894638061523,5149,1717,5144,5151,5149,5149,5149,5149,0,0,0,0,0,0,100,0,32353087488,8589930496,2994257920,0
199,1786321012536,1000.9959869384766,12400,2,0.40625,894.4769287109375,12400,2,0.40625,5677.235137939453,12400,0,0.40625,5054.425277709961,12400,2,0.40625,25517.296264648438,5149,1717,5144,5151,5149,5149,5149,5149,0,0,0,0,0,0,100,0,32353087488,8589930496,2994257920,0
199,1786321012736,1000.9999847412109,12333.333333333332,0,0.4125000000000001,894.4804382324219,12333.333333333332,2,0.4125000000000001,5679.639312744141,12333.333333333332,0,0.4125000000000001,5054.432403564453,12333.333333333332,0,0.4125000000000001,25520.695907592773,5149,1717,5144,5151,5149,5149,5149,5149,0,0,0,0,0,0,100,0,32353087488,8589930496,2994257920,0
199,1786321012936,1001.0039672851563,12400,2,0.41874999999999996,894.4835662841797,12400,2,0.41874999999999996,5682.031875610352,12400,0,0.41874999999999996,5054.440856933594,12400,0,0.41874999999999996,25524.094467163086,5149,1717,5144,5151,5149,5149,5149,5149,0,0,0,0,0,0,100,0,32353087488,8589930496,2994257920,0
199,1786321013136,1001.0079345703125,12400,2,0.40625,894.4866485595703,12400,2,0.40625,5684.430999755859,12400,0,0.40625,5054.445846557617,12400,2,0.40625,25527.492782592773,5149,1717,5144,5151,5149,5149,5149,5149,0,0,0,0,0,0,100,0,32353087488,8589930496,2994257920,0
199,1786321013337,1001.0128784179688,12200,2,0.4125000000000001,894.5062561035156,12200,2,0.4125000000000001,5686.810287475586,12200,0,0.4125000000000001,5054.452224731445,12200,2,0.4125000000000001,25530.896194458008,5149,1717,5144,5151,5149,5149,5149,5149,0,0,4.761904716491699,0,0,0,100,0,32353087488,8589930496,2994233344,0
199,1786321013537,1001.0169067382813,12400,2,0.40625,894.5094146728516,12400,2,0.40625,5689.205154418945,12400,0,0.40625,5054.457946777344,12400,2,0.40625,25534.289276123047,5149,1717,5144,5151,5149,5149,5149,5149,0,0,0,0,0,0,100,4.761904716491699,32353087488,8589930496,2994233344,0
199,1786321013737,1001.0209503173828,12400,2,0.4125000000000001,894.5125427246094,12400,2,0.4125000000000001,5691.60481262207,12400,0,0.4125000000000001,5054.463348388672,12400,2,0.4125000000000001,25537.68898010254,5149,1717,5144,5151,5149,5149,5149,5149,0,0,0,0,0,0,100,0,32353087488,8589930496,2994233344,0
199,1786321013937,1001.0249328613281,12533.333333333332,2,0.40625,894.5156402587891,12533.333333333332,2,0.40625,5694.002410888672,12533.333333333332,0,0.40625,5054.469543457031,12533.333333333332,2,0.40625,25541.08396911621,5149,1717,5144,5151,5149,5149,5149,5149,0,0,0,0,4.761904716491699,0,100,0,32353087488,8589930496,2994233344,0
199,1786321014137,1001.0289154052734,12466.666666666668,2,0.40625,894.5188293457031,12466.666666666668,2,0.40625,5696.401916503906,12466.666666666668,0,0.40625,5054.474624633789,12466.666666666668,2,0.40625,25544.484573364258,5149,1717,5144,5151,5149,5149,5149,5149,0,0,0,0,4.761904716491699,0,100,0,32353087488,8589930496,2994233344,0
199,1786321014337,1001.0329895019531,12400,2,0.40625,894.5220184326172,12400,2,0.40625,5698.812210083008,12400,0,0.40625,5054.4813232421875,12400,2,0.40625,25547.901443481445,5149,1717,5144,5151,5149,5149,5149,5149,0,0,0,0,0,0,100,0,32353087488,8589930496,2994233344,0
199,1786321014537,1001.0369262695313,12333.333333333332,2,0.4125000000000001,894.5252075195313,12333.333333333332,2,0.4125000000000001,5701.2183837890625,12333.333333333332,0,0.4125000000000001,5054.488037109375,12333.333333333332,2,0.4125000000000001,25551.302627563477,5149,1717,5144,5151,5149,5149,5149,5149,0,0,0,0,0,0,100,0,32353087488,8589930496,2994233344,0
199,1786321014737,1001.0409393310547,12400,2,0.4125000000000001,894.5283050537109,12400,2,0.4125000000000001,5703.6182861328125,12400,0,0.4125000000000001,5054.494827270508,12400,2,0.4125000000000001,25554.70118713379,5149,1717,5144,5151,5149,5149,5149,5149,0,0,0,0,0,0,100,0,32353087488,8589930496,2994233344,0
199,1786321014937,1001.0448913574219,12333.333333333332,2,0.4125000000000001,894.5319213867188,12333.333333333332,2,0.4125000000000001,5706.014251708984,12333.333333333332,0,0.4125000000000001,5054.500457763672,12333.333333333332,2,0.4125000000000001,25558.100067138672,5149,1717,5144,5151,5149,5149,5149,5149,0,0,0,0,0,0,100,0,32353087488,8589930496,2994233344,0
199,1786321015137,1001.0489196777344,12400,2,0.40625,894.5350189208984,12400,2,0.40625,5708.410354614258,12400,0,0.40625,5054.507598876953,12400,2,0.40625,25561.497344970703,5149,1717,5144,5151,5149,5149,5149,5149,0,0,0,0,0,0,100,0,32353087488,8589930496,2994233344,0
199,1786321015337,1001.0530090332031,12466.666666666668,0,0.40625,894.5382232666016,12466.666666666668,2,0.40625,5710.809234619141,12466.666666666668,0,0.40625,5054.515350341797,12466.666666666668,0,0.40625,25564.895065307617,5149,1717,5144,5151,5149,5149,5149,5149,0,0,0,0,0,0,100,0,32353087488,8589930496,2994233344,0
199,1786321015537,1001.0569610595703,12466.666666666668,2,0.40625,894.5417175292969,12466.666666666668,2,0.40625,5713.207061767578,12466.666666666668,0,0.40625,5054.520538330078,12466.666666666668,0,0.40625,25568.294525146484,5149,1717,5144,5151,5149,5149,5149,5149,0,0,0,0,0,0,100,0,32353087488,8589930496,2994233344,0
199,1786321015738,1001.0609741210938,12400,2,0.40625,894.5448303222656,12400,2,0.40625,5715.609527587891,12400,0,0.40625,5054.526077270508,12400,2,0.40625,25571.695724487305,5149,1717,5144,5151,5149,5149,5149,5149,0,0,0,0,0,0,100,4.761904716491699,32353087488,8589930496,2994233344,0
199,1786321015938,1001.0649566650391,12466.666666666668,2,0.40625,894.5482940673828,12466.666666666668,2,0.40625,5718.013046264648,12466.666666666668,0,0.40625,5054.532684326172,12466.666666666668,2,0.40625,25575.091720581055,5149,1717,5144,5151,5149,5149,5149,5149,0,0,0,0,0,0,100,0,32353087488,8589930496,2994233344,0
199,1786321016138,1001.0689697265625,12400,2,0.40625,894.5513916015625,12400,2,0.40625,5720.4156494140625,12400,0,0.40625,5054.539932250977,12400,2,0.40625,25578.49266052246,5149,1717,5144,5151,5149,5149,5149,5149,0,0,0,0,0,0,100,0,32353087488,8589930496,2994233344,0
199,1786321016338,1001.0729827880859,12400,2,0.40625,894.5547332763672,12400,2,0.40625,5722.814147949219,12400,0,0.40625,5054.545913696289,12400,2,0.40625,25581.89274597168,5149,1717,5144,5151,5149,5149,5149,5149,0,0,0,0,0,0,100,0,32353087488,8589930496,2994233344,0
199,1786321016538,1001.0769348144531,12533.333333333332,2,0.4125000000000001,894.5580444335938,12533.333333333332,2,0.4125000000000001,5725.212921142578,12533.333333333332,0,0.4125000000000001,5054.553085327148,12533.333333333332,2,0.4125000000000001,25585.287200927734,5149,1717,5144,5151,5149,5149,5149,5149,0,0,0,0,0,0,100,0,32353087488,8589930496,2994233344,0
199,1786321016738,1001.0809326171875,12466.666666666668,2,0.4125000000000001,894.5611419677734,12466.666666666668,2,0.4125000000000001,5727.615158081055,12466.666666666668,0,0.4125000000000001,5054.560440063477,12466.666666666668,2,0.4125000000000001,25588.688507080078,5149,1717,5144,5151,5149,5149,5149,5149,0,0,0,0,0,0,100,0,32353087488,8589930496,2994233344,0
199,1786321016938,1001.0849609375,12400,2,0.40625,894.5650177001953,12400,2,0.40625,5730.025161743164,12400,0,0.40625,5054.567367553711,12400,2,0.40625,25592.10499572754,5149,1717,5144,5151,5149,5149,5149,5149,0,0,0,0,0,0,100,0,32353087488,8589930496,2994233344,0
199,1786321017138,1001.0889587402344,12333.333333333332,0,0.4125000000000001,894.5689086914063,12333.333333333332,2,0.4125000000000001,5732.4208984375,12333.333333333332,0,0.4125000000000001,5054.57666015625,12333.333333333332,2,0.4125000000000001,25595.505599975586,5149,1717,5144,5151,5149,5149,5149,5149,0,0,0,0,0,0,100,0,32353087488,8589930496,2994233344,0
199,1786321017338,1001.0962829589844,12333.333333333332,2,0.4125000000000001,894.5738525390625,12333.333333333332,2,0.4125000000000001,5734.815322875977,12333.333333333332,0,0.4125000000000001,5054.582855224609,12333.333333333332,2,0.4125000000000001,25598.903701782227,5149,1717,5144,5151,5149,5149,5149,5149,0,0,0,0,0,0,100,0,32353087488,8589930496,2994233344,0
199,1786321017538,1001.100341796875,12400,2,0.4125000000000001,894.5770874023438,12400,2,0.4125000000000001,5737.213150024414,12400,0,0.4125000000000001,5054.5882568359375,12400,2,0.4125000000000001,25602.302474975586,5149,1717,5144,5151,5149,5149,5149,5149,0,0,0,0,0,0,100,0,32353087488,8589930496,2994233344,0
199,1786321017738,1001.1043548583984,12400,2,0.40625,894.580322265625,12400,2,0.40625,5739.614212036133,12400,0,0.40625,5054.595458984375,12400,0,0.40625,25605.701110839844,5149,1717,5144,5151,5149,5149,5149,5149,0,0,0,0,0,0,100,0,32353087488,8589930496,2994233344,0
200,1786321017938,1001.1611328125,14866.666666666666,0,0.35624999999999996,894.6247711181641,14866.666666666666,0,0.35624999999999996,5741.786148071289,14866.666666666666,0,0.35624999999999996,5054.672073364258,14866.666666666666,0,0.35624999999999996,25609.03094482422,5149,1717,5144,5151,5149,5149,5149,5149,0,0,0,0,0,0,100,0,32353087488,8589930496,2763096064,0
199,1786321018139,1001.2808074951172,11666.666666666668,2,0.4375,894.7380218505859,11666.666666666668,0,0.4375,5743.883972167969,11666.666666666668,0,0.4375,5054.769378662109,11666.666666666668,0,0.4375,25612.538543701172,5149,1717,5144,5151,5149,5149,5149,5149,0,2.5,0,2.5,2.5,0,90,2.5,32353087488,8589930496,2986921984,0
199,1786321018339,1001.2857971191406,12400,2,0.4125000000000001,894.7498321533203,12400,2,0.4125000000000001,5746.254257202148,12400,0,0.4125000000000001,5054.778762817383,12400,2,0.4125000000000001,25615.91470336914,5149,1717,5144,5151,5149,5149,5149,5149,0,0,0,0,0,0,100,0,32353087488,8589930496,2986921984,0
199,1786321018539,1001.2894897460938,12466.666666666668,2,0.40625,894.7533264160156,12466.666666666668,2,0.40625,5748.642532348633,12466.666666666668,0,0.40625,5054.788467407227,12466.666666666668,2,0.40625,25619.307510375977,5149,1717,5144,5151,5149,5149,5149,5149,0,0,0,0,0,0,100,0,32353087488,8589930496,2986921984,0
199,1786321018739,1001.2928161621094,12533.333333333332,2,0.40625,894.756591796875,12533.333333333332,2,0.40625,5751.038391113281,12533.333333333332,0,0.40625,5054.796569824219,12533.333333333332,2,0.40625,25622.703125,5149,1717,5144,5151,5149,5149,5149,5149,0,0,0,0,0,0,100,0,32353087488,8589930496,2986921984,0
199,1786321018939,1001.2961273193359,12333.333333333332,2,0.4125000000000001,894.7597808837891,12333.333333333332,2,0.4125000000000001,5753.432098388672,12333.333333333332,0,0.4125000000000001,5054.804290771484,12333.333333333332,2,0.4125000000000001,25626.10659790039,5149,1717,5144,5151,5149,5149,5149,5149,0,0,0,0,0,0,100,0,32353087488,8589930496,2986921984,0
199,1786321019139,1001.2994384765625,12400,2,0.40625,894.7629699707031,12400,2,0.40625,5755.821304321289,12400,0,0.40625,5054.8115234375,12400,0,0.40625,25629.50325012207,5149,1717,5144,5151,5149,5149,5149,5149,0,0,0,0,0,0,100,0,32353087488,8589930496,2986921984,0
199,1786321019339,1001.3031158447266,12466.666666666668,2,0.40625,894.7663116455078,12466.666666666668,2,0.40625,5758.21305847168,12466.666666666668,0,0.40625,5054.819030761719,12466.666666666668,2,0.40625,25632.915466308594,5149,1717,5144,5151,5149,5149,5149,5149,0,0,0,0,0,0,100,0,32353087488,8589930496,2986921984,0
199,1786321019539,1001.3066558837891,12400,2,0.4125000000000001,894.7697143554688,12400,2,0.4125000000000001,5760.604049682617,12400,0,0.4125000000000001,5054.827682495117,12400,2,0.4125000000000001,25636.3162689209,5149,1717,5144,5151,5149,5149,5149,5149,0,0,0,0,0,0,100,0,32353087488,8589930496,2986921984,0
199,1786321019739,1001.3099670410156,12533.333333333332,2,0.4125000000000001,894.7730407714844,12533.333333333332,2,0.4125000000000001,5763.005966186523,12533.333333333332,0,0.4125000000000001,5054.836685180664,12533.333333333332,2,0.4125000000000001,25639.710861206055,5149,1717,5144,5151,5149,5149,5149,5149,0,0,0,0,0,0,100,0,32353087488,8589930496,2986921984,0
199,1786321019939,1001.3132781982422,12466.666666666668,2,0.40625,894.7764587402344,12466.666666666668,2,0.40625,5765.394271850586,12466.666666666668,0,0.40625,5054.846542358398,12466.666666666668,2,0.40625,25643.11164855957,5149,1717,5144,5151,5149,5149,5149,5149,0,0,0,0,0,0,100,0,32353087488,8589930496,2986921984,0
199,1786321020139,1001.3167419433594,12400,2,0.4125000000000001,894.7804565429688,12400,2,0.4125000000000001,5767.779006958008,12400,0,0.4125000000000001,5054.858978271484,12400,0,0.4125000000000001,25646.511749267578,5149,1717,5144,5151,5149,5149,5149,5149,0,0,0,4.761904716491699,0,4.761904716491699,100,0,32353087488,8589930496,2986921984,0
199,1786321020339,1001.3200988769531,12400,2,0.4125000000000001,894.7838592529297,12400,2,0.4125000000000001,5770.171722412109,12400,0,0.4125000000000001,5054.867858886719,12400,0,0.4125000000000001,25649.90885925293,5149,1717,5144,5151,5149,5149,5149,5149,0,0,0,0,0,0,100,0,32353087488,8589930496,2986921984,0
199,1786321020539,1001.3235931396484,12400,2,0.40625,894.7871398925781,12400,2,0.40625,5772.557922363281,12400,0,0.4125000000000001,5054.880859375,12400,0,0.4125000000000001,25653.307891845703,5149,1717,5144,5151,5149,5149,5149,5149,0,0,0,0,0,0,100,0,32353087488,8589930496,2986921984,0
199,1786321020740,1001.3275146484375,12466.666666666668,2,0.4125000000000001,894.7904510498047,12466.666666666668,0,0.4125000000000001,5774.945877075195,12466.666666666668,0,0.4125000000000001,5054.886917114258,12466.666666666668,0,0.4125000000000001,25656.704879760742,5149,1717,5144,5151,5149,5149,5149,5149,0,0,0,0,0,0,100,4.761904716491699,32353087488,8589930496,2986921984,0
199,1786321020940,1001.3314208984375,12333.333333333332,2,0.4125000000000001,894.7942352294922,12333.333333333332,2,0.4125000000000001,5777.3394775390625,12333.333333333332,0,0.4125000000000001,5054.893218994141,12333.333333333332,0,0.4125000000000001,25660.107162475586,5149,1717,5144,5151,5149,5149,5149,5149,0,0,0,0,0,0,100,0,32353087488,8589930496,2986921984,0
199,1786321021140,1001.3353881835938,12400,2,0.4125000000000001,894.7975769042969,12400,2,0.4125000000000001,5779.7294921875,12400,0,0.4125000000000001,5054.899215698242,12400,2,0.4125000000000001,25663.503997802734,5149,1717,5144,5151,5149,5149,5149,5149,0,0,0,0,0,0,100,0,32353087488,8589930496,2986921984,0
199,1786321021340,1001.3492431640625,12200,2,0.41874999999999996,894.8168640136719,12200,2,0.41874999999999996,5781.9556884765625,12200,0,0.41874999999999996,5054.91584777832,12200,2,0.41874999999999996,25666.90757751465,5149,1717,5144,5151,5149,5149,5149,5149,9.523809432983398,0,0,0,0,0,100,0,32353087488,8589930496,2987220992,0
199,1786321021540,1001.3526153564453,12466.666666666668,2,0.40625,894.8204345703125,12466.666666666668,2,0.40625,5784.205139160156,12466.666666666668,0,0.40625,5054.924896240234,12466.666666666668,2,0.40625,25670.299728393555,5149,1717,5144,5151,5149,5149,5149,5149,0,0,0,0,0,0,100,0,32353087488,8589930496,2987220992,0
199,1786321021740,1001.3558959960938,12533.333333333332,2,0.40625,894.8241577148438,12533.333333333332,2,0.40625,5786.464584350586,12533.333333333332,0,0.40625,5054.933731079102,12533.333333333332,2,0.40625,25673.697692871094,5149,1717,5144,5151,5149,5149,5149,5149,0,0,0,0,0,0,100,0,32353087488,8589930496,2987220992,0
199,1786321021940,1001.3592071533203,12466.666666666668,2,0.40625,894.8276062011719,12466.666666666668,2,0.40625,5788.72314453125,12466.666666666668,0,0.40625,5054.942352294922,12466.666666666668,2,0.40625,25677.098251342773,5149,1717,5144,5151,5149,5149,5149,5149,0,0,0,0,0,0,100,0,32353087488,8589930496,2987220992,0
199,1786321022140,1001.3625793457031,12400,2,0.4125000000000001,894.8317718505859,12400,2,0.4125000000000001,5790.9803466796875,12400,0,0.4125000000000001,5054.950973510742,12400,2,0.4125000000000001,25680.499771118164,5149,1717,5144,5151,5149,5149,5149,5149,0,0,0,0,0,0,100,0,32353087488,8589930496,2987220992,0
199,1786321022340,1001.3661041259766,12466.666666666668,2,0.4125000000000001,894.8357086181641,12466.666666666668,2,0.4125000000000001,5793.244766235352,12466.666666666668,0,0.4125000000000001,5054.95866394043,12466.666666666668,2,0.4125000000000001,25683.91375732422,5149,1717,5144,5151,5149,5149,5149,5149,0,0,0,0,0,0,100,4.761904716491699,32353087488,8589930496,2987220992,0
199,1786321022540,1001.3694610595703,12666.666666666668,2,0.40625,894.8392486572266,12666.666666666668,2,0.40625,5795.569763183594,12666.666666666668,0,0.40625,5054.966827392578,12666.666666666668,2,0.40625,25687.307495117188,5149,1717,5144,5151,5149,5149,5149,5149,0,0,0,0,0,0,100,0,32353087488,8589930496,2987220992,0
199,1786321022740,1001.3727722167969,12466.666666666668,2,0.4125000000000001,894.8433074951172,12466.666666666668,2,0.4125000000000001,5797.968841552734,12466.666666666668,0,0.4125000000000001,5054.9754638671875,12466.666666666668,2,0.4125000000000001,25690.711868286133,5149,1717,5144,5151,5149,5149,5149,5149,0,0,0,0,0,0,100,0,32353087488,8589930496,2987220992,0
199,1786321022941,1001.3761291503906,12400,2,0.4125000000000001,894.8471374511719,12400,2,0.4125000000000001,5800.361907958984,12333.333333333332,0,0.4125000000000001,5054.9849853515625,12333.333333333332,0,0.4125000000000001,25694.113037109375,5149,1717,5144,5151,5149,5149,5149,5149,0,0,0,0,0,0,100,0,32353087488,8589930496,2987220992,0
199,1786321023141,1001.3795471191406,12466.666666666668,2,0.40625,894.8514556884766,12466.666666666668,2,0.40625,5802.746597290039,12466.666666666668,0,0.40625,5054.995758056641,12466.666666666668,0,0.40625,25697.5099029541,5149,1717,5144,5151,5149,5149,5149,5149,0,0,0,0,0,0,100,0,32353087488,8589930496,2987220992,0
199,1786321023341,1001.3840484619141,12466.666666666668,2,0.4125000000000001,894.8558654785156,12466.666666666668,0,0.4125000000000001,5805.090805053711,12466.666666666668,0,0.4125000000000001,5055.052352905273,12466.666666666668,0,0.4125000000000001,25700.907165527344,5149,1717,5144,5151,5149,5149,5149,5149,0,5,0,5,0,0,100,0,32353087488,8589930496,2987421696,0
199,1786321023541,1001.3884582519531,12333.333333333332,2,0.41874999999999996,894.8599853515625,12333.333333333332,2,0.41874999999999996,5807.477111816406,12333.333333333332,0,0.41874999999999996,5055.059417724609,12333.333333333332,0,0.41874999999999996,25704.308990478516,5149,1717,5144,5151,5149,5149,5149,5149,0,0,0,0,0,0,100,0,32353087488,8589930496,2987421696,0
199,1786321023741,1001.3924407958984,12400,2,0.40625,894.8637237548828,12400,2,0.40625,5809.864807128906,12400,0,0.40625,5055.067626953125,12400,2,0.40625,25707.706756591797,5149,1717,5144,5151,5149,5149,5149,5149,0,0,0,0,0,0,100,0,32353087488,8589930496,2987421696,0
199,1786321023941,1001.3964538574219,12466.666666666668,2,0.40625,894.8677520751953,12466.666666666668,2,0.40625,5812.263031005859,12466.666666666668,0,0.40625,5055.075393676758,12466.666666666668,2,0.40625,25711.104248046875,5149,1717,5144,5151,5149,5149,5149,5149,0,0,0,0,0,0,100,0,32353087488,8589930496,2987421696,0
199,1786321024141,1001.400390625,12400,2,0.4125000000000001,894.8715515136719,12400,2,0.4125000000000001,5814.65495300293,12400,0,0.4125000000000001,5055.082809448242,12400,2,0.4125000000000001,25714.506103515625,5149,1717,5144,5151,5149,5149,5149,5149,0,0,0,0,0,0,100,0,32353087488,8589930496,2987421696,0
199,1786321024341,1001.4044494628906,12400,2,0.4125000000000001,894.8755493164063,12400,2,0.4125000000000001,5817.051773071289,12400,0,0.4125000000000001,5055.089630126953,12400,2,0.4125000000000001,25717.904907226563,5149,1717,5144,5151,5149,5149,5149,5149,0,0,0,0,0,0,100,0,32353087488,8589930496,2987421696,0
199,1786321024541,1001.4085998535156,12400,2,0.40625,894.8797912597656,12400,2,0.40625,5819.443283081055,12400,0,0.40625,5055.097839355469,12400,2,0.40625,25721.30433654785,5149,1717,5144,5151,5149,5149,5149,5149,0,0,0,0,0,0,100,0,32353087488,8589930496,2987421696,0
199,1786321024741,1001.4125061035156,12400,2,0.4125000000000001,894.8835754394531,12400,2,0.4125000000000001,5821.836578369141,12400,0,0.4125000000000001,5055.105499267578,12400,2,0.4125000000000001,25724.703506469727,5149,1717,5144,5151,5149,5149,5149,5149,0,0,0,0,0,0,100,0,32353087488,8589930496,2987421696,0
199,1786321024941,1001.4164886474609,12466.666666666668,2,0.40625,894.8872680664063,12466.666666666668,2,0.40625,5824.237487792969,12466.666666666668,0,0.40625,5055.112487792969,12466.666666666668,2,0.40625,25728.117446899414,5149,1717,5144,5151,5149,5149,5149,5149,0,0,0,0,0,0,100,0,32353087488,8589930496,2987421696,0
199,1786321025141,1001.4211578369141,12333.333333333332,2,0.40625,894.8915863037109,12333.333333333332,2,0.40625,5826.623397827148,12333.333333333332,0,0.40625,5055.120330810547,12333.333333333332,2,0.40625,25731.51840209961,5149,1717,5144,5151,5149,5149,5149,5149,0,0,0,0,0,0,100,4.761904716491699,32353087488,8589930496,2987421696,0
199,1786321025342,1001.4267425537109,12400,2,0.4125000000000001,894.8984069824219,12400,2,0.4125000000000001,5829.008316040039,12400,0,0.4125000000000001,5055.129531860352,12400,2,0.4125000000000001,25734.916534423828,5149,1717,5144,5151,5149,5149,5149,5149,0,0,0,0,0,0,100,0,32353087488,8589930496,2987421696,0
199,1786321025542,1001.4308471679688,12400,2,0.4125000000000001,894.9021148681641,12400,2,0.4125000000000001,5831.392929077148,12400,0,0.4125000000000001,5055.1412353515625,12400,2,0.4125000000000001,25738.315872192383,5149,1717,5144,5151,5149,5149,5149,5149,0,0,0,0,0,0,100,0,32353087488,8589930496,2987421696,0
199,1786321025742,1001.4347686767578,12400,2,0.40625,894.90576171875,12400,2,0.40625,5833.782257080078,12400,0,0.40625,5055.149353027344,12400,0,0.40625,25741.71417236328,5149,1717,5144,5151,5149,5149,5149,5149,0,0,0,0,0,0,100,0,32353087488,8589930496,2987421696,0
199,1786321025942,1001.4386901855469,12400,2,0.40625,894.9097900390625,12400,0,0.40625,5836.170913696289,12400,0,0.40625,5055.158416748047,12400,0,0.40625,25745.112915039063,5149,1717,5144,5151,5149,5149,5149,5149,0,0,0,0,0,0,100,0,32353087488,8589930496,2987421696,0
199,1786321026142,1001.4435272216797,12400,2,0.40625,894.9151916503906,12400,2,0.40625,5838.555130004883,12400,0,0.40625,5055.165832519531,12400,0,0.40625,25748.51091003418,5149,1717,5144,5151,5149,5149,5149,5149,0,4.761904716491699,0,0,0,0,100,0,32353087488,8589930496,2987421696,0
199,1786321026342,1001.4477081298828,12333.333333333332,2,0.40625,894.9196014404297,12333.333333333332,2,0.40625,5840.944580078125,12333.333333333332,0,0.40625,5055.172500610352,12333.333333333332,2,0.40625,25751.912109375,5149,1717,5144,5151,5149,5149,5149,5149,0,0,0,0,0,0,100,0,32353087488,8589930496,2987421696,0
199,1786321026542,1001.4517211914063,12333.333333333332,2,0.40625,894.9235534667969,12333.333333333332,2,0.40625,5843.328826904297,12333.333333333332,0,0.40625,5055.183334350586,12333.333333333332,2,0.40625,25755.31024169922,5149,1717,5144,5151,5149,5149,5149,5149,0,0,0,0,0,0,100,0,32353087488,8589930496,2987421696,0
199,1786321026742,1001.4556274414063,12533.333333333332,2,0.3999999999999999,894.9279327392578,12533.333333333332,2,0.3999999999999999,5845.716033935547,12533.333333333332,0,0.3999999999999999,5055.191818237305,12533.333333333332,2,0.3999999999999999,25758.704055786133,5149,1717,5144,5151,5149,5149,5149,5149,0,0,0,0,0,0,100,0,32353087488,8589930496,2987421696,0
199,1786321026942,1001.4596557617188,12466.666666666668,2,0.4125000000000001,894.9320373535156,12466.666666666668,2,0.4125000000000001,5848.106872558594,12466.666666666668,0,0.4125000000000001,5055.20002746582,12466.666666666668,2,0.4125000000000001,25762.106201171875,5149,1717,5144,5151,5149,5149,5149,5149,0,0,0,0,0,0,100,0,32353087488,8589930496,2987421696,0
199,1786321027142,1001.4636077880859,12333.333333333332,2,0.4125000000000001,894.9371948242188,12333.333333333332,2,0.4125000000000001,5850.502090454102,12333.333333333332,0,0.4125000000000001,5055.207534790039,12333.333333333332,2,0.4125000000000001,25765.507614135742,5149,1717,5144,5151,5149,5149,5149,5149,0,0,0,0,0,0,100,0,32353087488,8589930496,2987421696,0
199,1786321027342,1001.4677886962891,12333.333333333332,2,0.4125000000000001,894.9418487548828,12333.333333333332,2,0.4125000000000001,5852.895950317383,12333.333333333332,0,0.4125000000000001,5055.215789794922,12333.333333333332,2,0.4125000000000001,25768.92398071289,5149,1717,5144,5151,5149,5149,5149,5149,0,0,0,0,0,0,100,4.761904716491699,32353087488,8589930496,2987421696,0
199,1786321027542,1001.4720458984375,12333.333333333332,2,0.4125000000000001,894.9465637207031,12333.333333333332,2,0.4125000000000001,5855.29377746582,12333.333333333332,0,0.4125000000000001,5055.224411010742,12333.333333333332,2,0.4125000000000001,25772.322555541992,5149,1717,5144,5151,5149,5149,5149,5149,0,0,0,0,0,0,100,0,32353087488,8589930496,2987421696,0
200,1786321027742,1001.4831237792969,12000,2,0.42500000000000004,894.9506988525391,12000,2,0.42500000000000004,5857.639358520508,12000,0,0.42500000000000004,5055.261001586914,12000,0,0.42500000000000004,25775.715530395508,5149,1717,5144,5151,5149,5149,5149,5149,0,0,4.761904716491699,31.57894515991211,4.761904716491699,0,100,0,32353087488,8589930496,2987421696,0
199,1786321027943,1001.5160827636719,11933.333333333332,2,0.4312499999999999,894.9614105224609,11933.333333333332,2,0.4312499999999999,5859.927185058594,11933.333333333332,0,0.4312499999999999,5055.364456176758,11933.333333333332,2,0.4312499999999999,25779.129959106445,5149,1717,5144,5151,5149,5149,5149,5149,4.761904716491699,5,0,20,0,0,100,55,32353087488,8589930496,2989215744,0
199,1786321028143,1001.5204315185547,12400,2,0.40625,894.9662017822266,12400,2,0.40625,5862.302688598633,12400,0,0.40625,5055.372451782227,12400,2,0.40625,25782.51612854004,5149,1717,5144,5151,5149,5149,5149,5149,0,4.761904716491699,0,0,0,0,100,0,32353087488,8589930496,2989215744,0
199,1786321028343,1001.8078765869141,9800,2,0.48124999999999996,895.2538299560547,9800,2,0.48124999999999996,5864.011901855469,9800,0,0.48124999999999996,5055.645568847656,9800,2,0.48124999999999996,25785.95281982422,5149,1717,5144,5151,5149,5149,5149,5149,0,4.761904716491699,0,0,0,0,100,0,32353087488,8589930496,3000520704,0
199,1786321028543,1001.8172760009766,12466.666666666668,2,0.40625,895.2646636962891,12466.666666666668,0,0.40625,5866.344375610352,12466.666666666668,0,0.40625,5055.659530639648,12466.666666666668,0,0.40625,25789.291625976563,5149,1717,5144,5151,5149,5149,5149,5149,7.500000476837158,12.5,0,7.317072868347168,7.500000476837158,5,100,7.692307949066162,32353087488,8589930496,3001274368,0
199,1786321028743,1001.8206634521484,12400,2,0.4125000000000001,895.2705993652344,12400,2,0.4125000000000001,5868.747024536133,12400,0,0.4125000000000001,5055.666152954102,12400,0,0.4125000000000001,25792.699966430664,5149,1717,5144,5151,5149,5149,5149,5149,0,0,0,0,0,0,100,0,32353087488,8589930496,3001274368,0
199,1786321028943,1001.8240966796875,12400,2,0.40625,895.2759094238281,12400,2,0.40625,5871.139846801758,12400,0,0.40625,5055.672561645508,12400,2,0.40625,25796.10578918457,5149,1717,5144,5151,5149,5149,5149,5149,0,0,0,0,0,0,100,0,32353087488,8589930496,3001274368,0
199,1786321029143,1001.8273773193359,12533.333333333332,2,0.3999999999999999,895.2816772460938,12533.333333333332,2,0.3999999999999999,5873.533477783203,12533.333333333332,0,0.3999999999999999,5055.679275512695,12533.333333333332,2,0.3999999999999999,25799.50340270996,5149,1717,5144,5151,5149,5149,5149,5149,0,0,0,0,0,0,100,0,32353087488,8589930496,3001274368,0
199,1786321029343,1001.8315887451172,12333.333333333332,2,0.41874999999999996,895.2911224365234,12333.333333333332,2,0.41874999999999996,5875.922836303711,12333.333333333332,0,0.41874999999999996,5055.686416625977,12333.333333333332,2,0.41874999999999996,25802.91192626953,5149,1717,5144,5151,5149,5149,5149,5149,4.761904716491699,0,0,0,0,0,100,0,32353087488,8589930496,2999701504,0
199,1786321029543,1001.8352813720703,12466.666666666668,2,0.4125000000000001,895.2968902587891,12466.666666666668,2,0.4125000000000001,5878.317092895508,12466.666666666668,0,0.4125000000000001,5055.693618774414,12466.666666666668,2,0.4125000000000001,25806.310119628906,5149,1717,5144,5151,5149,5149,5149,5149,0,0,0,0,0,0,100,0,32353087488,8589930496,2999701504,0
199,1786321029743,1001.8389434814453,12400,2,0.4125000000000001,895.302001953125,12400,2,0.4125000000000001,5880.702545166016,12400,0,0.4125000000000001,5055.702880859375,12400,2,0.4125000000000001,25809.730239868164,5149,1717,5144,5151,5149,5149,5149,5149,0,0,0,0,0,0,100,0,32353087488,8589930496,2999701504,0
199,1786321029943,1001.8424072265625,12466.666666666668,2,0.4125000000000001,895.3069763183594,12466.666666666668,2,0.4125000000000001,5883.089920043945,12466.666666666668,0,0.4125000000000001,5055.711654663086,12466.666666666668,2,0.4125000000000001,25813.128158569336,5149,1717,5144,5151,5149,5149,5149,5149,0,0,0,0,0,0,100,0,32353087488,8589930496,2999701504,0
199,1786321030144,1001.8457641601563,12400,2,0.4125000000000001,895.3124847412109,12400,2,0.4125000000000001,5885.495132446289,12400,0,0.4125000000000001,5055.718338012695,12400,2,0.4125000000000001,25816.529876708984,5149,1717,5144,5151,5149,5149,5149,5149,0,0,0,0,0,0,100,0,32353087488,8589930496,2999701504,0
199,1786321030344,1001.8492584228516,12466.666666666668,2,0.40625,895.3176879882813,12466.666666666668,2,0.40625,5887.8411865234375,12466.666666666668,0,0.40625,5055.725234985352,12466.666666666668,2,0.40625,25819.927215576172,5149,1717,5144,5151,5149,5149,5149,5149,0,0,0,4.761904716491699,0,0,100,0,32353087488,8589930496,2999701504,0
199,1786321030544,1001.8529663085938,12466.666666666668,2,0.40625,895.3227844238281,12466.666666666668,2,0.40625,5890.09001159668,12466.666666666668,0,0.40625,5055.734115600586,12466.666666666668,2,0.40625,25823.32745361328,5149,1717,5144,5151,5149,5149,5149,5149,0,0,0,0,0,0,100,0,32353087488,8589930496,2999701504,0
199,1786321030744,1001.8563690185547,12400,2,0.40625,895.3279571533203,12400,2,0.40625,5892.341934204102,12400,0,0.40625,5055.7406005859375,12400,2,0.40625,25826.728088378906,5149,1717,5144,5151,5149,5149,5149,5149,0,0,0,0,0,0,100,0,32353087488,8589930496,2999701504,0
199,1786321030944,1001.8597564697266,12400,2,0.4125000000000001,895.3330688476563,12466.666666666668,2,0.40625,5894.59538269043,12466.666666666668,0,0.40625,5055.747055053711,12466.666666666668,0,0.40625,25830.125701904297,5149,1717,5144,5151,5149,5149,5149,5149,0,0,0,0,0,0,100,0,32353087488,8589930496,2999701504,0
199,1786321031144,1001.8630523681641,12466.666666666668,2,0.4125000000000001,895.3383026123047,12466.666666666668,0,0.4125000000000001,5896.850494384766,12466.666666666668,0,0.4125000000000001,5055.75358581543,12466.666666666668,0,0.4125000000000001,25833.52473449707,5149,1717,5144,5151,5149,5149,5149,5149,0,0,0,0,0,0,100,0,32353087488,8589930496,2999701504,0
199,1786321031344,1001.8665161132813,12333.333333333332,2,0.4125000000000001,895.3439788818359,12333.333333333332,2,0.4125000000000001,5899.219573974609,12333.333333333332,0,0.4125000000000001,5055.760391235352,12333.333333333332,2,0.4125000000000001,25836.926803588867,5149,1717,5144,5151,5149,5149,5149,5149,0,0,0,0,0,0,100,0,32353087488,8589930496,2999701504,0
199,1786321031544,1001.8703308105469,12400,2,0.40625,895.3491973876953,12400,2,0.40625,5901.609817504883,12400,0,0.40625,5055.768768310547,12400,2,0.40625,25840.32405090332,5149,1717,5144,5151,5149,5149,5149,5149,0,0,0,0,0,0,100,0,32353087488,8589930496,2999701504,0
199,1786321031744,1001.8737945556641,12466.666666666668,2,0.40625,895.3542327880859,12466.666666666668,2,0.40625,5904.003616333008,12466.666666666668,0,0.40625,5055.776443481445,12466.666666666668,2,0.40625,25843.7216796875,5149,1717,5144,5151,5149,5149,5149,5149,0,0,0,0,0,0,100,0,32353087488,8589930496,2999701504,0
199,1786321031944,1001.8772735595703,12400,2,0.4125000000000001,895.3589935302734,12400,2,0.4125000000000001,5906.399017333984,12400,0,0.4125000000000001,5055.783248901367,12400,2,0.4125000000000001,25847.122009277344,5149,1717,5144,5151,5149,5149,5149,5149,0,4.761904716491699,0,0,0,0,100,0,32353087488,8589930496,2999701504,0
199,1786321032144,1001.8806915283203,12400,2,0.40625,895.3640441894531,12400,2,0.40625,5908.794738769531,12400,0,0.40625,5055.7896728515625,12400,2,0.40625,25850.522018432617,5149,1717,5144,5151,5149,5149,5149,5149,0,0,0,4.761904716491699,0,0,100,0,32353087488,8589930496,2999701504,0
199,1786321032344,1001.8840942382813,12533.333333333332,2,0.4125000000000001,895.369384765625,12533.333333333332,2,0.4125000000000001,5911.185653686523,12533.333333333332,0,0.4125000000000001,5055.797744750977,12533.333333333332,2,0.4125000000000001,25853.916793823242,5149,1717,5144,5151,5149,5149,5149,5149,0,0,0,0,0,0,100,0,32353087488,8589930496,2999701504,0
199,1786321032545,1001.8878326416016,12400,2,0.40625,895.3741302490234,12400,2,0.40625,5913.588287353516,12400,0,0.40625,5055.805328369141,12400,2,0.40625,25857.33610534668,5149,1717,5144,5151,5149,5149,5149,5149,0,0,0,0,0,0,100,0,32353087488,8589930496,2999701504,0
199,1786321032745,1001.8913116455078,12333.333333333332,2,0.4125000000000001,895.378662109375,12333.333333333332,2,0.4125000000000001,5915.976913452148,12333.333333333332,0,0.4125000000000001,5055.811859130859,12333.333333333332,2,0.4125000000000001,25860.735961914063,5149,1717,5144,5151,5149,5149,5149,5149,0,0,0,0,0,0,100,0,32353087488,8589930496,2999701504,0
199,1786321032945,1001.8947601318359,12400,2,0.40625,895.3836364746094,12400,2,0.40625,5918.370513916016,12400,0,0.40625,5055.819091796875,12400,2,0.40625,25864.133255004883,5149,1717,5144,5151,5149,5149,5149,5149,0,0,0,0,0,0,100,0,32353087488,8589930496,2999701504,0
199,1786321033145,1001.8983001708984,12400,2,0.40625,895.3883056640625,12400,2,0.40625,5920.7587890625,12400,0,0.40625,5055.8253173828125,12400,2,0.40625,25867.53289794922,5149,1717,5144,5151,5149,5149,5149,5149,0,0,0,0,0,0,100,0,32353087488,8589930496,2999701504,0
199,1786321033345,1001.902099609375,12333.333333333332,2,0.4125000000000001,895.3945770263672,12333.333333333332,2,0.4125000000000001,5923.139129638672,12333.333333333332,0,0.4125000000000001,5055.8345947265625,12333.333333333332,0,0.4125000000000001,25870.932403564453,5149,1717,5144,5151,5149,5149,5149,5149,0,0,0,0,0,0,100,0,32353087488,8589930496,2999701504,0
199,1786321033545,1001.9057922363281,12466.666666666668,2,0.40625,895.3995971679688,12466.666666666668,0,0.40625,5925.534240722656,12466.666666666668,0,0.40625,5055.841094970703,12466.666666666668,0,0.40625,25874.328643798828,5149,1717,5144,5151,5149,5149,5149,5149,0,0,0,0,0,0,100,0,32353087488,8589930496,2999701504,0
199,1786321033745,1001.9092864990234,12400,2,0.40625,895.4042358398438,12400,2,0.40625,5927.919403076172,12400,0,0.40625,5055.851913452148,12400,0,0.40625,25877.729614257813,5149,1717,5144,5151,5149,5149,5149,5149,0,0,0,0,0,0,100,0,32353087488,8589930496,2999701504,0
199,1786321033945,1001.9127349853516,12400,2,0.40625,895.4090576171875,12400,2,0.40625,5930.316787719727,12400,0,0.40625,5055.858352661133,12400,2,0.40625,25881.128997802734,5149,1717,5144,5151,5149,5149,5149,5149,0,0,0,0,0,0,100,0,32353087488,8589930496,2999701504,0
199,1786321034145,1001.9161834716797,12400,2,0.4125000000000001,895.4142761230469,12400,2,0.4125000000000001,5932.71630859375,12400,0,0.4125000000000001,5055.865203857422,12400,2,0.4125000000000001,25884.527893066406,5149,1717,5144,5151,5149,5149,5149,5149,0,0,0,0,0,0,100,0,32353087488,8589930496,2999701504,0
199,1786321034345,1001.9196624755859,12333.333333333332,2,0.40625,895.4192657470703,12333.333333333332,2,0.40625,5935.111129760742,12333.333333333332,0,0.40625,5055.872222900391,12333.333333333332,2,0.40625,25887.927764892578,5149,1717,5144,5151,5149,5149,5149,5149,0,0,0,0,0,0,100,0,32353087488,8589930496,2999701504,0
199,1786321034545,1001.9234313964844,12333.333333333332,2,0.4125000000000001,895.4237365722656,12333.333333333332,2,0.4125000000000001,5937.498611450195,12333.333333333332,0,0.4125000000000001,5055.879928588867,12333.333333333332,2,0.4125000000000001,25891.32633972168,5149,1717,5144,5151,5149,5149,5149,5149,0,0,0,0,0,0,100,0,32353087488,8589930496,2999701504,0
199,1786321034745,1001.9268646240234,12400,2,0.4125000000000001,895.4283752441406,12400,2,0.4125000000000001,5939.8875732421875,12400,0,0.4125000000000001,5055.886383056641,12400,2,0.4125000000000001,25894.725128173828,5149,1717,5144,5151,5149,5149,5149,5149,0,0,0,0,0,0,100,0,32353087488,8589930496,2999701504,0
199,1786321034946,1001.9303131103516,12400,2,0.40625,895.4330596923828,12400,2,0.40625,5942.277267456055,12400,0,0.40625,5055.892730712891,12400,2,0.40625,25898.12403869629,5149,1717,5144,5151,5149,5149,5149,5149,0,0,0,0,0,0,100,0,32353087488,8589930496,2999701504,0
199,1786321035146,1001.9337921142578,12333.333333333332,2,0.40625,895.4378814697266,12333.333333333332,2,0.40625,5944.680877685547,12333.333333333332,0,0.40625,5055.899490356445,12333.333333333332,2,0.40625,25901.54022216797,5149,1717,5144,5151,5149,5149,5149,5149,0,0,0,0,0,0,100,0,32353087488,8589930496,2999701504,0
199,1786321035346,1001.9376373291016,12333.333333333332,2,0.4125000000000001,895.4426574707031,12333.333333333332,2,0.4125000000000001,5947.036773681641,12333.333333333332,0,0.4125000000000001,5055.955337524414,12333.333333333332,2,0.4125000000000001,25904.938217163086,5149,1717,5144,5151,5149,5149,5149,5149,0,0,0,0,0,0,100,5,32353087488,8589930496,2999701504,0
199,1786321035546,1001.9411315917969,12400,2,0.40625,895.4470062255859,12400,2,0.40625,5949.4273681640625,12400,0,0.40625,5055.963638305664,12400,2,0.40625,25908.337127685547,5149,1717,5144,5151,5149,5149,5149,5149,0,0,0,0,0,0,100,0,32353087488,8589930496,2999701504,0
199,1786321035746,1001.9445190429688,12533.333333333332,2,0.40625,895.4516754150391,12533.333333333332,2,0.40625,5951.820938110352,12533.333333333332,0,0.40625,5055.972274780273,12533.333333333332,2,0.40625,25911.732528686523,5149,1717,5144,5151,5149,5149,5149,5149,0,0,0,0,0,0,100,0,32353087488,8589930496,2999701504,0
199,1786321035946,1001.9479064941406,12400,2,0.40625,895.4564819335938,12400,2,0.40625,5954.220520019531,12400,0,0.40625,5055.981033325195,12400,0,0.40625,25915.135131835938,5149,1717,5144,5151,5149,5149,5149,5149,0,0,0,0,0,0,100,0,32353087488,8589930496,2999701504,0
199,1786321036146,1001.9513092041016,12466.666666666668,2,0.4125000000000001,895.4611968994141,12466.666666666668,0,0.4125000000000001,5956.615371704102,12466.666666666668,0,0.4125000000000001,5055.987350463867,12466.666666666668,0,0.4125000000000001,25918.531967163086,5149,1717,5144,5151,5149,5149,5149,5149,0,0,0,0,0,0,100,0,32353087488,8589930496,2999701504,0
199,1786321036346,1001.9547424316406,12466.666666666668,2,0.4125000000000001,895.466552734375,12466.666666666668,2,0.4125000000000001,5959.011215209961,12466.666666666668,0,0.4125000000000001,5055.993804931641,12466.666666666668,0,0.4125000000000001,25921.932662963867,5149,1717,5144,5151,5149,5149,5149,5149,0,0,0,0,0,0,100,0,32353087488,8589930496,2999701504,0
199,1786321036546,1001.9583282470703,12400,2,0.4125000000000001,895.4711151123047,12400,2,0.4125000000000001,5961.404266357422,12400,0,0.4125000000000001,5055.999969482422,12400,2,0.4125000000000001,25925.33334350586,5149,1717,5144,5151,5149,5149,5149,5149,0,0,0,0,0,0,100,0,32353087488,8589930496,2999701504,0
199,1786321036746,1001.9616241455078,12400,2,0.40625,895.4755096435547,12400,2,0.40625,5963.793838500977,12400,0,0.40625,5056.006454467773,12400,2,0.40625,25928.730895996094,5149,1717,5144,5151,5149,5149,5149,5149,0,0,0,0,0,0,100,0,32353087488,8589930496,2999701504,0
199,1786321036946,1001.9650573730469,12533.333333333332,2,0.40625,895.4802856445313,12533.333333333332,2,0.40625,5966.185897827148,12533.333333333332,0,0.40625,5056.013153076172,12533.333333333332,2,0.40625,25932.125946044922,5149,1717,5144,5151,5149,5149,5149,5149,0,0,0,0,0,0,100,0,32353087488,8589930496,2999701504,0
199,1786321037146,1001.9684600830078,12466.666666666668,2,0.40625,895.4849700927734,12466.666666666668,2,0.40625,5968.58512878418,12466.666666666668,0,0.40625,5056.020309448242,12466.666666666668,2,0.40625,25935.52769470215,5149,1717,5144,5151,5149,5149,5149,5149,0,0,0,4.761904716491699,0,0,100,0,32353087488,8589930496,2999701504,0
199,1786321037347,1001.9721221923828,12466.666666666668,2,0.40625,895.4933013916016,12466.666666666668,2,0.40625,5970.972061157227,12466.666666666668,0,0.40625,5056.029251098633,12466.666666666668,2,0.40625,25938.942947387695,5149,1717,5144,5151,5149,5149,5149,5149,0,0,0,0,0,0,100,0,32353087488,8589930496,2999701504,0
199,1786321037547,1001.9763488769531,12400,2,0.4125000000000001,895.4982299804688,12400,2,0.4125000000000001,5973.360137939453,12400,0,0.4125000000000001,5056.036895751953,12400,2,0.4125000000000001,25942.326049804688,5149,1717,5144,5151,5149,5149,5149,5149,0,0,0,0,0,0,100,0,32353087488,8589930496,2999701504,0
199,1786321037747,1001.9800720214844,12333.333333333332,2,0.4125000000000001,895.502197265625,12333.333333333332,2,0.4125000000000001,5975.763687133789,12333.333333333332,0,0.4125000000000001,5056.043716430664,12333.333333333332,2,0.4125000000000001,25945.74366760254,5149,1717,5144,5151,5149,5149,5149,5149,0,0,0,0,0,0,100,0,32353087488,8589930496,2999701504,0
199,1786321037947,1001.9841461181641,12466.666666666668,2,0.40625,895.5056915283203,12466.666666666668,2,0.40625,5978.154159545898,12466.666666666668,0,0.40625,5056.051132202148,12466.666666666668,2,0.40625,25949.14044189453,5149,1717,5144,5151,5149,5149,5149,5149,0,0,0,0,0,0,100,0,32353087488,8589930496,2999701504,0
199,1786321038147,1001.9881591796875,12466.666666666668,2,0.4125000000000001,895.5091094970703,12466.666666666668,2,0.4125000000000001,5980.5511474609375,12466.666666666668,0,0.4125000000000001,5056.057525634766,12466.666666666668,2,0.4125000000000001,25952.538650512695,5149,1717,5144,5151,5149,5149,5149,5149,4.761904716491699,0,0,0,0,0,100,0,32353087488,8589930496,2999701504,0
199,1786321038347,1001.9922790527344,12400,2,0.40625,895.5128021240234,12400,2,0.40625,5982.951812744141,12400,0,0.40625,5056.064346313477,12400,2,0.40625,25955.939529418945,5149,1717,5144,5151,5149,5149,5149,5149,0,0,0,0,0,0,100,0,32353087488,8589930496,2999701504,0
199,1786321038547,1001.9968719482422,12400,2,0.40625,895.5174407958984,12400,2,0.40625,5985.345245361328,12400,0,0.40625,5056.072509765625,12400,0,0.40625,25959.338287353516,5149,1717,5144,5151,5149,5149,5149,5149,0,0,0,0,0,0,100,0,32353087488,8589930496,2999701504,0
200,1786321038747,1002.1118316650391,0,0,0.28125,895.6465301513672,0,0,0.28125,5987.279052734375,0,0,0.28125,5056.23046875,0,0,0.28125,25962.626098632813,5149,1717,5144,5151,5149,5149,5149,5149,0,0,0,0,0,0,100,0,32353087488,8589930496,2788839424,0
199,1786321038947,1002.1737670898438,12533.333333333332,2,0.40625,895.7241058349609,12533.333333333332,2,0.40625,5989.589996337891,12533.333333333332,0,0.40625,5056.269088745117,12533.333333333332,0,0.40625,25966.146545410156,5149,1717,5144,5151,5149,5149,5149,5149,0,4.878048419952393,53.84615707397461,5,5,2.5,40,2.5,32353087488,8589930496,3003699200,0
199,1786321039147,1002.1772308349609,12533.333333333332,2,0.40625,895.7294311523438,12533.333333333332,2,0.40625,5991.987503051758,12533.333333333332,0,0.40625,5056.276031494141,12533.333333333332,2,0.40625,25969.54411315918,5149,1717,5144,5151,5149,5149,5149,5149,0,0,100,0,0,0,0,0,32353087488,8589930496,3003699200,0
199,1786321039347,1002.182373046875,12466.666666666668,2,0.4125000000000001,895.7346496582031,12466.666666666668,2,0.4125000000000001,5994.3802490234375,12466.666666666668,0,0.4125000000000001,5056.283157348633,12466.666666666668,2,0.4125000000000001,25972.94337463379,5149,1717,5144,5151,5149,5149,5149,5149,0,0,100,0,0,0,0,0,32353087488,8589930496,3003293696,0
199,1786321039547,1002.1860046386719,12533.333333333332,2,0.40625,895.7390594482422,12533.333333333332,2,0.40625,5996.776016235352,12533.333333333332,0,0.40625,5056.290740966797,12533.333333333332,2,0.40625,25976.339736938477,5149,1717,5144,5151,5149,5149,5149,5149,0,0,100,0,0,0,0,0,32353087488,8589930496,3003293696,0
199,1786321039748,1002.1893615722656,12533.333333333332,2,0.40625,895.7438659667969,12533.333333333332,2,0.40625,5999.177383422852,12533.333333333332,0,0.40625,5056.297546386719,12533.333333333332,2,0.40625,25979.73683166504,5149,1717,5144,5151,5149,5149,5149,5149,0,0,100,0,0,0,0,0,32353087488,8589930496,3003293696,0
199,1786321039948,1002.1926727294922,12400,2,0.40625,895.7481689453125,12400,2,0.40625,6001.575302124023,12400,0,0.40625,5056.30419921875,12400,2,0.40625,25983.139389038086,5149,1717,5144,5151,5149,5149,5149,5149,0,0,100,0,0,0,0,0,32353087488,8589930496,3003293696,0
199,1786321040148,1002.1961669921875,12600,2,0.40625,895.7534942626953,12600,2,0.40625,6003.970657348633,12600,0,0.40625,5056.312576293945,12600,2,0.40625,25986.54914855957,5149,1717,5144,5151,5149,5149,5149,5149,0,0,100,0,0,0,0,0,32353087488,8589930496,3003293696,0
199,1786321040348,1002.1996765136719,12533.333333333332,2,0.40625,895.7592926025391,12533.333333333332,2,0.40625,6006.373840332031,12533.333333333332,0,0.40625,5056.319229125977,12533.333333333332,2,0.40625,25989.932250976563,5149,1717,5144,5151,5149,5149,5149,5149,0,0,100,0,0,0,0,0,32353087488,8589930496,3003293696,0
199,1786321040548,1002.2031707763672,12533.333333333332,2,0.40625,895.7641143798828,12533.333333333332,2,0.40625,6008.781280517578,12533.333333333332,0,0.40625,5056.32682800293,12533.333333333332,2,0.40625,25993.34829711914,5149,1717,5144,5151,5149,5149,5149,5149,0,0,100,0,0,0,0,0,32353087488,8589930496,3003293696,0
199,1786321040748,1002.2064971923828,12666.666666666668,2,0.3999999999999999,895.7688140869141,12666.666666666668,2,0.3999999999999999,6011.175811767578,12666.666666666668,0,0.3999999999999999,5056.333435058594,12666.666666666668,2,0.3999999999999999,25996.743072509766,5149,1717,5144,5151,5149,5149,5149,5149,0,0,100,0,0,0,0,0,32353087488,8589930496,3003293696,0
199,1786321040948,1002.2097473144531,12533.333333333332,2,0.40625,895.7738037109375,12533.333333333332,2,0.40625,6013.580612182617,12533.333333333332,0,0.40625,5056.340911865234,12533.333333333332,2,0.40625,26000.14585876465,5149,1717,5144,5151,5149,5149,5149,5149,0,0,100,0,0,0,0,0,32353087488,8589930496,3003293696,0
199,1786321041148,1002.2131500244141,12600,2,0.3999999999999999,895.7789611816406,12600,2,0.3999999999999999,6015.981964111328,12600,0,0.3999999999999999,5056.348724365234,12600,2,0.3999999999999999,26003.54280090332,5149,1717,5144,5151,5149,5149,5149,5149,0,0,100,0,0,0,0,0,32353087488,8589930496,3003293696,0
199,1786321041348,1002.2168579101563,12533.333333333332,2,0.40625,895.7856292724609,12533.333333333332,0,0.40625,6018.364791870117,12533.333333333332,0,0.40625,5056.358581542969,12533.333333333332,0,0.40625,26006.943099975586,5149,1717,5144,5151,5149,5149,5149,5149,0,0,100,4.761904716491699,0,0,0,4.761904716491699,32353087488,8589930496,3003293696,0
199,1786321041548,1002.2203826904297,12600,2,0.3999999999999999,895.7905120849609,12600,0,0.3999999999999999,6020.762435913086,12600,0,0.3999999999999999,5056.365188598633,12600,0,0.3999999999999999,26010.33969116211,5149,1717,5144,5151,5149,5149,5149,5149,0,0,100,0,0,4.761904716491699,0,0,32353087488,8589930496,3003293696,0
199,1786321041748,1002.2237854003906,12533.333333333332,2,0.40625,895.794921875,12533.333333333332,2,0.40625,6023.160400390625,12533.333333333332,0,0.40625,5056.371643066406,12533.333333333332,0,0.40625,26013.740264892578,5149,1717,5144,5151,5149,5149,5149,5149,0,0,100,0,0,0,0,0,32353087488,8589930496,3003293696,0
199,1786321041948,1002.2270812988281,12466.666666666668,2,0.40625,895.7997741699219,12466.666666666668,2,0.40625,6025.561248779297,12466.666666666668,0,0.40625,5056.37809753418,12466.666666666668,2,0.40625,26017.1407623291,5149,1717,5144,5151,5149,5149,5149,5149,0,0,100,0,0,0,0,0,32353087488,8589930496,3003293696,0
199,1786321042149,1002.2304840087891,12733.333333333332,2,0.40625,895.8050994873047,12733.333333333332,2,0.40625,6027.959121704102,12733.333333333332,0,0.40625,5056.385650634766,12733.333333333332,2,0.40625,26020.534225463867,5149,1717,5144,5151,5149,5149,5149,5149,0,0,100,0,0,0,0,0,32353087488,8589930496,3003293696,0
199,1786321042349,1002.234375,12533.333333333332,2,0.40625,895.8098297119141,12533.333333333332,2,0.40625,6030.358123779297,12533.333333333332,0,0.40625,5056.392730712891,12533.333333333332,2,0.40625,26023.938095092773,5149,1717,5144,5151,5149,5149,5149,5149,0,0,100,0,0,0,0,0,32353087488,8589930496,3003293696,0
199,1786321042549,1002.2379455566406,12600,2,0.3999999999999999,895.8155059814453,12600,2,0.3999999999999999,6032.757308959961,12600,0,0.3999999999999999,5056.4000244140625,12600,2,0.3999999999999999,26027.33428955078,5149,1717,5144,5151,5149,5149,5149,5149,0,0,100,0,0,0,0,0,32353087488,8589930496,3003068416,0
199,1786321042749,1002.2413787841797,12533.333333333332,2,0.40625,895.8201904296875,12533.333333333332,2,0.40625,6035.159149169922,12533.333333333332,0,0.40625,5056.406890869141,12533.333333333332,2,0.40625,26030.736083984375,5149,1717,5144,5151,5149,5149,5149,5149,0,0,100,0,0,0,0,0,32353087488,8589930496,3003068416,0
199,1786321042949,1002.2447204589844,12533.333333333332,2,0.40625,895.8250732421875,12533.333333333332,2,0.40625,6037.557373046875,12533.333333333332,0,0.40625,5056.413757324219,12533.333333333332,2,0.40625,26034.13523864746,5149,1717,5144,5151,5149,5149,5149,5149,0,0,100,0,0,0,0,0,32353087488,8589930496,3003068416,0
199,1786321043149,1002.2479553222656,12600,2,0.3999999999999999,895.8301849365234,12600,2,0.3999999999999999,6039.969284057617,12600,0,0.3999999999999999,5056.420440673828,12600,2,0.3999999999999999,26037.549423217773,5149,1717,5144,5151,5149,5149,5149,5149,0,0,100,0,0,0,0,0,32353087488,8589930496,3003068416,0
199,1786321043349,1002.2516937255859,12600,2,0.3999999999999999,895.8351440429688,12600,2,0.3999999999999999,6042.37255859375,12600,0,0.3999999999999999,5056.427841186523,12600,2,0.3999999999999999,26040.94711303711,5149,1717,5144,5151,5149,5149,5149,5149,0,0,100,0,0,0,0,0,32353087488,8589930496,3003068416,0
199,1786321043549,1002.2553405761719,12733.333333333332,2,0.3999999999999999,895.8408050537109,12733.333333333332,2,0.3999999999999999,6044.754180908203,12733.333333333332,0,0.3999999999999999,5056.434432983398,12733.333333333332,2,0.3999999999999999,26044.342803955078,5149,1717,5144,5151,5149,5149,5149,5149,0,0,95.23809814453125,0,0,0,0,0,32353087488,8589930496,3003068416,0
199,1786321043749,1002.2590026855469,12466.666666666668,2,0.40625,895.8454132080078,12466.666666666668,2,0.40625,6047.155197143555,12466.666666666668,0,0.40625,5056.4427490234375,12466.666666666668,0,0.40625,26047.74932861328,5149,1717,5144,5151,5149,5149,5149,5149,0,0,100,0,0,0,0,0,32353087488,8589930496,3003068416,0
199,1786321043949,1002.2622833251953,12533.333333333332,2,0.3999999999999999,895.8501129150391,12533.333333333332,0,0.3999999999999999,6049.548614501953,12533.333333333332,0,0.3999999999999999,5056.450576782227,12533.333333333332,0,0.3999999999999999,26051.145797729492,5149,1717,5144,5151,5149,5149,5149,5149,0,0,100,0,0,0,0,0,32353087488,8589930496,3003068416,0
199,1786321044149,1002.2656097412109,12533.333333333332,2,0.40625,895.8544464111328,12600,2,0.40625,6051.946228027344,12600,0,0.40625,5056.457000732422,12600,0,0.40625,26054.544464111328,5149,1717,5144,5151,5149,5149,5149,5149,0,0,100,0,0,0,0,0,32353087488,8589930496,3003068416,0
199,1786321044349,1002.2691345214844,12600,2,0.40625,895.8590545654297,12600,2,0.40625,6054.347625732422,12600,0,0.40625,5056.465225219727,12600,2,0.40625,26057.94351196289,5149,1717,5144,5151,5149,5149,5149,5149,0,0,100,0,0,0,0,0,32353087488,8589930496,3003068416,0
199,1786321044550,1002.2726287841797,12533.333333333332,2,0.40625,895.8635406494141,12533.333333333332,2,0.40625,6056.745697021484,12533.333333333332,0,0.40625,5056.472366333008,12533.333333333332,2,0.40625,26061.34230041504,5149,1717,5144,5151,5149,5149,5149,5149,0,0,100,4.761904716491699,0,0,0,0,32353087488,8589930496,3003068416,0
199,1786321044750,1002.2759857177734,12466.666666666668,2,0.4125000000000001,895.8678588867188,12466.666666666668,2,0.4125000000000001,6059.141464233398,12466.666666666668,0,0.4125000000000001,5056.479232788086,12466.666666666668,2,0.4125000000000001,26064.743743896484,5149,1717,5144,5151,5149,5149,5149,5149,0,0,100,0,0,0,0,0,32353087488,8589930496,3003068416,0
199,1786321044950,1002.2797241210938,12466.666666666668,2,0.40625,895.8722686767578,12466.666666666668,2,0.40625,6061.535690307617,12466.666666666668,0,0.40625,5056.486663818359,12466.666666666668,2,0.40625,26068.142608642578,5149,1717,5144,5151,5149,5149,5149,5149,0,0,100,0,0,0,0,0,32353087488,8589930496,3003068416,0
199,1786321045150,1002.2830505371094,12533.333333333332,2,0.40625,895.877197265625,12533.333333333332,2,0.40625,6063.930862426758,12533.333333333332,0,0.40625,5056.49462890625,12533.333333333332,2,0.40625,26071.539093017578,5149,1717,5144,5151,5149,5149,5149,5149,0,0,100,0,0,0,0,0,32353087488,8589930496,3003068416,0
199,1786321045350,1002.2868499755859,12600,2,0.3999999999999999,895.8862152099609,12600,2,0.3999999999999999,6066.32600402832,12600,0,0.3999999999999999,5056.504013061523,12600,2,0.3999999999999999,26074.95440673828,5149,1717,5144,5151,5149,5149,5149,5149,4.761904716491699,0,100,0,0,0,0,0,32353087488,8589930496,3003068416,0
199,1786321045550,1002.2904052734375,12533.333333333332,2,0.40625,895.8909301757813,12533.333333333332,2,0.40625,6068.736175537109,12533.333333333332,0,0.40625,5056.512313842773,12533.333333333332,2,0.40625,26078.353927612305,5149,1717,5144,5151,5149,5149,5149,5149,0,0,100,0,0,0,0,0,32353087488,8589930496,3003068416,0
199,1786321045750,1002.2938232421875,12533.333333333332,2,0.40625,895.8957977294922,12533.333333333332,2,0.40625,6071.137283325195,12533.333333333332,0,0.40625,5056.519119262695,12533.333333333332,2,0.40625,26081.75326538086,5149,1717,5144,5151,5149,5149,5149,5149,0,0,100,0,0,0,0,0,32353087488,8589930496,3003068416,0
199,1786321045950,1002.2971801757813,12600,2,0.40625,895.9005737304688,12600,2,0.40625,6073.536026000977,12600,0,0.40625,5056.525604248047,12600,2,0.40625,26085.151412963867,5149,1717,5144,5151,5149,5149,5149,5149,0,0,100,0,0,0,0,0,32353087488,8589930496,3003068416,0
199,1786321046150,1002.3005523681641,12600,2,0.40625,895.9051971435547,12600,2,0.40625,6075.937088012695,12600,0,0.40625,5056.533157348633,12600,2,0.40625,26088.550079345703,5149,1717,5144,5151,5149,5149,5149,5149,0,0,100,0,0,0,0,0,32353087488,8589930496,3003068416,0
199,1786321046350,1002.3042907714844,12400,2,0.40625,895.9100494384766,12400,2,0.40625,6078.335540771484,12400,0,0.4125000000000001,5056.541244506836,12400,0,0.4125000000000001,26091.9539642334,5149,1717,5144,5151,5149,5149,5149,5149,0,0,100,0,0,0,0,0,32353087488,8589930496,3003068416,0
199,1786321046550,1002.3078308105469,12666.666666666668,2,0.40625,895.9147644042969,12666.666666666668,0,0.3999999999999999,6080.727478027344,12666.666666666668,0,0.3999999999999999,5056.549057006836,12666.666666666668,0,0.3999999999999999,26095.345474243164,5149,1717,5144,5151,5149,5149,5149,5149,0,0,100,0,0,0,0,0,32353087488,8589930496,3003068416,0
199,1786321046750,1002.3112030029297,12533.333333333332,2,0.4125000000000001,895.9198608398438,12533.333333333332,0,0.4125000000000001,6083.131240844727,12533.333333333332,0,0.4125000000000001,5056.555526733398,12533.333333333332,0,0.4125000000000001,26098.7481842041,5149,1717,5144,5151,5149,5149,5149,5149,0,0,100,0,0,0,0,0,32353087488,8589930496,3003068416,0
199,1786321046951,1002.3146209716797,12600,2,0.40625,895.924072265625,12600,2,0.40625,6085.528564453125,12600,0,0.40625,5056.561965942383,12600,2,0.40625,26102.14503479004,5149,1717,5144,5151,5149,5149,5149,5149,0,0,100,0,0,0,0,0,32353087488,8589930496,3003068416,0
199,1786321047151,1002.3180084228516,12533.333333333332,2,0.40625,895.9285278320313,12533.333333333332,2,0.40625,6087.929992675781,12533.333333333332,0,0.40625,5056.568664550781,12533.333333333332,2,0.40625,26105.54507446289,5149,1717,5144,5151,5149,5149,5149,5149,0,0,100,0,0,0,0,0,32353087488,8589930496,3003068416,0
199,1786321047351,1002.3219299316406,12533.333333333332,2,0.40625,895.9328460693359,12533.333333333332,2,0.40625,6090.287536621094,12533.333333333332,0,0.40625,5056.6263427734375,12533.333333333332,2,0.40625,26108.943618774414,5149,1717,5144,5151,5149,5149,5149,5149,0,0,100,0,0,0,0,5,32353087488,8589930496,3003068416,0
199,1786321047551,1002.3255157470703,12533.333333333332,2,0.40625,895.9370880126953,12533.333333333332,2,0.40625,6092.683898925781,12533.333333333332,0,0.40625,5056.635681152344,12533.333333333332,2,0.40625,26112.343215942383,5149,1717,5144,5151,5149,5149,5149,5149,0,0,100,0,0,0,0,0,32353087488,8589930496,3003068416,0
199,1786321047751,1002.3290252685547,12600,2,0.3999999999999999,895.9424591064453,12600,2,0.3999999999999999,6095.084396362305,12600,0,0.3999999999999999,5056.643585205078,12600,2,0.3999999999999999,26115.739639282227,5149,1717,5144,5151,5149,5149,5149,5149,0,0,100,0,0,0,0,0,32353087488,8589930496,3003068416,0
199,1786321047951,1002.3324279785156,12666.666666666668,2,0.3999999999999999,895.9473419189453,12666.666666666668,2,0.3999999999999999,6097.482437133789,12666.666666666668,0,0.3999999999999999,5056.650146484375,12666.666666666668,2,0.3999999999999999,26119.13836669922,5149,1717,5144,5151,5149,5149,5149,5149,0,0,100,0,0,0,0,0,32353087488,8589930496,3003068416,0
199,1786321048151,1002.3359069824219,12666.666666666668,2,0.40625,895.9525909423828,12666.666666666668,2,0.40625,6099.89729309082,12666.666666666668,0,0.40625,5056.656921386719,12666.666666666668,2,0.40625,26122.555694580078,5149,1717,5144,5151,5149,5149,5149,5149,0,0,100,0,0,0,0,0,32353087488,8589930496,3003068416,0
199,1786321048351,1002.3394775390625,12600,2,0.3999999999999999,895.9578247070313,12600,2,0.3999999999999999,6102.297286987305,12600,0,0.3999999999999999,5056.66471862793,12600,2,0.3999999999999999,26125.955947875977,5149,1717,5144,5151,5149,5149,5149,5149,0,0,100,0,0,0,0,0,32353087488,8589930496,3003068416,0
199,1786321048551,1002.3428955078125,12533.333333333332,2,0.40625,895.9632720947266,12533.333333333332,2,0.40625,6104.703201293945,12533.333333333332,0,0.40625,5056.672134399414,12533.333333333332,2,0.40625,26129.356704711914,5149,1717,5144,5151,5149,5149,5149,5149,0,0,100,0,0,0,0,0,32353087488,8589930496,3003068416,0
199,1786321048751,1002.3465423583984,12666.666666666668,2,0.3999999999999999,895.9681243896484,12666.666666666668,2,0.3999999999999999,6107.100524902344,12666.666666666668,0,0.3999999999999999,5056.68000793457,12666.666666666668,2,0.3999999999999999,26132.752365112305,5149,1717,5144,5151,5149,5149,5149,5149,0,0,100,0,0,0,0,0,32353087488,8589930496,3003056128,0
199,1786321048951,1002.3506164550781,12600,2,0.40625,895.9732208251953,12600,2,0.40625,6109.502258300781,12600,0,0.40625,5056.688064575195,12600,0,0.40625,26136.1533203125,5149,1717,5144,5151,5149,5149,5149,5149,0,0,100,0,0,0,0,0,32353087488,8589930496,3003056128,0
199,1786321049151,1002.3540649414063,12600,2,0.40625,895.9778594970703,12600,0,0.40625,6111.904312133789,12600,0,0.40625,5056.696182250977,12600,0,0.40625,26139.552337646484,5149,1717,5144,5151,5149,5149,5149,5149,0,0,100,0,0,0,0,0,32353087488,8589930496,3003056128,0
199,1786321049352,1002.3579864501953,12533.333333333332,2,0.40625,895.9858093261719,12533.333333333332,2,0.40625,6114.303985595703,12533.333333333332,0,0.40625,5056.70491027832,12533.333333333332,0,0.40625,26142.952102661133,5149,1717,5144,5151,5149,5149,5149,5149,0,0,100,4.761904716491699,0,0,0,0,32353087488,8589930496,3003056128,0
199,1786321049552,1002.3615112304688,12533.333333333332,2,0.3999999999999999,895.9907379150391,12533.333333333332,2,0.3999999999999999,6116.704849243164,12533.333333333332,0,0.3999999999999999,5056.713150024414,12533.333333333332,2,0.3999999999999999,26146.350143432617,5149,1717,5144,5151,5149,5149,5149,5149,0,0,100,0,0,0,0,0,32353087488,8589930496,3003056128,0
199,1786321049752,1002.3649597167969,12533.333333333332,2,0.40625,895.9954986572266,12533.333333333332,2,0.40625,6119.106674194336,12533.333333333332,0,0.40625,5056.72021484375,12533.333333333332,2,0.40625,26149.749771118164,5149,1717,5144,5151,5149,5149,5149,5149,0,0,100,0,0,0,0,0,32353087488,8589930496,3003056128,0
199,1786321049952,1002.3683013916016,12600,2,0.3999999999999999,896,12600,2,0.3999999999999999,6121.505355834961,12600,0,0.3999999999999999,5056.726699829102,12600,2,0.3999999999999999,26153.14810180664,5149,1717,5144,5151,5149,5149,5149,5149,0,0,100,0,0,0,0,0,32353087488,8589930496,3003056128,0
199,1786321050152,1002.3717803955078,12600,2,0.3999999999999999,896.0047454833984,12600,2,0.3999999999999999,6123.90788269043,12600,0,0.3999999999999999,5056.733291625977,12600,2,0.3999999999999999,26156.545501708984,5149,1717,5144,5151,5149,5149,5149,5149,0,0,100,0,0,0,0,0,32353087488,8589930496,3003056128,0
199,1786321050352,1002.3756103515625,12533.333333333332,2,0.4125000000000001,896.0100860595703,12533.333333333332,2,0.4125000000000001,6126.313079833984,12533.333333333332,0,0.4125000000000001,5056.741760253906,12533.333333333332,2,0.4125000000000001,26159.94677734375,5149,1717,5144,5151,5149,5149,5149,5149,0,0,100,0,0,0,0,0,32353087488,8589930496,3003056128,0
199,1786321050552,1002.3794097900391,12666.666666666668,2,0.40625,896.0150451660156,12666.666666666668,2,0.40625,6128.713592529297,12666.666666666668,0,0.40625,5056.748229980469,12666.666666666668,2,0.40625,26163.341339111328,5149,1717,5144,5151,5149,5149,5149,5149,0,0,100,0,0,4.761904716491699,0,0,32353087488,8589930496,3003056128,0
199,1786321050752,1002.3827056884766,13000,2,0.3999999999999999,896.0204315185547,13000,2,0.3999999999999999,6131.128311157227,13000,0,0.3999999999999999,5056.755783081055,13000,2,0.3999999999999999,26166.750717163086,5149,1717,5144,5151,5149,5149,5149,5149,0,0,100,0,0,0,0,0,32353087488,8589930496,3003056128,0
199,1786321050952,1002.3861999511719,12600,2,0.40625,896.0254364013672,12600,2,0.40625,6133.532318115234,12600,0,0.40625,5056.764404296875,12600,2,0.40625,26170.15933227539,5149,1717,5144,5151,5149,5149,5149,5149,0,0,100,0,0,0,0,0,32353087488,8589930496,3003056128,0
199,1786321051152,1002.3896026611328,12600,2,0.3999999999999999,896.0304870605469,12600,2,0.3999999999999999,6135.935440063477,12600,0,0.3999999999999999,5056.773056030273,12600,2,0.3999999999999999,26173.5587310791,5149,1717,5144,5151,5149,5149,5149,5149,0,0,100,0,0,0,0,0,32353087488,8589930496,3003056128,0
199,1786321051352,1002.3935546875,12600,2,0.3999999999999999,896.0355529785156,12600,2,0.3999999999999999,6138.339157104492,12600,0,0.3999999999999999,5056.781005859375,12600,0,0.3999999999999999,26176.956970214844,5149,1717,5144,5151,5149,5149,5149,5149,0,0,100,0,0,0,0,0,32353087488,8589930496,3003056128,0
199,1786321051553,1002.3972930908203,12533.333333333332,2,0.40625,896.0405120849609,12533.333333333332,2,0.40625,6140.739242553711,12533.333333333332,0,0.40625,5056.788726806641,12533.333333333332,0,0.40625,26180.35679626465,5149,1717,5144,5151,5149,5149,5149,5149,0,0,100,0,0,0,0,0,32353087488,8589930496,3003056128,0
199,1786321051753,1002.400634765625,12600,2,0.3999999999999999,896.0451812744141,12600,0,0.3999999999999999,6143.140975952148,12600,0,0.3999999999999999,5056.796844482422,12600,0,0.3999999999999999,26183.754287719727,5149,1717,5144,5151,5149,5149,5149,5149,0,0,100,0,0,0,0,0,32353087488,8589930496,3003056128,0
199,1786321051953,1002.4041137695313,12466.666666666668,2,0.40625,896.0509948730469,12466.666666666668,2,0.40625,6145.547439575195,12466.666666666668,0,0.40625,5056.803283691406,12466.666666666668,0,0.40625,26187.156845092773,5149,1717,5144,5151,5149,5149,5149,5149,0,0,100,0,0,0,0,0,32353087488,8589930496,3003056128,0
199,1786321052153,1002.4076080322266,12600,2,0.3999999999999999,896.0559997558594,12600,2,0.3999999999999999,6147.947784423828,12600,0,0.3999999999999999,5056.809539794922,12600,2,0.3999999999999999,26190.55354309082,5149,1717,5144,5151,5149,5149,5149,5149,0,0,100,0,0,0,0,0,32353087488,8589930496,3003056128,0
199,1786321052353,1002.4114532470703,12533.333333333332,2,0.3999999999999999,896.0611419677734,12533.333333333332,2,0.3999999999999999,6150.346206665039,12533.333333333332,0,0.3999999999999999,5056.816848754883,12533.333333333332,2,0.3999999999999999,26193.952850341797,5149,1717,5144,5151,5149,5149,5149,5149,0,0,100,0,0,0,0,0,32353087488,8589930496,3003056128,0
199,1786321052553,1002.4151000976563,12866.666666666666,2,0.3999999999999999,896.0668029785156,12866.666666666666,2,0.3999999999999999,6152.749435424805,12866.666666666666,0,0.3999999999999999,5056.82356262207,12866.666666666666,2,0.3999999999999999,26197.345184326172,5149,1717,5144,5151,5149,5149,5149,5149,0,0,100,0,0,0,0,0,32353087488,8589930496,3003056128,0
199,1786321052753,1002.4184417724609,12733.333333333332,2,0.3999999999999999,896.0729827880859,12733.333333333332,2,0.3999999999999999,6155.162902832031,12733.333333333332,0,0.3999999999999999,5056.831497192383,12733.333333333332,2,0.3999999999999999,26200.74754333496,5149,1717,5144,5151,5149,5149,5149,5149,0,0,100,0,0,0,0,0,32353087488,8589930496,3003056128,0
199,1786321052953,1002.4217224121094,12666.666666666668,2,0.40625,896.0785369873047,12666.666666666668,2,0.40625,6157.572814941406,12666.666666666668,0,0.40625,5056.837890625,12666.666666666668,2,0.40625,26204.14828491211,5149,1717,5144,5151,5149,5149,5149,5149,0,0,100,0,0,0,0,0,32353087488,8589930496,3003056128,0
199,1786321053153,1002.4251251220703,12533.333333333332,2,0.40625,896.0838165283203,12533.333333333332,2,0.40625,6159.978469848633,12533.333333333332,0,0.40625,5056.844299316406,12533.333333333332,2,0.40625,26207.549392700195,5149,1717,5144,5151,5149,5149,5149,5149,0,0,100,0,0,0,0,0,32353087488,8589930496,3003056128,0
199,1786321053353,1002.4416656494141,12333.333333333332,2,0.4125000000000001,896.1150512695313,12333.333333333332,2,0.4125000000000001,6162.331756591797,12333.333333333332,0,0.4125000000000001,5056.870315551758,12333.333333333332,2,0.4125000000000001,26210.969177246094,5149,1717,5144,5151,5149,5149,5149,5149,4.761904716491699,0,45,0,0,0,55,0,32353087488,8589930496,3003056128,0
199,1786321053553,1002.4452209472656,12600,2,0.40625,896.1195373535156,12600,2,0.40625,6164.730117797852,12600,0,0.40625,5056.877700805664,12600,2,0.40625,26214.361709594727,5149,1717,5144,5151,5149,5149,5149,5149,0,0,0,0,0,0,100,0,32353087488,8589930496,3003056128,0
199,1786321053753,1002.4489593505859,12466.666666666668,2,0.40625,896.1250610351563,12466.666666666668,2,0.40625,6167.13557434082,12466.666666666668,0,0.40625,5056.885360717773,12466.666666666668,2,0.40625,26217.764938354492,5149,1717,5144,5151,5149,5149,5149,5149,0,0,0,4.761904716491699,0,0,100,0,32353087488,8589930496,3003056128,0
199,1786321053954,1002.4524536132813,12533.333333333332,2,0.40625,896.1301727294922,12533.333333333332,2,0.40625,6169.534774780273,12533.333333333332,0,0.40625,5056.894271850586,12533.333333333332,0,0.40625,26221.160903930664,5149,1717,5144,5151,5149,5149,5149,5149,0,0,0,0,0,0,100,0,32353087488,8589930496,3003056128,0
199,1786321054154,1002.4563903808594,12533.333333333332,2,0.4125000000000001,896.1352081298828,12533.333333333332,2,0.4125000000000001,6171.941421508789,12533.333333333332,0,0.4125000000000001,5056.90055847168,12533.333333333332,0,0.4125000000000001,26224.560577392578,5149,1717,5144,5151,5149,5149,5149,5149,0,0,0,0,0,0,100,0,32353087488,8589930496,3003056128,0
199,1786321054354,1002.4607238769531,12533.333333333332,0,0.40625,896.1402893066406,12533.333333333332,0,0.40625,6174.347351074219,12533.333333333332,0,0.40625,5056.90739440918,12533.333333333332,0,0.40625,26227.959381103516,5149,1717,5144,5151,5149,5149,5149,5149,0,0,0,0,0,0,100,0,32353087488,8589930496,3002384384,0
199,1786321054554,1002.4644775390625,12533.333333333332,2,0.40625,896.1450347900391,12533.333333333332,2,0.40625,6176.750274658203,12533.333333333332,0,0.40625,5056.913726806641,12533.333333333332,0,0.40625,26231.35905456543,5149,1717,5144,5151,5149,5149,5149,5149,0,0,0,0,0,4.761904716491699,100,0,32353087488,8589930496,3002384384,0
199,1786321054754,1002.4678955078125,12600,2,0.3999999999999999,896.1494598388672,12600,2,0.3999999999999999,6179.153884887695,12600,0,0.3999999999999999,5056.921646118164,12600,2,0.3999999999999999,26234.756591796875,5149,1717,5144,5151,5149,5149,5149,5149,0,0,0,0,0,0,100,0,32353087488,8589930496,3002384384,0
199,1786321054954,1002.4712677001953,12666.666666666668,2,0.3999999999999999,896.1540222167969,12666.666666666668,2,0.3999999999999999,6181.557861328125,12666.666666666668,0,0.3999999999999999,5056.928161621094,12666.666666666668,2,0.3999999999999999,26238.15313720703,5149,1717,5144,5151,5149,5149,5149,5149,0,0,0,0,0,0,100,0,32353087488,8589930496,3002384384,0
199,1786321055154,1002.4746856689453,12533.333333333332,2,0.40625,896.1585388183594,12533.333333333332,2,0.40625,6183.96647644043,12533.333333333332,0,0.40625,5056.934280395508,12533.333333333332,2,0.40625,26241.55632019043,5149,1717,5144,5151,5149,5149,5149,5149,0,0,0,0,0,0,100,0,32353087488,8589930496,3002384384,0
199,1786321055354,1002.4783630371094,12600,2,0.3999999999999999,896.1628112792969,12600,2,0.3999999999999999,6186.365707397461,12600,0,0.3999999999999999,5056.9420166015625,12600,2,0.3999999999999999,26244.95245361328,5149,1717,5144,5151,5149,5149,5149,5149,0,0,0,0,0,0,100,0,32353087488,8589930496,3002236928,0
199,1786321055554,1002.4818572998047,12600,2,0.40625,896.1674041748047,12600,2,0.40625,6188.769790649414,12600,0,0.40625,5056.950241088867,12600,2,0.40625,26248.35137939453,5149,1717,5144,5151,5149,5149,5149,5149,0,0,0,0,0,0,100,0,32353087488,8589930496,3002236928,0
199,1786321055754,1002.4853057861328,12533.333333333332,2,0.40625,896.1729125976563,12533.333333333332,2,0.40625,6191.181823730469,12533.333333333332,0,0.40625,5056.957275390625,12533.333333333332,2,0.40625,26251.769622802734,5149,1717,5144,5151,5149,5149,5149,5149,0,0,0,0,0,0,100,0,32353087488,8589930496,3002236928,0
199,1786321055954,1002.4886474609375,12533.333333333332,2,0.40625,896.1778869628906,12533.333333333332,2,0.40625,6193.594329833984,12533.333333333332,0,0.40625,5056.965408325195,12533.333333333332,2,0.40625,26255.168685913086,5149,1717,5144,5151,5149,5149,5149,5149,0,0,0,4.761904716491699,0,0,100,0,32353087488,8589930496,3002236928,0
199,1786321056154,1002.4920959472656,12600,2,0.3999999999999999,896.1826171875,12600,2,0.3999999999999999,6195.998138427734,12600,0,0.3999999999999999,5056.972518920898,12600,2,0.3999999999999999,26258.566360473633,5149,1717,5144,5151,5149,5149,5149,5149,0,0,0,0,0,0,100,0,32353087488,8589930496,3002236928,0
199,1786321056355,1002.4955596923828,12600,2,0.40625,896.1877593994141,12600,2,0.40625,6198.408493041992,12600,0,0.40625,5056.97900390625,12600,2,0.40625,26261.966049194336,5149,1717,5144,5151,5149,5149,5149,5149,0,0,0,0,0,0,100,0,32353087488,8589930496,3002236928,0
199,1786321056555,1002.4991455078125,12533.333333333332,2,0.40625,896.1921997070313,12533.333333333332,2,0.40625,6200.811706542969,12533.333333333332,0,0.40625,5056.986541748047,12533.333333333332,0,0.40625,26265.365463256836,5149,1717,5144,5151,5149,5149,5149,5149,0,0,0,0,0,4.761904716491699,100,0,32353087488,8589930496,3002236928,0
199,1786321056755,1002.5026245117188,12666.666666666668,2,0.3999999999999999,896.1972198486328,12666.666666666668,0,0.3999999999999999,6203.219833374023,12666.666666666668,0,0.3999999999999999,5056.994155883789,12666.666666666668,0,0.3999999999999999,26268.76123046875,5149,1717,5144,5151,5149,5149,5149,5149,0,0,0,0,0,0,100,0,32353087488,8589930496,3002236928,0
199,1786321056955,1002.5060119628906,12533.333333333332,2,0.40625,896.2022247314453,12533.333333333332,0,0.40625,6205.624176025391,12533.333333333332,0,0.40625,5057.000534057617,12533.333333333332,0,0.40625,26272.163192749023,5149,1717,5144,5151,5149,5149,5149,5149,0,0,0,0,0,0,100,0,32353087488,8589930496,3002236928,0
199,1786321057155,1002.5092926025391,12600,2,0.3999999999999999,896.2066040039063,12600,2,0.3999999999999999,6208.029342651367,12600,0,0.3999999999999999,5057.006866455078,12600,2,0.3999999999999999,26275.561096191406,5149,1717,5144,5151,5149,5149,5149,5149,0,0,0,0,0,0,100,0,32353087488,8589930496,3002236928,0
199,1786321057355,1002.5128784179688,12533.333333333332,2,0.40625,896.2124328613281,12533.333333333332,2,0.40625,6210.431167602539,12533.333333333332,0,0.40625,5057.015594482422,12533.333333333332,2,0.40625,26278.961349487305,5149,1717,5144,5151,5149,5149,5149,5149,0,0,0,0,0,0,100,0,32353087488,8589930496,3001954304,0
199,1786321057555,1002.5162811279297,12600,2,0.3999999999999999,896.2173919677734,12600,2,0.3999999999999999,6212.835144042969,12600,0,0.3999999999999999,5057.023574829102,12600,2,0.3999999999999999,26282.359329223633,5149,1717,5144,5151,5149,5149,5149,5149,0,0,0,0,0,0,100,0,32353087488,8589930496,3001954304,0
199,1786321057755,1002.5196685791016,12533.333333333332,2,0.3999999999999999,896.2220611572266,12533.333333333332,2,0.3999999999999999,6215.237945556641,12533.333333333332,0,0.3999999999999999,5057.031188964844,12533.333333333332,2,0.3999999999999999,26285.758087158203,5149,1717,5144,5151,5149,5149,5149,5149,0,0,0,4.761904716491699,0,0,100,0,32353087488,8589930496,3001954304,0
199,1786321057955,1002.5230712890625,12533.333333333332,2,0.40625,896.2272491455078,12533.333333333332,2,0.40625,6217.643417358398,12533.333333333332,0,0.40625,5057.038803100586,12533.333333333332,2,0.40625,26289.157440185547,5149,1717,5144,5151,5149,5149,5149,5149,0,0,4.761904716491699,0,0,0,100,0,32353087488,8589930496,3001954304,0
199,1786321058155,1002.5263519287109,12466.666666666668,2,0.40625,896.2315216064453,12466.666666666668,2,0.40625,6220.0465087890625,12466.666666666668,0,0.40625,5057.0457763671875,12466.666666666668,2,0.40625,26292.557983398438,5149,1717,5144,5151,5149,5149,5149,5149,0,0,0,0,0,0,100,0,32353087488,8589930496,3001954304,0
199,1786321058355,1002.5306854248047,12600,2,0.3999999999999999,896.2359924316406,12600,2,0.3999999999999999,6222.45524597168,12600,0,0.3999999999999999,5057.052215576172,12600,2,0.3999999999999999,26295.97021484375,5149,1717,5144,5151,5149,5149,5149,5149,0,0,0,0,0,0,100,0,32353087488,8589930496,3001954304,0
199,1786321058555,1002.5341949462891,12600,2,0.3999999999999999,896.240234375,12600,2,0.3999999999999999,6224.859069824219,12600,0,0.3999999999999999,5057.058502197266,12600,2,0.3999999999999999,26299.368927001953,5149,1717,5144,5151,5149,5149,5149,5149,0,0,0,0,0,0,100,0,32353087488,8589930496,3001954304,0
199,1786321058756,1002.5376281738281,12533.333333333332,2,0.40625,896.2448425292969,12533.333333333332,2,0.40625,6227.266510009766,12533.333333333332,0,0.40625,5057.067337036133,12533.333333333332,2,0.40625,26302.770309448242,5149,1717,5144,5151,5149,5149,5149,5149,0,0,0,0,0,0,100,0,32353087488,8589930496,3001954304,0
199,1786321058956,1002.5410308837891,12600,2,0.40625,896.2496032714844,12600,2,0.40625,6229.663986206055,12600,0,0.40625,5057.078170776367,12600,2,0.40625,26306.168334960938,5149,1717,5144,5151,5149,5149,5149,5149,0,0,0,0,0,0,100,0,32353087488,8589930496,3001954304,0
199,1786321059156,1002.5444183349609,12533.333333333332,2,0.4125000000000001,896.2538146972656,12533.333333333332,2,0.4125000000000001,6232.066009521484,12533.333333333332,0,0.40625,5057.086898803711,12533.333333333332,0,0.40625,26309.567977905273,5149,1717,5144,5151,5149,5149,5149,5149,0,0,0,0,0,0,100,0,32353087488,8589930496,3001954304,0
199,1786321059356,1002.5484008789063,12533.333333333332,2,0.4125000000000001,896.2581024169922,12533.333333333332,0,0.4125000000000001,6234.428817749023,12533.333333333332,0,0.4125000000000001,5057.142395019531,12533.333333333332,0,0.4125000000000001,26312.965438842773,5149,1717,5144,5151,5149,5149,5149,5149,0,0,0,0,0,0,100,5,32353087488,8589930496,3001954304,0
199,1786321059556,1002.6791381835938,300,2,0.26875000000000004,896.4018859863281,300,2,0.26875000000000004,6236.214218139648,300,0,0.26875000000000004,5057.321670532227,300,0,0.26875000000000004,26316.165252685547,5149,1717,5144,5151,5149,5149,5149,5149,4.761904716491699,9.523809432983398,0,0,5,5,85,4.761904716491699,32353087488,8589930496,2994806784,0
199,1786321059756,1002.6905517578125,12800,2,0.3999999999999999,896.4312896728516,12800,2,0.3999999999999999,6238.577560424805,12800,0,0.3999999999999999,5057.338821411133,12800,2,0.3999999999999999,26319.77262878418,5149,1717,5144,5151,5149,5149,5149,5149,4.761904716491699,9.523809432983398,0,0,5,5,85,4.761904716491699,32353087488,8589930496,2994831360,0
199,1786321059956,1002.6940612792969,12600,2,0.40625,896.4364318847656,12600,2,0.40625,6240.851303100586,12600,0,0.40625,5057.346588134766,12600,2,0.40625,26323.174072265625,5149,1717,5144,5151,5149,5149,5149,5149,0,0,0,0,0,0,100,0,32353087488,8589930496,2994831360,0
199,1786321060156,1002.6976928710938,12600,2,0.40625,896.4417724609375,12600,2,0.40625,6243.122817993164,12600,0,0.40625,5057.353302001953,12600,2,0.40625,26326.574020385742,5149,1717,5144,5151,5149,5149,5149,5149,0,0,0,0,0,0,100,0,32353087488,8589930496,2994831360,0
199,1786321060356,1002.7012786865234,12600,2,0.40625,896.4459381103516,12600,2,0.40625,6245.391418457031,12600,0,0.40625,5057.360733032227,12600,2,0.40625,26329.972106933594,5149,1717,5144,5151,5149,5149,5149,5149,0,0,0,0,0,0,100,0,32353087488,8589930496,2994831360,0
199,1786321060556,1002.7048797607422,12533.333333333332,2,0.40625,896.4504699707031,12533.333333333332,2,0.40625,6247.6573486328125,12533.333333333332,0,0.40625,5057.367416381836,12533.333333333332,2,0.40625,26333.368911743164,5149,1717,5144,5151,5149,5149,5149,5149,0,0,0,0,0,0,100,0,32353087488,8589930496,2994831360,0
199,1786321060756,1002.7083587646484,12533.333333333332,2,0.40625,896.4550323486328,12533.333333333332,2,0.40625,6249.937789916992,12533.333333333332,0,0.40625,5057.373931884766,12533.333333333332,2,0.40625,26336.78399658203,5149,1717,5144,5151,5149,5149,5149,5149,0,0,0,0,0,0,100,0,32353087488,8589930496,2994831360,0
199,1786321060957,1002.7122497558594,12600,2,0.40625,896.4611968994141,12600,2,0.40625,6252.2088623046875,12600,0,0.40625,5057.380081176758,12600,2,0.40625,26340.181610107422,5149,1717,5144,5151,5149,5149,5149,5149,0,0,0,0,0,0,100,0,32353087488,8589930496,2994831360,0
199,1786321061157,1002.7156066894531,12533.333333333332,2,0.40625,896.4656372070313,12533.333333333332,2,0.40625,6254.478530883789,12533.333333333332,0,0.40625,5057.388565063477,12533.333333333332,2,0.40625,26343.58087158203,5149,1717,5144,5151,5149,5149,5149,5149,0,0,0,0,0,0,100,0,32353087488,8589930496,2994991104,0
199,1786321061357,1002.7207336425781,12666.666666666668,2,0.40625,896.4725799560547,12666.666666666668,2,0.40625,6256.734512329102,12600,0,0.3999999999999999,5057.39582824707,12600,0,0.3999999999999999,26346.975875854492,5149,1717,5144,5151,5149,5149,5149,5149,0,0,15.000000953674316,4.761904716491699,0,0,85,0,32353087488,8589930496,2994991104,0
199,1786321061557,1002.7241516113281,12800,2,0.3999999999999999,896.4781951904297,12800,2,0.3999999999999999,6259.003112792969,12800,0,0.3999999999999999,5057.402404785156,12800,2,0.3999999999999999,26350.371627807617,5149,1717,5144,5151,5149,5149,5149,5149,0,0,15.000000953674316,4.761904716491699,0,0,85,0,32353087488,8589930496,2994991104,0
199,1786321061757,1002.7275085449219,12933.333333333334,2,0.3999999999999999,896.4835510253906,12933.333333333334,2,0.3999999999999999,6261.268951416016,12933.333333333334,0,0.3999999999999999,5057.412094116211,12866.666666666666,0,0.3999999999999999,26353.76773071289,5149,1717,5144,5151,5149,5149,5149,5149,0,0,100,0,0,0,0,0,32353087488,8589930496,2994991104,0
199,1786321061957,1002.7309265136719,12600,2,0.40625,896.4891662597656,12533.333333333332,0,0.3999999999999999,6263.549301147461,12533.333333333332,0,0.3999999999999999,5057.418518066406,12533.333333333332,0,0.3999999999999999,26357.17613220215,5149,1717,5144,5151,5149,5149,5149,5149,0,0,100,0,0,0,0,0,32353087488,8589930496,2994991104,0
199,1786321062157,1002.734619140625,12733.333333333332,2,0.3999999999999999,896.4947052001953,12733.333333333332,2,0.3999999999999999,6265.817092895508,12733.333333333332,0,0.3999999999999999,5057.424880981445,12733.333333333332,0,0.3999999999999999,26360.5704498291,5149,1717,5144,5151,5149,5149,5149,5149,0,0,100,0,0,0,0,0,32353087488,8589930496,2994991104,0
199,1786321062357,1002.7388000488281,12666.666666666668,2,0.3999999999999999,896.5009765625,12666.666666666668,2,0.3999999999999999,6268.089904785156,12666.666666666668,0,0.3999999999999999,5057.431838989258,12666.666666666668,2,0.3999999999999999,26363.972122192383,5149,1717,5144,5151,5149,5149,5149,5149,0,0,100,0,4.761904716491699,0,0,0,32353087488,8589930496,2994991104,0
199,1786321062557,1002.7440948486328,12600,2,0.3999999999999999,896.5064086914063,12600,2,0.3999999999999999,6270.358291625977,12600,0,0.3999999999999999,5057.438171386719,12600,2,0.3999999999999999,26367.371948242188,5149,1717,5144,5151,5149,5149,5149,5149,0,4.761904716491699,100,0,0,0,0,0,32353087488,8589930496,2994991104,0
199,1786321062757,1002.7490234375,12800,2,0.3999999999999999,896.5122680664063,12800,2,0.3999999999999999,6272.627426147461,12800,0,0.3999999999999999,5057.444305419922,12800,2,0.3999999999999999,26370.765823364258,5149,1717,5144,5151,5149,5149,5149,5149,0,0,100,0,0,0,0,0,32353087488,8589930496,2994991104,0
199,1786321062957,1002.752685546875,12600,2,0.3999999999999999,896.5181121826172,12600,2,0.3999999999999999,6274.90266418457,12600,0,0.3999999999999999,5057.45149230957,12600,2,0.3999999999999999,26374.16928100586,5149,1717,5144,5151,5149,5149,5149,5149,0,0,100,0,0,0,0,0,32353087488,8589930496,2994991104,0
199,1786321063157,1002.7563934326172,12733.333333333332,2,0.3999999999999999,896.5233001708984,12733.333333333332,2,0.3999999999999999,6277.166610717773,12733.333333333332,0,0.3999999999999999,5057.458221435547,12733.333333333332,2,0.3999999999999999,26377.565063476563,5149,1717,5144,5151,5149,5149,5149,5149,0,0,100,0,0,0,0,0,32353087488,8589930496,2994991104,0
199,1786321063358,1002.7601623535156,12600,2,0.3999999999999999,896.5295715332031,12600,2,0.3999999999999999,6279.442443847656,12600,0,0.3999999999999999,5057.465621948242,12600,2,0.3999999999999999,26380.985748291016,5149,1717,5144,5151,5149,5149,5149,5149,0,0,100,0,0,0,0,0,32353087488,8589930496,2994991104,0
199,1786321063558,1002.7636871337891,12533.333333333332,2,0.40625,896.5346374511719,12533.333333333332,2,0.40625,6281.720474243164,12533.333333333332,0,0.40625,5057.472579956055,12533.333333333332,2,0.40625,26384.384994506836,5149,1717,5144,5151,5149,5149,5149,5149,0,0,100,0,0,0,0,0,32353087488,8589930496,2994991104,0
199,1786321063758,1002.7671508789063,12533.333333333332,2,0.3999999999999999,896.5399017333984,12533.333333333332,2,0.3999999999999999,6283.986083984375,12533.333333333332,0,0.3999999999999999,5057.484680175781,12533.333333333332,2,0.3999999999999999,26387.783294677734,5149,1717,5144,5151,5149,5149,5149,5149,0,0,100,0,0,0,0,0,32353087488,8589930496,2994991104,0
199,1786321063958,1002.7705230712891,12600,2,0.3999999999999999,896.5455474853516,12600,2,0.3999999999999999,6286.257293701172,12600,0,0.3999999999999999,5057.49397277832,12600,2,0.3999999999999999,26391.181198120117,5149,1717,5144,5151,5149,5149,5149,5149,0,0,100,0,0,0,0,0,32353087488,8589930496,2994991104,0
199,1786321064158,1002.774169921875,12600,2,0.3999999999999999,896.5516510009766,12600,2,0.3999999999999999,6288.5316162109375,12600,0,0.3999999999999999,5057.501998901367,12600,2,0.3999999999999999,26394.57992553711,5149,1717,5144,5151,5149,5149,5149,5149,0,0,100,0,0,0,0,0,32353087488,8589930496,2994991104,0
200,1786321064358,1002.7778472900391,12600,2,0.3999999999999999,896.5567016601563,12600,2,0.3999999999999999,6290.798919677734,12600,0,0.3999999999999999,5057.509429931641,12600,0,0.3999999999999999,26397.979125976563,5149,1717,5144,5151,5149,5149,5149,5149,0,0,100,0,0,0,0,0,32353087488,8589930496,2994991104,0
199,1786321064558,1002.7814483642578,12666.666666666668,2,0.3999999999999999,896.562255859375,12666.666666666668,0,0.3999999999999999,6293.067962646484,12666.666666666668,0,0.3999999999999999,5057.518173217773,12666.666666666668,0,0.3999999999999999,26401.375457763672,5149,1717,5144,5151,5149,5149,5149,5149,0,0,100,0,0,0,0,0,32353087488,8589930496,2994991104,0
199,1786321064758,1002.7847595214844,12866.666666666666,2,0.3999999999999999,896.5684814453125,12866.666666666666,2,0.3999999999999999,6295.338241577148,12866.666666666666,0,0.3999999999999999,5057.524627685547,12866.666666666666,0,0.3999999999999999,26404.770950317383,5149,1717,5144,5151,5149,5149,5149,5149,0,0,100,0,0,0,0,0,32353087488,8589930496,2994991104,0
199,1786321064958,1002.7881469726563,12533.333333333332,2,0.40625,896.573486328125,12533.333333333332,2,0.40625,6297.609115600586,12533.333333333332,0,0.40625,5057.531005859375,12533.333333333332,2,0.40625,26408.177856445313,5149,1717,5144,5151,5149,5149,5149,5149,0,0,100,0,0,0,0,0,32353087488,8589930496,2994991104,0
199,1786321065158,1002.7915802001953,12666.666666666668,2,0.40625,896.5788726806641,12666.666666666668,2,0.40625,6299.881729125977,12666.666666666668,0,0.40625,5057.537948608398,12666.666666666668,2,0.40625,26411.573181152344,5149,1717,5144,5151,5149,5149,5149,5149,0,0,100,0,0,0,0,0,32353087488,8589930496,2994991104,0
199,1786321065358,1002.7953338623047,12533.333333333332,2,0.3999999999999999,896.5851898193359,12533.333333333332,2,0.3999999999999999,6302.145492553711,12533.333333333332,0,0.3999999999999999,5057.5452880859375,12533.333333333332,2,0.3999999999999999,26414.974334716797,5149,1717,5144,5151,5149,5149,5149,5149,0,0,100,0,0,0,0,0,32353087488,8589930496,2994991104,0
199,1786321065558,1002.7989044189453,12666.666666666668,2,0.3999999999999999,896.5901794433594,12666.666666666668,2,0.3999999999999999,6304.412689208984,12666.666666666668,0,0.3999999999999999,5057.55354309082,12666.666666666668,2,0.3999999999999999,26418.370407104492,5149,1717,5144,5151,5149,5149,5149,5149,0,0,100,0,0,0,0,0,32353087488,8589930496,2994991104,0
199,1786321065759,1002.8022155761719,12733.333333333332,2,0.3999999999999999,896.5959320068359,12733.333333333332,2,0.3999999999999999,6306.6871337890625,12733.333333333332,0,0.3999999999999999,5057.561737060547,12733.333333333332,2,0.3999999999999999,26421.76887512207,5149,1717,5144,5151,5149,5149,5149,5149,0,0,100,0,0,0,0,0,32353087488,8589930496,2994991104,0
199,1786321065959,1002.8056640625,12666.666666666668,2,0.40625,896.6011047363281,12666.666666666668,2,0.40625,6308.9588623046875,12666.666666666668,0,0.40625,5057.568786621094,12666.666666666668,2,0.40625,26425.185302734375,5149,1717,5144,5151,5149,5149,5149,5149,0,0,100,0,0,0,0,0,32353087488,8589930496,2994991104,0
199,1786321066159,1002.8091125488281,12600,2,0.40625,896.6057739257813,12600,2,0.40625,6311.237243652344,12600,0,0.40625,5057.577133178711,12600,2,0.40625,26428.587142944336,5149,1717,5144,5151,5149,5149,5149,5149,0,0,100,0,0,0,0,0,32353087488,8589930496,2994991104,0
199,1786321066359,1002.8131103515625,12533.333333333332,2,0.40625,896.6109619140625,12533.333333333332,2,0.40625,6313.503555297852,12533.333333333332,0,0.40625,5057.586837768555,12533.333333333332,2,0.40625,26431.986068725586,5149,1717,5144,5151,5149,5149,5149,5149,0,0,100,0,0,0,0,0,32353087488,8589930496,2994991104,0
199,1786321066559,1002.8165740966797,12733.333333333332,2,0.40625,896.6156921386719,12733.333333333332,2,0.40625,6315.769775390625,12733.333333333332,0,0.40625,5057.595138549805,12733.333333333332,2,0.40625,26435.379440307617,5149,1717,5144,5151,5149,5149,5149,5149,0,0,100,0,0,0,0,0,32353087488,8589930496,2994991104,0
199,1786321066759,1002.8198547363281,12600,2,0.3999999999999999,896.6210327148438,12600,2,0.3999999999999999,6318.046142578125,12600,0,0.3999999999999999,5057.603500366211,12600,2,0.3999999999999999,26438.783279418945,5149,1717,5144,5151,5149,5149,5149,5149,0,0,100,0,0,0,0,0,32353087488,8589930496,2994991104,0
199,1786321066959,1002.8231048583984,12600,2,0.40625,896.6258392333984,12533.333333333332,2,0.40625,6320.315811157227,12533.333333333332,0,0.40625,5057.609939575195,12533.333333333332,0,0.40625,26442.18276977539,5149,1717,5144,5151,5149,5149,5149,5149,0,0,100,0,0,0,0,0,32353087488,8589930496,2994991104,0
199,1786321067159,1002.8264465332031,12666.666666666668,2,0.40625,896.6307983398438,12666.666666666668,2,0.40625,6322.579345703125,12666.666666666668,0,0.40625,5057.618637084961,12666.666666666668,0,0.40625,26445.580047607422,5149,1717,5144,5151,5149,5149,5149,5149,0,0,100,0,0,0,0,0,32353087488,8589930496,2994991104,0
199,1786321067359,1002.8300323486328,12533.333333333332,2,0.40625,896.6357116699219,12533.333333333332,2,0.40625,6324.847686767578,12533.333333333332,0,0.40625,5057.627105712891,12533.333333333332,2,0.40625,26448.98114013672,5149,1717,5144,5151,5149,5149,5149,5149,0,0,100,4.761904716491699,0,0,0,0,32353087488,8589930496,2994991104,0
199,1786321067559,1002.8333740234375,12666.666666666668,2,0.3999999999999999,896.6408233642578,12666.666666666668,2,0.3999999999999999,6327.109771728516,12666.666666666668,0,0.3999999999999999,5057.635757446289,12666.666666666668,2,0.3999999999999999,26452.376525878906,5149,1717,5144,5151,5149,5149,5149,5149,0,0,100,0,0,0,0,0,32353087488,8589930496,2994991104,0
199,1786321067759,1002.8367156982422,12733.333333333332,2,0.3999999999999999,896.6464080810547,12733.333333333332,2,0.3999999999999999,6329.379974365234,12733.333333333332,0,0.3999999999999999,5057.644241333008,12733.333333333332,2,0.3999999999999999,26455.774993896484,5149,1717,5144,5151,5149,5149,5149,5149,0,0,100,0,0,0,0,0,32353087488,8589930496,2994991104,0
199,1786321067959,1002.8401031494141,12666.666666666668,2,0.3999999999999999,896.6516571044922,12666.666666666668,2,0.3999999999999999,6331.65217590332,12666.666666666668,0,0.3999999999999999,5057.65087890625,12666.666666666668,2,0.3999999999999999,26459.17544555664,5149,1717,5144,5151,5149,5149,5149,5149,0,0,100,0,0,0,0,0,32353087488,8589930496,2994991104,0
199,1786321068160,1002.8434295654297,12533.333333333332,2,0.40625,896.6569213867188,12533.333333333332,2,0.40625,6333.92333984375,12533.333333333332,0,0.40625,5057.658340454102,12533.333333333332,2,0.40625,26462.576446533203,5149,1717,5144,5151,5149,5149,5149,5149,0,0,100,0,0,0,0,0,32353087488,8589930496,2994991104,0
199,1786321068360,1002.846923828125,12733.333333333332,2,0.3999999999999999,896.6627655029297,12733.333333333332,2,0.3999999999999999,6336.191864013672,12733.333333333332,0,0.3999999999999999,5057.664978027344,12733.333333333332,2,0.3999999999999999,26465.971069335938,5149,1717,5144,5151,5149,5149,5149,5149,0,0,100,0,0,0,0,0,32353087488,8589930496,2994991104,0
199,1786321068560,1002.8503112792969,12600,2,0.3999999999999999,896.6678924560547,12600,2,0.3999999999999999,6338.462509155273,12600,0,0.3999999999999999,5057.671844482422,12600,2,0.3999999999999999,26469.390213012695,5149,1717,5144,5151,5149,5149,5149,5149,0,0,100,0,0,0,0,0,32353087488,8589930496,2994991104,0
199,1786321068760,1002.8560333251953,12466.666666666668,2,0.40625,896.6741790771484,12466.666666666668,2,0.40625,6340.743621826172,12466.666666666668,0,0.40625,5057.683242797852,12466.666666666668,2,0.40625,26472.794876098633,5149,1717,5144,5151,5149,5149,5149,5149,4.761904716491699,0,100,0,0,0,0,0,32353087488,8589930496,2994991104,0
199,1786321068960,1002.8593444824219,12866.666666666666,2,0.3999999999999999,896.6795043945313,12866.666666666666,2,0.3999999999999999,6343.0107421875,12866.666666666666,0,0.3999999999999999,5057.692733764648,12866.666666666666,2,0.3999999999999999,26476.18196105957,5149,1717,5144,5151,5149,5149,5149,5149,0,0,100,0,0,0,0,0,32353087488,8589930496,2994991104,0
199,1786321069160,1002.8626098632813,12600,2,0.3999999999999999,896.685302734375,12600,2,0.3999999999999999,6345.287048339844,12600,0,0.3999999999999999,5057.699447631836,12600,2,0.3999999999999999,26479.587768554688,5149,1717,5144,5151,5149,5149,5149,5149,0,0,100,0,0,0,0,0,32353087488,8589930496,2994991104,0
199,1786321069360,1002.8660430908203,12800,2,0.3999999999999999,896.6914367675781,12800,2,0.3999999999999999,6347.553726196289,12800,0,0.3999999999999999,5057.709045410156,12800,2,0.3999999999999999,26482.982360839844,5149,1717,5144,5151,5149,5149,5149,5149,0,0,100,0,0,0,0,0,32353087488,8589930496,2994991104,0
199,1786321069560,1002.8694152832031,12600,2,0.3999999999999999,896.6965026855469,12600,2,0.3999999999999999,6349.82633972168,12600,0,0.3999999999999999,5057.715621948242,12600,0,0.3999999999999999,26486.386169433594,5149,1717,5144,5151,5149,5149,5149,5149,0,0,100,0,0,0,0,0,32353087488,8589930496,2994991104,0
199,1786321069760,1002.8733825683594,12600,2,0.4125000000000001,896.7012786865234,12733.333333333332,2,0.40625,6352.090393066406,12733.333333333332,0,0.40625,5057.722015380859,12733.333333333332,0,0.40625,26489.783935546875,5149,1717,5144,5151,5149,5149,5149,5149,0,4.761904716491699,100,0,0,0,0,0,32353087488,8589930496,2994991104,0
199,1786321069960,1002.8767242431641,12733.333333333332,2,0.3999999999999999,896.7065582275391,12733.333333333332,2,0.3999999999999999,6354.360488891602,12733.333333333332,0,0.3999999999999999,5057.728500366211,12733.333333333332,0,0.3999999999999999,26493.178604125977,5149,1717,5144,5151,5149,5149,5149,5149,0,0,100,0,0,0,0,0,32353087488,8589930496,2994991104,0
199,1786321070160,1002.8800964355469,12733.333333333332,2,0.3999999999999999,896.7129516601563,12733.333333333332,2,0.3999999999999999,6356.6322021484375,12733.333333333332,0,0.3999999999999999,5057.734954833984,12733.333333333332,2,0.3999999999999999,26496.578338623047,5149,1717,5144,5151,5149,5149,5149,5149,0,4.761904716491699,100,0,0,0,0,0,32353087488,8589930496,2994991104,0
199,1786321070360,1002.8843688964844,12533.333333333332,2,0.4125000000000001,896.7176971435547,12533.333333333332,2,0.4125000000000001,6358.897430419922,12533.333333333332,0,0.4125000000000001,5057.741470336914,12533.333333333332,2,0.4125000000000001,26499.982696533203,5149,1717,5144,5151,5149,5149,5149,5149,0,0,100,0,0,0,0,0,32353087488,8589930496,2994991104,0
199,1786321070561,1002.8888244628906,12666.666666666668,2,0.3999999999999999,896.7224884033203,12666.666666666668,2,0.3999999999999999,6361.164855957031,12666.666666666668,0,0.3999999999999999,5057.747787475586,12666.666666666668,2,0.3999999999999999,26503.3779296875,5149,1717,5144,5151,5149,5149,5149,5149,0,0,100,0,0,0,0,0,32353087488,8589930496,2994991104,0
199,1786321070761,1002.8922424316406,12800,2,0.3999999999999999,896.7278594970703,12800,2,0.3999999999999999,6363.434768676758,12800,0,0.3999999999999999,5057.754440307617,12800,2,0.3999999999999999,26506.77442932129,5149,1717,5144,5151,5149,5149,5149,5149,0,0,100,0,0,0,0,0,32353087488,8589930496,2994991104,0
199,1786321070961,1002.8955383300781,12800,2,0.3999999999999999,896.7330932617188,12800,2,0.3999999999999999,6365.705764770508,12800,0,0.3999999999999999,5057.761077880859,12800,2,0.3999999999999999,26510.17315673828,5149,1717,5144,5151,5149,5149,5149,5149,0,0,100,0,0,0,0,0,32353087488,8589930496,2994991104,0
199,1786321071161,1002.8988647460938,12733.333333333332,2,0.40625,896.7383117675781,12733.333333333332,2,0.40625,6367.98161315918,12733.333333333332,0,0.40625,5057.768402099609,12733.333333333332,2,0.40625,26513.573471069336,5149,1717,5144,5151,5149,5149,5149,5149,0,0,100,0,0,0,0,0,32353087488,8589930496,2994991104,0
199,1786321071361,1002.9029083251953,12600,2,0.3999999999999999,896.7434997558594,12600,2,0.3999999999999999,6370.225646972656,12600,0,0.3999999999999999,5057.828033447266,12600,2,0.3999999999999999,26516.99139404297,5149,1717,5144,5151,5149,5149,5149,5149,0,0,100,0,0,0,0,5,32353087488,8589930496,2994987008,0
199,1786321071561,1002.9063415527344,12600,2,0.3999999999999999,896.7488098144531,12600,2,0.3999999999999999,6372.493728637695,12600,0,0.3999999999999999,5057.836608886719,12600,2,0.3999999999999999,26520.391387939453,5149,1717,5144,5151,5149,5149,5149,5149,0,0,100,0,0,0,0,0,32353087488,8589930496,2994987008,0
199,1786321071761,1002.9095916748047,12533.333333333332,2,0.40625,896.7540283203125,12533.333333333332,2,0.40625,6374.766098022461,12533.333333333332,0,0.40625,5057.844299316406,12533.333333333332,2,0.40625,26523.791061401367,5149,1717,5144,5151,5149,5149,5149,5149,0,0,100,0,0,0,0,0,32353087488,8589930496,2994987008,0
199,1786321071961,1002.912841796875,12600,2,0.3999999999999999,896.7588348388672,12600,2,0.3999999999999999,6377.03547668457,12600,0,0.3999999999999999,5057.8507080078125,12600,0,0.3999999999999999,26527.188262939453,5149,1717,5144,5151,5149,5149,5149,5149,0,0,100,0,0,0,0,0,32353087488,8589930496,2994987008,0
199,1786321072161,1002.9160308837891,12600,2,0.3999999999999999,896.7637786865234,12533.333333333332,0,0.40625,6379.306945800781,12533.333333333332,0,0.40625,5057.858596801758,12533.333333333332,0,0.40625,26530.587997436523,5149,1717,5144,5151,5149,5149,5149,5149,0,0,100,0,0,0,0,0,32353087488,8589930496,2994987008,0
199,1786321072361,1002.9193572998047,12533.333333333332,2,0.40625,896.7683868408203,12533.333333333332,2,0.40625,6381.573883056641,12533.333333333332,0,0.40625,5057.865219116211,12533.333333333332,0,0.40625,26533.98745727539,5149,1717,5144,5151,5149,5149,5149,5149,0,0,100,0,0,0,0,0,32353087488,8589930496,2994987008,0
199,1786321072561,1002.9227142333984,12533.333333333332,2,0.40625,896.7733306884766,12533.333333333332,2,0.40625,6383.8436279296875,12533.333333333332,0,0.40625,5057.873809814453,12533.333333333332,2,0.40625,26537.385620117188,5149,1717,5144,5151,5149,5149,5149,5149,0,0,100,0,0,0,0,0,32353087488,8589930496,2994987008,0
199,1786321072762,1002.9261779785156,12800,2,0.3999999999999999,896.7784576416016,12800,2,0.3999999999999999,6386.113143920898,12800,0,0.3999999999999999,5057.88215637207,12800,2,0.3999999999999999,26540.778564453125,5149,1717,5144,5151,5149,5149,5149,5149,0,0,100,9.090909004211426,0,0,0,0,32353087488,8589930496,2994987008,0
199,1786321072962,1002.9295349121094,12533.333333333332,2,0.40625,896.7831573486328,12533.333333333332,2,0.40625,6388.386566162109,12533.333333333332,0,0.40625,5057.889114379883,12533.333333333332,2,0.40625,26544.184341430664,5149,1717,5144,5151,5149,5149,5149,5149,0,0,100,0,0,0,0,0,32353087488,8589930496,2994987008,0
199,1786321073162,1002.9328460693359,12533.333333333332,2,0.40625,896.7878112792969,12533.333333333332,2,0.40625,6390.658706665039,12533.333333333332,0,0.40625,5057.896087646484,12533.333333333332,2,0.40625,26547.583419799805,5149,1717,5144,5151,5149,5149,5149,5149,0,0,100,0,0,0,0,0,32353087488,8589930496,2994987008,0
199,1786321073362,1002.9366149902344,12600,2,0.40625,896.7940216064453,12600,2,0.40625,6392.922027587891,12600,0,0.40625,5057.904159545898,12600,2,0.40625,26550.981735229492,5149,1717,5144,5151,5149,5149,5149,5149,0,0,100,0,0,0,0,0,32353087488,8589930496,2994987008,0
199,1786321073562,1002.9399261474609,12600,2,0.3999999999999999,896.79833984375,12600,2,0.3999999999999999,6395.187210083008,12600,0,0.3999999999999999,5057.910690307617,12600,2,0.3999999999999999,26554.378662109375,5149,1717,5144,5151,5149,5149,5149,5149,0,0,100,0,0,0,0,0,32353087488,8589930496,2994987008,0
199,1786321073762,1002.9432525634766,12933.333333333334,2,0.3999999999999999,896.8039245605469,12933.333333333334,2,0.3999999999999999,6397.46955871582,12933.333333333334,0,0.3999999999999999,5057.91943359375,12933.333333333334,2,0.3999999999999999,26557.787063598633,5149,1717,5144,5151,5149,5149,5149,5149,0,0,100,0,0,0,0,0,32353087488,8589930496,2994987008,0
199,1786321073962,1002.946533203125,12600,2,0.40625,896.8095092773438,12600,2,0.40625,6399.751876831055,12600,0,0.40625,5057.925994873047,12600,2,0.40625,26561.195770263672,5149,1717,5144,5151,5149,5149,5149,5149,0,0,100,0,0,0,0,0,32353087488,8589930496,2994987008,0
199,1786321074162,1002.9498291015625,12533.333333333332,2,0.40625,896.8139190673828,12533.333333333332,2,0.40625,6402.022964477539,12533.333333333332,0,0.40625,5057.934219360352,12533.333333333332,2,0.40625,26564.59539794922,5149,1717,5144,5151,5149,5149,5149,5149,0,0,100,0,0,0,0,0,32353087488,8589930496,2994987008,0
199,1786321074362,1002.9537200927734,12600,2,0.40625,896.8185577392578,12600,2,0.3999999999999999,6404.287155151367,12600,0,0.3999999999999999,5057.943283081055,12600,0,0.3999999999999999,26567.99281311035,5149,1717,5144,5151,5149,5149,5149,5149,0,0,100,0,0,0,0,0,32353087488,8589930496,2994987008,0
199,1786321074562,1002.95703125,12733.333333333332,2,0.3999999999999999,896.8238372802734,12733.333333333332,2,0.3999999999999999,6406.558624267578,12733.333333333332,0,0.3999999999999999,5057.951644897461,12733.333333333332,0,0.3999999999999999,26571.389221191406,5149,1717,5144,5151,5149,5149,5149,5149,0,0,100,0,0,0,0,0,32353087488,8589930496,2994987008,0
199,1786321074762,1002.9604339599609,12600,2,0.40625,896.8281860351563,12600,0,0.40625,6408.828903198242,12600,0,0.40625,5057.959259033203,12600,0,0.40625,26574.79167175293,5149,1717,5144,5151,5149,5149,5149,5149,0,0,100,0,0,0,0,0,32353087488,8589930496,2994987008,0
199,1786321074962,1002.9648284912109,12600,2,0.3999999999999999,896.8326416015625,12600,2,0.3999999999999999,6411.097076416016,12600,0,0.3999999999999999,5057.965759277344,12600,0,0.3999999999999999,26578.189575195313,5149,1717,5144,5151,5149,5149,5149,5149,0,0,100,0,0,0,0,0,32353087488,8589930496,2994987008,0
199,1786321075163,1002.9681701660156,12600,2,0.3999999999999999,896.8378448486328,12600,2,0.3999999999999999,6413.371688842773,12600,0,0.3999999999999999,5057.972122192383,12600,2,0.3999999999999999,26581.588775634766,5149,1717,5144,5151,5149,5149,5149,5149,0,0,100,0,0,0,0,0,32353087488,8589930496,2994987008,0
199,1786321075363,1002.9718933105469,12533.333333333332,2,0.3999999999999999,896.8428344726563,12533.333333333332,2,0.3999999999999999,6415.645706176758,12533.333333333332,0,0.3999999999999999,5057.980072021484,12533.333333333332,2,0.3999999999999999,26584.988342285156,5149,1717,5144,5151,5149,5149,5149,5149,0,0,100,0,0,0,0,0,32353087488,8589930496,2994987008,0
199,1786321075563,1002.9752655029297,12800,2,0.40625,896.8476409912109,12800,2,0.40625,6417.913787841797,12800,0,0.40625,5057.986282348633,12800,2,0.40625,26588.38166809082,5149,1717,5144,5151,5149,5149,5149,5149,0,0,100,0,0,0,0,0,32353087488,8589930496,2994987008,0
199,1786321075763,1002.9785766601563,12533.333333333332,2,0.40625,896.8524780273438,12533.333333333332,2,0.40625,6420.18815612793,12533.333333333332,0,0.40625,5057.993255615234,12533.333333333332,2,0.40625,26591.786651611328,5149,1717,5144,5151,5149,5149,5149,5149,0,0,100,0,0,0,0,0,32353087488,8589930496,2994987008,0
199,1786321075963,1002.9818572998047,12533.333333333332,2,0.40625,896.8571319580078,12533.333333333332,2,0.40625,6422.45783996582,12533.333333333332,0,0.40625,5057.999450683594,12533.333333333332,2,0.40625,26595.185455322266,5149,1717,5144,5151,5149,5149,5149,5149,0,4.761904716491699,100,0,0,0,0,0,32353087488,8589930496,2994987008,0
199,1786321076163,1002.9851837158203,12600,2,0.40625,896.8616790771484,12600,2,0.40625,6424.726486206055,12600,0,0.40625,5058.00732421875,12600,2,0.40625,26598.58265686035,5149,1717,5144,5151,5149,5149,5149,5149,0,0,100,0,0,0,0,0,32353087488,8589930496,2994987008,0
199,1786321076363,1002.9886016845703,12600,2,0.3999999999999999,896.8668365478516,12600,2,0.3999999999999999,6427.007369995117,12600,0,0.3999999999999999,5058.014739990234,12600,2,0.3999999999999999,26601.998275756836,5149,1717,5144,5151,5149,5149,5149,5149,0,0,100,0,0,0,0,0,32353087488,8589930496,2994987008,0
199,1786321076563,1002.9919891357422,12533.333333333332,2,0.40625,896.87109375,12533.333333333332,2,0.40625,6429.275009155273,12533.333333333332,0,0.40625,5058.02116394043,12533.333333333332,2,0.40625,26605.398696899414,5149,1717,5144,5151,5149,5149,5149,5149,0,0,100,0,0,0,0,0,32353087488,8589930496,2994987008,0
199,1786321076763,1002.9953460693359,12533.333333333332,2,0.40625,896.8758087158203,12533.333333333332,2,0.40625,6431.548446655273,12533.333333333332,0,0.40625,5058.029373168945,12533.333333333332,2,0.40625,26608.797592163086,5149,1717,5144,5151,5149,5149,5149,5149,0,0,100,0,0,0,0,0,32353087488,8589930496,2994987008,0
199,1786321076963,1002.9986877441406,12533.333333333332,2,0.40625,896.880126953125,12533.333333333332,2,0.40625,6433.817672729492,12533.333333333332,0,0.40625,5058.03662109375,12533.333333333332,2,0.40625,26612.19610595703,5149,1717,5144,5151,5149,5149,5149,5149,0,0,100,0,0,0,0,0,32353087488,8589930496,2994987008,0
199,1786321077163,1003.0020904541016,12733.333333333332,2,0.3999999999999999,896.8847045898438,12733.333333333332,2,0.3999999999999999,6436.087753295898,12733.333333333332,0,0.3999999999999999,5058.044158935547,12733.333333333332,0,0.3999999999999999,26615.590545654297,5149,1717,5144,5151,5149,5149,5149,5149,0,0,100,0,0,0,0,0,32353087488,8589930496,2994987008,0
199,1786321077363,1003.0060424804688,12533.333333333332,2,0.40625,896.8944702148438,12533.333333333332,0,0.40625,6438.352493286133,12533.333333333332,0,0.40625,5058.0523681640625,12533.333333333332,0,0.40625,26618.99432373047,5149,1717,5144,5151,5149,5149,5149,5149,0,0,100,0,0,0,0,0,32353087488,8589930496,2994987008,0
199,1786321077564,1003.0095367431641,12533.333333333332,2,0.40625,896.8987884521484,12533.333333333332,2,0.40625,6440.618026733398,12533.333333333332,0,0.40625,5058.058639526367,12533.333333333332,0,0.40625,26622.393295288086,5149,1717,5144,5151,5149,5149,5149,5149,0,0,100,0,0,0,0,0,32353087488,8589930496,2994987008,0
199,1786321077764,1003.0130767822266,12600,2,0.40625,896.9033966064453,12600,2,0.40625,6442.889053344727,12600,0,0.40625,5058.064727783203,12600,2,0.40625,26625.79037475586,5149,1717,5144,5151,5149,5149,5149,5149,0,0,100,0,0,0,0,0,32353087488,8589930496,2994987008,0
199,1786321077964,1003.0164947509766,12600,2,0.3999999999999999,896.9078369140625,12600,2,0.3999999999999999,6445.161361694336,12600,0,0.3999999999999999,5058.071014404297,12600,2,0.3999999999999999,26629.18910217285,5149,1717,5144,5151,5149,5149,5149,5149,0,0,100,4.761904716491699,0,0,0,0,32353087488,8589930496,2994987008,0
199,1786321078164,1003.0199279785156,12533.333333333332,2,0.40625,896.9121398925781,12533.333333333332,2,0.40625,6447.432632446289,12533.333333333332,0,0.40625,5058.077484130859,12533.333333333332,2,0.40625,26632.590393066406,5149,1717,5144,5151,5149,5149,5149,5149,0,0,100,0,0,0,0,0,32353087488,8589930496,2994987008,0
199,1786321078364,1003.0236206054688,12600,2,0.40625,896.9166107177734,12600,2,0.40625,6449.699966430664,12600,0,0.40625,5058.085067749023,12600,2,0.40625,26635.98745727539,5149,1717,5144,5151,5149,5149,5149,5149,0,0,100,0,0,0,0,0,32353087488,8589930496,2994987008,0
199,1786321078564,1003.0270843505859,12533.333333333332,2,0.40625,896.9211883544922,12533.333333333332,2,0.40625,6451.969543457031,12533.333333333332,0,0.40625,5058.091857910156,12533.333333333332,2,0.40625,26639.38835144043,5149,1717,5144,5151,5149,5149,5149,5149,0,0,100,0,0,0,0,0,32353087488,8589930496,2994987008,0
199,1786321078764,1003.0304107666016,12600,2,0.3999999999999999,896.9259490966797,12600,2,0.3999999999999999,6454.250305175781,12600,0,0.3999999999999999,5058.098175048828,12600,2,0.3999999999999999,26642.803009033203,5149,1717,5144,5151,5149,5149,5149,5149,0,0,100,0,0,0,0,0,32353087488,8589930496,2994987008,0
199,1786321078964,1003.0338287353516,12533.333333333332,2,0.40625,896.9309844970703,12533.333333333332,2,0.40625,6456.526016235352,12533.333333333332,0,0.40625,5058.105361938477,12533.333333333332,2,0.40625,26646.202835083008,5149,1717,5144,5151,5149,5149,5149,5149,0,0,100,4.761904716491699,0,0,0,0,32353087488,8589930496,2994987008,0
199,1786321079164,1003.0371856689453,12600,2,0.40625,896.9355010986328,12600,2,0.40625,6458.797576904297,12600,0,0.40625,5058.11164855957,12600,2,0.40625,26649.599517822266,5149,1717,5144,5151,5149,5149,5149,5149,0,0,100,0,0,0,0,0,32353087488,8589930496,2994987008,0
199,1786321079364,1003.0411682128906,12466.666666666668,2,0.40625,896.9395599365234,12466.666666666668,2,0.40625,6461.071029663086,12466.666666666668,0,0.40625,5058.117874145508,12466.666666666668,2,0.40625,26653.002197265625,5149,1717,5144,5151,5149,5149,5149,5149,0,0,100,0,0,0,0,0,32353087488,8589930496,2994987008,0
199,1786321079564,1003.0453491210938,12666.666666666668,2,0.3999999999999999,896.9432983398438,12666.666666666668,2,0.3999999999999999,6463.334930419922,12666.666666666668,0,0.3999999999999999,5058.124298095703,12666.666666666668,0,0.3999999999999999,26656.395233154297,5149,1717,5144,5151,5149,5149,5149,5149,0,0,100,0,0,0,0,0,32353087488,8589930496,2994987008,0
199,1786321079764,1003.0494842529297,12600,2,0.40625,896.9472045898438,12600,0,0.40625,6465.60661315918,12600,0,0.40625,5058.130599975586,12600,0,0.40625,26659.798233032227,5149,1717,5144,5151,5149,5149,5149,5149,0,0,100,0,0,0,0,0,32353087488,8589930496,2994987008,0
199,1786321079965,1003.0535125732422,12533.333333333332,2,0.3999999999999999,896.9510498046875,12533.333333333332,2,0.3999999999999999,6467.878692626953,12533.333333333332,0,0.3999999999999999,5058.136901855469,12533.333333333332,0,0.3999999999999999,26663.197311401367,5149,1717,5144,5151,5149,5149,5149,5149,0,0,100,0,0,0,0,0,32353087488,8589930496,2994987008,0
200,1786321080165,1003.0582427978516,12600,2,0.3999999999999999,896.9550170898438,12600,2,0.3999999999999999,6470.14225769043,12600,0,0.3999999999999999,5058.143814086914,12600,2,0.3999999999999999,26666.595733642578,5149,1717,5144,5151,5149,5149,5149,5149,0,0,100,0,0,0,0,4.761904716491699,32353087488,8589930496,2994987008,0
0,1786321080365,1003.1180114746094,28800,0,1.475,897.0126647949219,28800,0,1.475,6470.889739990234,28800,0,1.475,5058.215362548828,28800,0,1.475,26668.331787109375,5149,1717,5144,5151,5149,5149,5149,5149,0,0,30.000001907348633,0,0,0,0,5,32353087488,8589930496,2766794752,0
