Delta,Time,CORE0_ENERGY (J),CORE0_FREQ (MHZ),CORE0_PSTATE,CORE0_VOLT (V),CORE1_ENERGY (J),CORE1_FREQ (MHZ),CORE1_PSTATE,CORE1_VOLT (V),CORE2_ENERGY (J),CORE2_FREQ (MHZ),CORE2_PSTATE,CORE2_VOLT (V),CORE3_ENERGY (J),CORE3_FREQ (MHZ),CORE3_PSTATE,CORE3_VOLT (V),CPU_ENERGY (J),CPU_FREQUENCY_0,CPU_FREQUENCY_1,CPU_FREQUENCY_2,CPU_FREQUENCY_3,CPU_FREQUENCY_4,CPU_FREQUENCY_5,CPU_FREQUENCY_6,CPU_FREQUENCY_7,CPU_USAGE_0,CPU_USAGE_1,CPU_USAGE_2,CPU_USAGE_3,CPU_USAGE_4,CPU_USAGE_5,CPU_USAGE_6,CPU_USAGE_7,TOTAL_MEMORY,TOTAL_SWAP,USED_MEMORY,USED_SWAP
0,1786321598641,1014.0621032714844,300,0,0.75625,909.8463287353516,300,0,0.75625,8297.862991333008,300,2,0.75625,6362.67512512207,300,2,0.75625,32127.55046081543,605,605,5150,605,605,605,605,2244,3.846153974533081,3.846153974533081,3.7037036418914795,3.5714287757873535,7.142857551574707,3.7037036418914795,3.7037036418914795,7.142857551574707,32353087488,8589930496,2759233536,0
200,1786321598641,1014.065185546875,300,0,0.2749999999999999,909.8479919433594,300,0,0.2749999999999999,8297.863479614258,300,0,0.2749999999999999,6362.675155639648,300,2,0.2749999999999999,32127.55975341797,605,605,5150,605,605,605,605,2244,3.846153974533081,3.846153974533081,3.7037036418914795,3.5714287757873535,7.142857551574707,3.7037036418914795,3.7037036418914795,7.142857551574707,32353087488,8589930496,2759233536,0
199,1786321598841,1014.2433166503906,15666.666666666666,2,0.30000000000000004,910.0597534179688,15666.666666666666,2,0.30000000000000004,8299.929473876953,15666.666666666666,0,0.30000000000000004,6362.884475708008,15666.666666666666,2,0.30000000000000004,32131.31901550293,605,605,5150,605,605,605,605,2244,0,9.523809432983398,78.94737243652344,5.263157844543457,5,10,5,5,32353087488,8589930496,3008249856,0
199,1786321599041,1014.2524719238281,15600,2,0.3125,910.0700073242188,15600,2,0.3125,8302.892379760742,15600,0,0.3125,6362.892440795898,15600,2,0.3125,32135.51988220215,605,605,5150,605,605,605,605,2244,4.761904716491699,0,100,0,0,0,4.761904716491699,0,32353087488,8589930496,3008249856,0
199,1786321599241,1014.2600402832031,15800,2,0.3062499999999999,910.0801544189453,15800,2,0.3062499999999999,8305.860229492188,15800,0,0.3062499999999999,6362.898834228516,15800,2,0.3062499999999999,32139.739837646484,605,605,5150,605,605,605,605,2244,0,0,100,0,0,0,0,0,32353087488,8589930496,3008249856,0
199,1786321599441,1014.2679901123047,15466.666666666666,2,0.3125,910.0891723632813,15466.666666666666,2,0.3125,8308.84439086914,15466.666666666666,0,0.3125,6362.906036376953,15466.666666666666,2,0.3125,32143.941284179688,605,605,5150,605,605,605,605,2244,0,0,100,0,0,0,0,0,32353087488,8589930496,3008249856,0
199,1786321599641,1014.2765197753906,15466.666666666666,2,0.31874999999999987,910.1017303466797,15466.666666666666,2,0.31874999999999987,8311.807495117188,15466.666666666666,0,0.31874999999999987,6362.912780761719,15466.666666666666,2,0.31874999999999987,32148.14112854004,605,605,5150,605,605,605,605,2244,0,0,100,0,0,0,0,0,32353087488,8589930496,3008249856,0
199,1786321599841,1014.2840118408203,15466.666666666666,2,0.3125,910.112548828125,15466.666666666666,2,0.3125,8314.776672363281,15466.666666666666,0,0.3125,6362.919479370117,15466.666666666666,2,0.3125,32152.34117126465,605,605,5150,605,605,605,605,2244,0,0,100,0,0,0,0,0,32353087488,8589930496,3008249856,0
199,1786321600042,1014.2916870117188,16600,2,0.28749999999999987,910.1197814941406,16600,2,0.28749999999999987,8317.745742797852,16600,0,0.28749999999999987,6362.9268798828125,16600,0,0.29374999999999996,32156.536041259766,605,605,5150,605,605,605,605,2244,0,0,95.23809814453125,0,0,0,0,0,32353087488,8589930496,3008471040,0
199,1786321600242,1014.2996673583984,15600,2,0.3125,910.1275939941406,15600,0,0.3125,8320.704635620117,15600,0,0.3125,6362.939071655273,15600,0,0.3125,32160.740478515625,605,605,5150,605,605,605,605,2244,0,0,100,0,0,0,0,0,32353087488,8589930496,3008471040,0
199,1786321600442,1014.310302734375,15466.666666666666,0,0.31874999999999987,910.13427734375,15466.666666666666,0,0.31874999999999987,8323.676666259766,15466.666666666666,0,0.31874999999999987,6362.945938110352,15466.666666666666,2,0.31874999999999987,32164.94139099121,605,605,5150,605,605,605,605,2244,0,0,100,0,0,0,0,0,32353087488,8589930496,3008471040,0
199,1786321600642,1014.3177642822266,15466.666666666666,2,0.31874999999999987,910.1406402587891,15466.666666666666,2,0.31874999999999987,8326.647933959961,15466.666666666666,0,0.31874999999999987,6362.952590942383,15466.666666666666,0,0.31874999999999987,32169.1414642334,605,605,5150,605,605,605,605,2244,0,0,100,0,0,0,0,0,32353087488,8589930496,3008471040,0
199,1786321600842,1014.3258819580078,15400,2,0.3125,910.1481475830078,15400,2,0.3125,8329.60905456543,15400,0,0.3125,6362.968673706055,15400,2,0.3125,32173.341262817383,605,605,5150,605,605,605,605,2244,0,0,100,0,0,0,0,0,32353087488,8589930496,3008471040,0
199,1786321601042,1014.3334503173828,15466.666666666666,2,0.3125,910.154541015625,15466.666666666666,2,0.3125,8332.575164794922,15466.666666666666,0,0.3125,6362.975631713867,15466.666666666666,2,0.3125,32177.54086303711,605,605,5150,605,605,605,605,2244,0,0,100,0,0,0,0,0,32353087488,8589930496,3008471040,0
199,1786321601242,1014.3413848876953,16866.666666666664,2,0.26875000000000004,910.1706695556641,16866.666666666664,2,0.26875000000000004,8335.495971679688,16866.666666666664,0,0.26875000000000004,6362.98893737793,16866.666666666664,2,0.26875000000000004,32181.725296020508,605,605,5150,605,605,605,605,2244,0,0,100,0,0,0,4.761904716491699,4.761904716491699,32353087488,8589930496,3008471040,0
199,1786321601442,1014.3509063720703,15400,2,0.3125,910.1789093017578,15400,2,0.3125,8338.437866210938,15400,0,0.3125,6363.0103759765625,15400,2,0.3125,32185.920211791992,605,605,5150,605,605,605,605,2244,0,0,100,0,0,0,0,0,32353087488,8589930496,3008471040,0
199,1786321601642,1014.3584899902344,15333.333333333334,2,0.31874999999999987,910.185302734375,15333.333333333334,2,0.31874999999999987,8341.403778076172,15333.333333333334,0,0.31874999999999987,6363.018905639648,15333.333333333334,2,0.31874999999999987,32190.12062072754,605,605,5150,605,605,605,605,2244,0,0,100,0,0,0,0,0,32353087488,8589930496,3008471040,0
199,1786321601842,1014.3659973144531,15333.333333333334,2,0.31874999999999987,910.1919097900391,15333.333333333334,2,0.31874999999999987,8344.383483886719,15333.333333333334,0,0.31874999999999987,6363.027496337891,15333.333333333334,2,0.31874999999999987,32194.342086791992,605,605,5150,605,605,605,605,2244,0,0,100,0,0,0,0,0,32353087488,8589930496,3008471040,0
199,1786321602042,1014.374755859375,15600,2,0.31874999999999987,910.1990661621094,15600,2,0.31874999999999987,8347.336883544922,15600,0,0.31874999999999987,6363.035980224609,15600,2,0.31874999999999987,32198.540634155273,605,605,5150,605,605,605,605,2244,4.761904716491699,0,100,0,0,0,0,0,32353087488,8589930496,3008471040,0
199,1786321602242,1014.3826446533203,15666.666666666666,2,0.3125,910.2063140869141,15666.666666666666,2,0.3125,8350.302734375,15666.666666666666,0,0.3125,6363.0443115234375,15666.666666666666,2,0.3125,32202.740264892578,605,605,5150,605,605,605,605,2244,0,0,100,0,0,0,0,0,32353087488,8589930496,3008471040,0
199,1786321602443,1014.3904266357422,15466.666666666666,2,0.31874999999999987,910.2132110595703,15466.666666666666,2,0.31874999999999987,8353.264953613281,15466.666666666666,0,0.31874999999999987,6363.054946899414,15466.666666666666,2,0.31874999999999987,32206.94139099121,605,605,5150,605,605,605,605,2244,0,0,100,0,0,0,0,0,32353087488,8589930496,3008471040,0
199,1786321602643,1014.3984527587891,15533.333333333334,2,0.3125,910.2205352783203,15400,2,0.3062499999999999,8356.219161987305,15400,0,0.3062499999999999,6363.06706237793,15400,0,0.3062499999999999,32211.14093017578,605,605,5150,605,605,605,605,2244,0,0,100,4.761904716491699,0,0,0,0,32353087488,8589930496,3008471040,0
199,1786321602843,1014.4051666259766,15533.333333333334,2,0.3125,910.2283477783203,15533.333333333334,0,0.3125,8359.188064575195,15533.333333333334,0,0.3125,6363.076522827148,15533.333333333334,0,0.3125,32215.341033935547,605,605,5150,605,605,605,605,2244,0,0,100,0,0,0,0,0,32353087488,8589930496,3008471040,0
199,1786321603043,1014.4117126464844,15266.666666666666,2,0.31874999999999987,910.2358093261719,15266.666666666666,2,0.31874999999999987,8362.15251159668,15266.666666666666,0,0.31874999999999987,6363.083389282227,15266.666666666666,0,0.31874999999999987,32219.542510986328,605,605,5150,605,605,605,605,2244,0,0,100,0,0,0,0,0,32353087488,8589930496,3008471040,0
199,1786321603243,1014.4188690185547,15533.333333333334,2,0.3125,910.2439422607422,15533.333333333334,2,0.3125,8365.105392456055,15533.333333333334,0,0.3125,6363.094161987305,15533.333333333334,2,0.3125,32223.741241455078,605,605,5150,605,605,605,605,2244,0,0,100,0,0,0,0,0,32353087488,8589930496,3008471040,0
199,1786321603443,1014.4258422851563,15333.333333333334,2,0.3125,910.2517700195313,15333.333333333334,2,0.3125,8368.074035644531,15333.333333333334,0,0.3125,6363.103912353516,15333.333333333334,2,0.3125,32227.941925048828,605,605,5150,605,605,605,605,2244,0,0,100,0,0,0,0,0,32353087488,8589930496,3008471040,0
199,1786321603643,1014.4325866699219,15466.666666666666,2,0.31874999999999987,910.2592468261719,15466.666666666666,2,0.31874999999999987,8371.0341796875,15466.666666666666,0,0.31874999999999987,6363.110809326172,15466.666666666666,2,0.31874999999999987,32232.14143371582,605,605,5150,605,605,605,605,2244,0,0,100,0,0,0,0,0,32353087488,8589930496,3008471040,0
199,1786321603843,1014.4403533935547,15333.333333333334,2,0.31874999999999987,910.2767944335938,15333.333333333334,2,0.31874999999999987,8373.957992553711,15333.333333333334,0,0.31874999999999987,6363.125442504883,15333.333333333334,2,0.31874999999999987,32236.342041015625,605,605,5150,605,605,605,605,2244,0,0,100,0,0,0,0,0,32353087488,8589930496,3008471040,0
199,1786321604043,1014.4468688964844,15333.333333333334,2,0.3125,910.2844696044922,15333.333333333334,2,0.3125,8376.926223754883,15333.333333333334,0,0.3125,6363.133026123047,15333.333333333334,2,0.3125,32240.541778564453,605,605,5150,605,605,605,605,2244,0,0,100,0,0,0,0,0,32353087488,8589930496,3008471040,0
199,1786321604243,1014.4532928466797,15333.333333333334,2,0.31874999999999987,910.2921447753906,15333.333333333334,2,0.31874999999999987,8379.89241027832,15333.333333333334,0,0.31874999999999987,6363.140884399414,15333.333333333334,2,0.31874999999999987,32244.742401123047,605,605,5150,605,605,605,605,2244,0,0,100,0,0,0,0,0,32353087488,8589930496,3008471040,0
199,1786321604443,1014.4631500244141,15866.666666666666,2,0.3062499999999999,910.4124145507813,15866.666666666666,2,0.3062499999999999,8382.735488891602,15866.666666666666,0,0.3062499999999999,6363.156478881836,15866.666666666666,2,0.3062499999999999,32248.960739135742,605,605,5150,605,605,605,605,2244,0,0,95,0,0,4.761904716491699,0,0,32353087488,8589930496,3008471040,0
199,1786321604643,1014.4696350097656,15600,2,0.3062499999999999,910.4205169677734,15600,2,0.3062499999999999,8385.71076965332,15600,0,0.3062499999999999,6363.167083740234,15600,2,0.3062499999999999,32253.161651611328,605,605,5150,605,605,605,605,2244,0,0,100,0,0,0,0,0,32353087488,8589930496,3008471040,0
199,1786321604844,1014.4761810302734,15733.333333333334,2,0.3125,910.4282836914063,15733.333333333334,2,0.3125,8388.68618774414,15733.333333333334,0,0.3125,6363.177154541016,15733.333333333334,2,0.3125,32257.360778808594,605,605,5150,605,605,605,605,2244,0,0,100,0,0,0,0,0,32353087488,8589930496,3008471040,0
199,1786321605044,1014.4834289550781,15333.333333333334,2,0.31874999999999987,910.4369354248047,15333.333333333334,2,0.31874999999999987,8391.641036987305,15333.333333333334,0,0.31874999999999987,6363.187561035156,15333.333333333334,0,0.31874999999999987,32261.563262939453,605,605,5150,605,605,605,605,2244,0,0,100,0,0,0,0,0,32353087488,8589930496,3008471040,0
199,1786321605244,1014.49072265625,15200,2,0.33125000000000004,910.4518585205078,15200,2,0.33125000000000004,8394.592163085938,15333.333333333334,0,0.33125000000000004,6363.202438354492,15333.333333333334,2,0.33125000000000004,32265.763229370117,605,605,5150,605,605,605,605,2244,0,0,100,9.090909004211426,0,0,0,0,32353087488,8589930496,3008471040,0
199,1786321605444,1014.4983978271484,15466.666666666666,2,0.3125,910.4628601074219,15466.666666666666,0,0.31874999999999987,8397.544921875,15466.666666666666,0,0.31874999999999987,6363.217529296875,15466.666666666666,0,0.31874999999999987,32269.962661743164,605,605,5150,605,605,605,605,2244,0,0,100,0,0,0,0,5,32353087488,8589930496,3008471040,0
199,1786321605644,1014.5059509277344,15600,2,0.3125,910.471435546875,15600,2,0.3125,8400.504150390625,15600,0,0.3125,6363.226318359375,15600,0,0.3125,32274.16131591797,605,605,5150,605,605,605,605,2244,0,0,100,0,0,0,0,0,32353087488,8589930496,3008471040,0
199,1786321605844,1014.5123901367188,15533.333333333334,2,0.3062499999999999,910.4791259765625,15533.333333333334,2,0.3062499999999999,8403.47265625,15533.333333333334,0,0.3062499999999999,6363.233245849609,15533.333333333334,2,0.3062499999999999,32278.361373901367,605,605,5150,605,605,605,605,2244,0,0,100,0,0,0,0,0,32353087488,8589930496,3008471040,0
199,1786321606044,1014.5189056396484,15533.333333333334,2,0.3062499999999999,910.4870452880859,15533.333333333334,2,0.3062499999999999,8406.440475463867,15533.333333333334,0,0.3062499999999999,6363.240814208984,15533.333333333334,2,0.3062499999999999,32282.562088012695,605,605,5150,605,605,605,605,2244,0,0,100,0,0,0,0,0,32353087488,8589930496,3008471040,0
199,1786321606244,1014.5245971679688,12933.333333333334,2,0.3999999999999999,910.4947357177734,12933.333333333334,2,0.3999999999999999,8409.03628540039,12933.333333333334,0,0.3999999999999999,6363.249557495117,12933.333333333334,2,0.3999999999999999,32286.252151489258,605,605,5150,605,605,605,605,2244,0,0,100,0,0,0,0,0,32353087488,8589930496,3008471040,0
199,1786321606444,1014.5282135009766,12933.333333333334,2,0.3999999999999999,910.5018310546875,12933.333333333334,2,0.3999999999999999,8411.496932983398,12933.333333333334,0,0.3999999999999999,6363.256576538086,12933.333333333334,2,0.3999999999999999,32289.74070739746,605,605,5150,605,605,605,605,2244,0,0,100,0,0,0,0,0,32353087488,8589930496,3008471040,0
199,1786321606644,1014.5315246582031,12866.666666666666,2,0.3999999999999999,910.5086517333984,12866.666666666666,2,0.3999999999999999,8413.939865112305,12866.666666666666,0,0.3999999999999999,6363.263458251953,12866.666666666666,2,0.3999999999999999,32293.208526611328,605,605,5150,605,605,605,605,2244,0,0,100,0,0,0,0,0,32353087488,8589930496,3008471040,0
199,1786321606844,1014.5349731445313,12600,2,0.3999999999999999,910.5159301757813,12600,2,0.3999999999999999,8416.38052368164,12600,0,0.3999999999999999,6363.274215698242,12600,2,0.3999999999999999,32296.67886352539,605,605,5150,605,605,605,605,2244,4.761904716491699,0,100,0,0,0,0,0,32353087488,8589930496,3008471040,0
199,1786321607045,1014.5388031005859,12733.333333333332,2,0.3999999999999999,910.5222320556641,12733.333333333332,2,0.3999999999999999,8418.803207397461,12733.333333333332,0,0.3999999999999999,6363.283157348633,12733.333333333332,2,0.3999999999999999,32300.110427856445,605,605,5150,605,605,605,605,2244,0,0,100,0,0,0,0,0,32353087488,8589930496,3008471040,0
199,1786321607245,1014.5430908203125,11333.333333333332,2,0.44999999999999996,910.5280303955078,11333.333333333332,2,0.44999999999999996,8421.207550048828,11333.333333333332,0,0.44999999999999996,6363.340682983398,11333.333333333332,2,0.44999999999999996,32303.570266723633,605,605,5150,605,605,605,605,2244,0,0,100,5,0,0,0,0,32353087488,8589930496,3008471040,0
199,1786321607445,1014.5474395751953,12666.666666666668,2,0.3999999999999999,910.5337829589844,12666.666666666668,2,0.3999999999999999,8423.579010009766,12666.666666666668,0,0.3999999999999999,6363.349822998047,12666.666666666668,0,0.3999999999999999,32306.950744628906,605,605,5150,605,605,605,605,2244,0,0,100,0,0,0,0,0,32353087488,8589930496,3008471040,0
199,1786321607645,1014.5515289306641,12666.666666666668,2,0.3999999999999999,910.5390319824219,12666.666666666668,2,0.40625,8425.98599243164,12666.666666666668,0,0.40625,6363.359024047852,12666.666666666668,0,0.40625,32310.363372802734,605,605,5150,605,605,605,605,2244,0,0,100,0,0,0,0,0,32353087488,8589930496,3008471040,0
199,1786321607845,1014.5550842285156,12600,2,0.40625,910.5443572998047,12600,0,0.40625,8428.397277832031,12600,0,0.40625,6363.367279052734,12600,0,0.40625,32313.77638244629,605,605,5150,605,605,605,605,2244,0,0,100,0,0,0,0,0,32353087488,8589930496,3008471040,0
199,1786321608045,1014.5591583251953,12533.333333333332,2,0.40625,910.5502319335938,12533.333333333332,2,0.40625,8430.796569824219,12533.333333333332,0,0.40625,6363.374526977539,12533.333333333332,0,0.40625,32317.184600830078,605,605,5150,605,605,605,605,2244,0,0,100,0,0,0,0,0,32353087488,8589930496,3008471040,0
199,1786321608245,1014.5625457763672,12600,2,0.40625,910.5554351806641,12600,2,0.40625,8433.198486328125,12600,0,0.40625,6363.381057739258,12600,2,0.40625,32320.587951660156,605,605,5150,605,605,605,605,2244,0,0,100,0,0,0,0,0,32353087488,8589930496,3008471040,0
199,1786321608445,1014.5661010742188,12533.333333333332,2,0.40625,910.5603637695313,12533.333333333332,2,0.40625,8435.598922729492,12533.333333333332,0,0.40625,6363.387557983398,12533.333333333332,2,0.40625,32323.992553710938,605,605,5150,605,605,605,605,2244,0,0,100,0,0,0,0,0,32353087488,8589930496,3008471040,0
199,1786321608645,1014.5697631835938,12600,2,0.40625,910.5660400390625,12600,2,0.40625,8437.993408203125,12600,0,0.40625,6363.395477294922,12600,2,0.40625,32327.394073486328,605,605,5150,605,605,605,605,2244,0,0,100,0,0,0,0,0,32353087488,8589930496,3008471040,0
199,1786321608845,1014.5733795166016,12600,2,0.3999999999999999,910.5712432861328,12600,2,0.3999999999999999,8440.398086547852,12600,0,0.3999999999999999,6363.402526855469,12600,2,0.3999999999999999,32330.794692993164,605,605,5150,605,605,605,605,2244,0,0,100,0,0,0,0,0,32353087488,8589930496,3008471040,0
199,1786321609045,1014.5767211914063,12533.333333333332,2,0.40625,910.5769195556641,12533.333333333332,2,0.40625,8442.80485534668,12533.333333333332,0,0.40625,6363.40934753418,12533.333333333332,2,0.40625,32334.196838378906,605,605,5150,605,605,605,605,2244,0,0,100,0,0,0,0,0,32353087488,8589930496,3008471040,0
199,1786321609245,1014.5812225341797,12066.666666666668,2,0.42500000000000004,910.5937194824219,12066.666666666668,2,0.42500000000000004,8445.193572998047,12066.666666666668,0,0.42500000000000004,6363.419525146484,12066.666666666668,2,0.42500000000000004,32337.628509521484,605,605,5150,605,605,605,605,2244,0,0,100,0,0,4.761904716491699,0,0,32353087488,8589930496,3008471040,0
199,1786321609446,1014.5851745605469,12533.333333333332,2,0.40625,910.6083831787109,12533.333333333332,2,0.40625,8447.571350097656,12533.333333333332,0,0.40625,6363.426620483398,12533.333333333332,2,0.40625,32341.012115478516,605,605,5150,605,605,605,605,2244,0,0,100,9.090909004211426,0,0,0,0,32353087488,8589930496,3008471040,0
199,1786321609646,1014.5885925292969,12533.333333333332,2,0.40625,910.6131439208984,12533.333333333332,2,0.40625,8449.973587036133,12533.333333333332,0,0.40625,6363.433242797852,12533.333333333332,2,0.40625,32344.412658691406,605,605,5150,605,605,605,605,2244,0,0,100,0,0,4.761904716491699,0,0,32353087488,8589930496,3008471040,0
199,1786321609846,1014.5920562744141,12533.333333333332,2,0.3999999999999999,910.6179809570313,12533.333333333332,2,0.3999999999999999,8452.370727539063,12533.333333333332,0,0.3999999999999999,6363.441925048828,12533.333333333332,2,0.3999999999999999,32347.811447143555,605,605,5150,605,605,605,605,2244,0,0,100,0,4.761904716491699,0,0,0,32353087488,8589930496,3008471040,0
199,1786321610046,1014.5953216552734,12533.333333333332,2,0.3999999999999999,910.6235961914063,12533.333333333332,2,0.3999999999999999,8454.766357421875,12533.333333333332,0,0.3999999999999999,6363.451324462891,12533.333333333332,2,0.3999999999999999,32351.21127319336,605,605,5150,605,605,605,605,2244,0,0,100,0,0,0,0,0,32353087488,8589930496,3008471040,0
199,1786321610246,1014.5987548828125,12466.666666666668,2,0.40625,910.6281433105469,12466.666666666668,2,0.40625,8457.163940429688,12466.666666666668,0,0.40625,6363.459197998047,12466.666666666668,2,0.4125000000000001,32354.61213684082,605,605,5150,605,605,605,605,2244,0,0,100,0,0,0,0,0,32353087488,8589930496,3008471040,0
199,1786321610446,1014.602294921875,12600,2,0.40625,910.6336517333984,12533.333333333332,0,0.40625,8459.560607910156,12533.333333333332,0,0.40625,6363.465744018555,12533.333333333332,0,0.40625,32358.00926208496,605,605,5150,605,605,605,605,2244,0,0,100,0,0,0,0,0,32353087488,8589930496,3008471040,0
199,1786321610646,1014.6056060791016,12533.333333333332,2,0.40625,910.638671875,12533.333333333332,2,0.40625,8461.958358764648,12533.333333333332,0,0.40625,6363.472152709961,12533.333333333332,0,0.40625,32361.409271240234,605,605,5150,605,605,605,605,2244,0,0,100,0,0,0,0,0,32353087488,8589930496,3008471040,0
199,1786321610846,1014.6090087890625,12600,2,0.3999999999999999,910.6443786621094,12600,2,0.3999999999999999,8464.356475830078,12600,0,0.3999999999999999,6363.478591918945,12600,2,0.3999999999999999,32364.806747436523,605,605,5150,605,605,605,605,2244,0,4.761904716491699,100,0,0,0,0,0,32353087488,8589930496,3008471040,0
199,1786321611046,1014.6125183105469,12600,2,0.3999999999999999,910.6503295898438,12600,2,0.3999999999999999,8466.75634765625,12600,0,0.3999999999999999,6363.485610961914,12600,2,0.3999999999999999,32368.20587158203,605,605,5150,605,605,605,605,2244,0,0,100,0,0,0,0,0,32353087488,8589930496,3008471040,0
199,1786321611246,1014.6157379150391,12533.333333333332,2,0.40625,910.6560363769531,12533.333333333332,2,0.40625,8469.150314331055,12533.333333333332,0,0.40625,6363.492980957031,12533.333333333332,2,0.40625,32371.606689453125,605,605,5150,605,605,605,605,2244,0,0,100,0,0,0,0,0,32353087488,8589930496,3008471040,0
199,1786321611446,1014.6192932128906,12533.333333333332,2,0.4125000000000001,910.6614685058594,12533.333333333332,2,0.4125000000000001,8471.54704284668,12533.333333333332,0,0.4125000000000001,6363.500015258789,12533.333333333332,2,0.4125000000000001,32375.005310058594,605,605,5150,605,605,605,605,2244,0,0,100,0,0,0,0,0,32353087488,8589930496,3008471040,0
199,1786321611646,1014.6227722167969,12600,2,0.3999999999999999,910.6666717529297,12600,2,0.3999999999999999,8473.944396972656,12600,0,0.3999999999999999,6363.5068359375,12600,2,0.3999999999999999,32378.40379333496,605,605,5150,605,605,605,605,2244,0,0,100,0,0,0,0,0,32353087488,8589930496,3008471040,0
199,1786321611847,1014.6261749267578,12533.333333333332,2,0.40625,910.6716003417969,12533.333333333332,2,0.40625,8476.340896606445,12533.333333333332,0,0.40625,6363.514175415039,12533.333333333332,2,0.40625,32381.804122924805,605,605,5150,605,605,605,605,2244,0,0,100,0,0,0,0,0,32353087488,8589930496,3008471040,0
199,1786321612047,1014.6295471191406,12533.333333333332,2,0.40625,910.6772613525391,12533.333333333332,2,0.40625,8478.753189086914,12533.333333333332,0,0.40625,6363.521255493164,12533.333333333332,2,0.40625,32385.220413208008,605,605,5150,605,605,605,605,2244,0,0,100,0,0,0,0,0,32353087488,8589930496,3008471040,0
199,1786321612247,1014.6328735351563,12600,2,0.3999999999999999,910.6838684082031,12600,2,0.3999999999999999,8481.146102905273,12600,0,0.3999999999999999,6363.527725219727,12600,2,0.3999999999999999,32388.61622619629,605,605,5150,605,605,605,605,2244,0,0,100,0,0,0,0,0,32353087488,8589930496,3008471040,0
199,1786321612447,1014.6363220214844,12533.333333333332,2,0.4125000000000001,910.6896362304688,12533.333333333332,2,0.4125000000000001,8483.542999267578,12533.333333333332,0,0.4125000000000001,6363.535842895508,12533.333333333332,2,0.4125000000000001,32392.01643371582,605,605,5150,605,605,605,605,2244,0,0,100,0,0,0,0,0,32353087488,8589930496,3008471040,0
199,1786321612647,1014.6396026611328,12466.666666666668,2,0.40625,910.6949920654297,12466.666666666668,2,0.40625,8485.936782836914,12466.666666666668,0,0.40625,6363.542449951172,12466.666666666668,2,0.40625,32395.41749572754,605,605,5150,605,605,605,605,2244,0,0,100,0,0,0,0,0,32353087488,8589930496,3008471040,0
199,1786321612847,1014.6429443359375,12400,2,0.40625,910.6996612548828,12400,2,0.40625,8488.32583618164,12400,0,0.40625,6363.55046081543,12400,2,0.40625,32398.817092895508,605,605,5150,605,605,605,605,2244,0,0,100,0,0,0,0,0,32353087488,8589930496,3008471040,0
199,1786321613047,1014.6461944580078,12466.666666666668,2,0.40625,910.70458984375,12466.666666666668,0,0.40625,8490.718994140625,12466.666666666668,0,0.40625,6363.556945800781,12466.666666666668,0,0.40625,32402.214904785156,605,605,5150,605,605,605,605,2244,0,0,100,0,0,0,0,0,32353087488,8589930496,3008471040,0
199,1786321613247,1014.6551666259766,12533.333333333332,0,0.40625,910.7936859130859,12533.333333333332,2,0.40625,8492.93246459961,12533.333333333332,2,0.40625,6363.639678955078,12533.333333333332,0,0.40625,32405.61541748047,605,605,5150,605,605,605,605,2244,0,0,94.73684692382813,5,0,5,0,0,32353087488,8589930496,3008471040,0
199,1786321613447,1014.6631469726563,12533.333333333332,2,0.3999999999999999,910.7986602783203,12533.333333333332,2,0.3999999999999999,8492.942672729492,12533.333333333332,2,0.3999999999999999,6365.894058227539,12533.333333333332,0,0.3999999999999999,32409.009155273438,605,605,5150,605,605,605,605,2244,0,0,0,100,0,0,0,0,32353087488,8589930496,3008471040,0
199,1786321613647,1014.6668243408203,12600,2,0.3999999999999999,910.8026580810547,12600,2,0.3999999999999999,8492.950500488281,12600,2,0.3999999999999999,6368.160095214844,12600,0,0.3999999999999999,32412.407821655273,605,605,5150,605,605,605,605,2244,0,0,0,100,0,0,0,0,32353087488,8589930496,3008471040,0
199,1786321613847,1014.6702575683594,12600,2,0.40625,910.8067169189453,12600,2,0.40625,8492.958709716797,12600,2,0.40625,6370.439102172852,12600,0,0.40625,32415.805236816406,605,605,5150,605,605,605,605,2244,0,0,0,100,0,0,0,0,32353087488,8589930496,3008471040,0
199,1786321614047,1014.6738586425781,12533.333333333332,2,0.40625,910.8107299804688,12533.333333333332,2,0.40625,8492.967376708984,12533.333333333332,2,0.40625,6372.7130126953125,12533.333333333332,0,0.40625,32419.207275390625,605,605,5150,605,605,605,605,2244,0,0,0,100,0,0,0,0,32353087488,8589930496,3008471040,0
199,1786321614248,1014.6774139404297,12466.666666666668,2,0.40625,910.8147888183594,12466.666666666668,2,0.40625,8492.974319458008,12466.666666666668,2,0.40625,6374.986419677734,12466.666666666668,0,0.40625,32422.607711791992,605,605,5150,605,605,605,605,2244,0,0,0,100,0,0,0,0,32353087488,8589930496,3008471040,0
199,1786321614448,1014.6809539794922,12533.333333333332,2,0.3999999999999999,910.8190612792969,12533.333333333332,2,0.3999999999999999,8492.980773925781,12533.333333333332,2,0.3999999999999999,6377.273162841797,12533.333333333332,0,0.3999999999999999,32426.02227783203,605,605,5150,605,605,605,605,2244,0,0,0,100,0,0,0,0,32353087488,8589930496,3008471040,0
199,1786321614648,1014.6860809326172,12466.666666666668,2,0.4125000000000001,910.8230590820313,12466.666666666668,2,0.4125000000000001,8492.987091064453,12466.666666666668,2,0.4125000000000001,6379.546676635742,12466.666666666668,0,0.4125000000000001,32429.422775268555,605,605,5150,605,605,605,605,2244,4.761904716491699,4.761904716491699,0,100,0,0,0,0,32353087488,8589930496,3008471040,0
199,1786321614848,1014.6894073486328,12600,2,0.40625,910.8269195556641,12600,2,0.40625,8492.993545532227,12600,2,0.40625,6381.820709228516,12600,0,0.40625,32432.819610595703,605,605,5150,605,605,605,605,2244,0,0,0,100,0,0,0,0,32353087488,8589930496,3008471040,0
199,1786321615048,1014.6928100585938,12600,2,0.3999999999999999,910.8308258056641,12600,2,0.3999999999999999,8493.000030517578,12600,2,0.3999999999999999,6384.096282958984,12600,0,0.3999999999999999,32436.218505859375,605,605,5150,605,605,605,605,2244,0,0,0,100,0,0,0,0,32353087488,8589930496,3008471040,0
199,1786321615248,1014.6960906982422,12466.666666666668,2,0.40625,910.8351287841797,12466.666666666668,2,0.40625,8493.006439208984,12466.666666666668,2,0.40625,6386.369125366211,12466.666666666668,0,0.40625,32439.62127685547,605,605,5150,605,605,605,605,2244,0,0,0,100,0,0,0,0,32353087488,8589930496,3008471040,0
199,1786321615448,1014.6996917724609,12466.666666666668,2,0.40625,910.8390808105469,12466.666666666668,0,0.40625,8493.012893676758,12466.666666666668,0,0.40625,6388.6385498046875,12466.666666666668,0,0.40625,32443.0193939209,605,605,5150,605,605,605,605,2244,0,0,0,100,0,0,0,0,32353087488,8589930496,3008471040,0
199,1786321615648,1014.7030334472656,12466.666666666668,2,0.40625,910.8430023193359,12466.666666666668,0,0.40625,8493.01937866211,12466.666666666668,0,0.40625,6390.908416748047,12466.666666666668,0,0.40625,32446.418014526367,605,605,5150,605,605,605,605,2244,0,0,0,100,0,0,0,0,32353087488,8589930496,3008471040,0
199,1786321615848,1014.7062530517578,12466.666666666668,2,0.40625,910.8468933105469,12466.666666666668,2,0.40625,8493.025741577148,12466.666666666668,0,0.40625,6393.178497314453,12466.666666666668,0,0.40625,32449.817413330078,605,605,5150,605,605,605,605,2244,0,0,0,100,0,0,0,0,32353087488,8589930496,3008471040,0
199,1786321616048,1014.7095489501953,12466.666666666668,2,0.40625,910.8507843017578,12466.666666666668,2,0.40625,8493.0322265625,12466.666666666668,2,0.40625,6395.445907592773,12466.666666666668,0,0.40625,32453.215621948242,605,605,5150,605,605,605,605,2244,0,0,0,100,0,0,0,0,32353087488,8589930496,3008471040,0
199,1786321616248,1014.7129364013672,12533.333333333332,2,0.40625,910.8550109863281,12533.333333333332,2,0.40625,8493.038665771484,12533.333333333332,2,0.40625,6397.712478637695,12533.333333333332,0,0.40625,32456.61196899414,605,605,5150,605,605,605,605,2244,0,0,0,100,0,0,0,0,32353087488,8589930496,3008471040,0
199,1786321616448,1014.7163238525391,12533.333333333332,2,0.40625,910.8589630126953,12533.333333333332,2,0.40625,8493.046249389648,12533.333333333332,2,0.40625,6399.985687255859,12533.333333333332,0,0.40625,32460.012115478516,605,605,5150,605,605,605,605,2244,0,0,0,100,0,0,0,0,32353087488,8589930496,3008471040,0
199,1786321616649,1014.7196655273438,12533.333333333332,2,0.3999999999999999,910.8628540039063,12533.333333333332,2,0.3999999999999999,8493.053756713867,12533.333333333332,2,0.3999999999999999,6402.259536743164,12533.333333333332,0,0.3999999999999999,32463.410049438477,605,605,5150,605,605,605,605,2244,0,0,4.761904716491699,100,0,0,0,0,32353087488,8589930496,3008471040,0
199,1786321616849,1014.7229614257813,12600,2,0.3999999999999999,910.8667297363281,12600,2,0.3999999999999999,8493.060424804688,12600,2,0.3999999999999999,6404.528762817383,12600,0,0.3999999999999999,32466.807220458984,605,605,5150,605,605,605,605,2244,0,0,0,100,0,4.761904716491699,0,0,32353087488,8589930496,3008471040,0
199,1786321617049,1014.726318359375,12533.333333333332,2,0.40625,910.8706512451172,12533.333333333332,2,0.40625,8493.067276000977,12533.333333333332,2,0.40625,6406.804962158203,12533.333333333332,0,0.40625,32470.2244720459,605,605,5150,605,605,605,605,2244,0,0,0,100,0,0,0,0,32353087488,8589930496,3008471040,0
199,1786321617249,1014.730224609375,12333.333333333332,2,0.40625,910.8816223144531,12333.333333333332,2,0.40625,8493.077072143555,12333.333333333332,2,0.40625,6409.077178955078,12333.333333333332,0,0.40625,32473.629776000977,605,605,5150,605,605,605,605,2244,0,0,0,100,0,0,0,0,32353087488,8589930496,3008471040,0
199,1786321617449,1014.7339019775391,12466.666666666668,2,0.3999999999999999,910.8858642578125,12466.666666666668,2,0.3999999999999999,8493.088180541992,12466.666666666668,2,0.3999999999999999,6411.33381652832,12466.666666666668,0,0.3999999999999999,32477.023330688477,605,605,5150,605,605,605,605,2244,0,4.761904716491699,0,100,0,0,0,0,32353087488,8589930496,3008471040,0
199,1786321617649,1014.7372131347656,12600,2,0.3999999999999999,910.8898315429688,12600,2,0.3999999999999999,8493.097259521484,12600,2,0.3999999999999999,6413.606918334961,12600,0,0.3999999999999999,32480.42057800293,605,605,5150,605,605,605,605,2244,0,0,0,100,0,0,0,0,32353087488,8589930496,3008471040,0
199,1786321617849,1014.7405548095703,12466.666666666668,2,0.40625,910.8939971923828,12466.666666666668,2,0.40625,8493.103698730469,12466.666666666668,2,0.40625,6415.879531860352,12466.666666666668,0,0.40625,32483.82208251953,605,605,5150,605,605,605,605,2244,0,0,0,100,0,0,0,0,32353087488,8589930496,3008471040,0
199,1786321618049,1014.7444152832031,12533.333333333332,2,0.40625,910.8974151611328,12533.333333333332,2,0.40625,8493.113235473633,12533.333333333332,0,0.40625,6418.149597167969,12533.333333333332,0,0.40625,32487.219833374023,605,605,5150,605,605,605,605,2244,0,0,0,100,0,0,0,0,32353087488,8589930496,3008471040,0
199,1786321618249,1014.7484741210938,12400,0,0.40625,910.9010467529297,12400,2,0.40625,8493.121490478516,12400,0,0.40625,6420.419158935547,12400,0,0.40625,32490.62255859375,605,605,5150,605,605,605,605,2244,0,0,0,100,0,0,0,0,32353087488,8589930496,3008471040,0
199,1786321618449,1014.7526245117188,12533.333333333332,2,0.40625,910.9046478271484,12533.333333333332,2,0.40625,8493.127853393555,12533.333333333332,2,0.40625,6422.682479858398,12533.333333333332,0,0.40625,32494.017456054688,605,605,5150,605,605,605,605,2244,0,0,0,100,0,0,0,0,32353087488,8589930496,3008471040,0
199,1786321618649,1014.7568359375,12600,2,0.40625,910.9078979492188,12600,2,0.40625,8493.134185791016,12600,2,0.40625,6424.954864501953,12600,0,0.40625,32497.416015625,605,605,5150,605,605,605,605,2244,0,0,0,100,0,0,0,0,32353087488,8589930496,3008471040,0
199,1786321618850,1014.7610321044922,12733.333333333332,2,0.3999999999999999,910.9110565185547,12733.333333333332,2,0.3999999999999999,8493.140762329102,12733.333333333332,2,0.3999999999999999,6427.230804443359,12733.333333333332,0,0.3999999999999999,32500.811447143555,605,605,5150,605,605,605,605,2244,0,0,4.761904716491699,100,0,0,0,0,32353087488,8589930496,3008471040,0
199,1786321619050,1014.7650451660156,12466.666666666668,2,0.4125000000000001,910.9142456054688,12466.666666666668,2,0.4125000000000001,8493.14730834961,12466.666666666668,2,0.4125000000000001,6429.506118774414,12466.666666666668,0,0.4125000000000001,32504.216110229492,605,605,5150,605,605,605,605,2244,0,0,0,100,0,0,0,0,32353087488,8589930496,3008471040,0
199,1786321619250,1014.9386291503906,12600,2,0.40625,911.1789855957031,12600,2,0.40625,8493.405883789063,12600,2,0.40625,6431.202224731445,12600,0,0.40625,32507.640396118164,605,605,5150,605,605,605,605,2244,9.523809432983398,5.263157844543457,10,78.94737243652344,10,10.526315689086914,0,0,32353087488,8589930496,3003248640,0
199,1786321619450,1014.9477233886719,12400,2,0.40625,911.1824188232422,12400,2,0.40625,8493.421951293945,12400,2,0.40625,6433.527908325195,12400,0,0.40625,32511.04296875,605,605,5150,605,605,605,605,2244,0,0,0,100,0,0,0,0,32353087488,8589930496,3003248640,0
199,1786321619650,1014.9517364501953,12266.666666666668,2,0.40625,911.1856231689453,12266.666666666668,2,0.40625,8493.428955078125,12266.666666666668,2,0.40625,6435.810287475586,12266.666666666668,0,0.40625,32514.44288635254,605,605,5150,605,605,605,605,2244,0,0,0,100,0,0,0,0,32353087488,8589930496,3003248640,0
199,1786321619850,1014.9554443359375,12333.333333333332,2,0.40625,911.188720703125,12333.333333333332,2,0.40625,8493.435668945313,12333.333333333332,2,0.40625,6438.210968017578,12333.333333333332,0,0.40625,32517.83969116211,605,605,5150,605,605,605,605,2244,0,0,0,100,0,0,4.761904716491699,0,32353087488,8589930496,3003248640,0
199,1786321620050,1014.9596862792969,12333.333333333332,2,0.4125000000000001,911.1920318603516,12333.333333333332,2,0.4125000000000001,8493.443939208984,12333.333333333332,2,0.4125000000000001,6440.605438232422,12333.333333333332,0,0.4125000000000001,32521.237548828125,605,605,5150,605,605,605,605,2244,0,0,0,100,0,0,0,0,32353087488,8589930496,3003248640,0
199,1786321620250,1014.96337890625,12533.333333333332,2,0.40625,911.1954040527344,12533.333333333332,2,0.40625,8493.450775146484,12533.333333333332,2,0.40625,6443.009857177734,12533.333333333332,0,0.40625,32524.629837036133,605,605,5150,605,605,605,605,2244,0,0,0,100,0,0,0,0,32353087488,8589930496,3003412480,0
199,1786321620450,1014.9690399169922,12466.666666666668,0,0.40625,911.1986389160156,12466.666666666668,2,0.40625,8493.457901000977,12466.666666666668,2,0.40625,6445.413360595703,12466.666666666668,0,0.40625,32528.02864074707,605,605,5150,605,605,605,605,2244,0,0,0,100,0,0,4.761904716491699,0,32353087488,8589930496,3003412480,0
199,1786321620650,1014.97265625,12466.666666666668,0,0.40625,911.2017974853516,12466.666666666668,2,0.40625,8493.465393066406,12466.666666666668,0,0.40625,6447.824508666992,12466.666666666668,0,0.40625,32531.428421020508,605,605,5150,605,605,605,605,2244,0,0,0,100,0,0,0,0,32353087488,8589930496,3003412480,0
199,1786321620850,1014.9760131835938,12333.333333333332,2,0.40625,911.2048797607422,12333.333333333332,2,0.40625,8493.472427368164,12333.333333333332,0,0.40625,6450.232513427734,12333.333333333332,0,0.40625,32534.829864501953,605,605,5150,605,605,605,605,2244,0,0,0,100,0,0,0,0,32353087488,8589930496,3003412480,0
199,1786321621050,1014.9794769287109,12400,2,0.40625,911.2079925537109,12400,2,0.40625,8493.481201171875,12400,2,0.40625,6452.6304931640625,12400,0,0.40625,32538.225997924805,605,605,5150,605,605,605,605,2244,0,0,0,100,0,0,0,0,32353087488,8589930496,3003412480,0
199,1786321621251,1014.9831848144531,12266.666666666668,2,0.4125000000000001,911.2115478515625,12266.666666666668,2,0.4125000000000001,8493.490158081055,12266.666666666668,2,0.4125000000000001,6455.033386230469,12266.666666666668,0,0.4125000000000001,32541.62777709961,605,605,5150,605,605,605,605,2244,0,0,4.761904716491699,28.571430206298828,0,0,0,75,32353087488,8589930496,3003412480,0
199,1786321621451,1014.9870910644531,12400,2,0.40625,911.2147827148438,12400,2,0.40625,8493.499237060547,12400,2,0.40625,6457.442840576172,12400,0,0.40625,32545.022521972656,605,605,5150,605,605,605,605,2244,0,0,4.761904716491699,0,0,0,0,100,32353087488,8589930496,3003412480,0
199,1786321621651,1014.9904937744141,12266.666666666668,2,0.41874999999999996,911.2178802490234,12266.666666666668,2,0.41874999999999996,8493.506744384766,12266.666666666668,2,0.41874999999999996,6459.856338500977,12266.666666666668,0,0.41874999999999996,32548.425704956055,605,605,5150,605,605,605,605,2244,0,0,0,0,0,0,0,100,32353087488,8589930496,3003412480,0
199,1786321621851,1014.993896484375,12266.666666666668,2,0.4125000000000001,911.2209777832031,12266.666666666668,2,0.4125000000000001,8493.51399230957,12266.666666666668,2,0.4125000000000001,6462.263931274414,12266.666666666668,0,0.4125000000000001,32551.823699951172,605,605,5150,605,605,605,605,2244,0,0,0,0,0,0,0,100,32353087488,8589930496,3003412480,0
199,1786321622051,1014.9972381591797,12266.666666666668,2,0.40625,911.2240905761719,12266.666666666668,2,0.40625,8493.521209716797,12266.666666666668,2,0.40625,6464.67414855957,12266.666666666668,0,0.40625,32555.222564697266,605,605,5150,605,605,605,605,2244,0,0,0,0,0,0,0,100,32353087488,8589930496,3003412480,0
199,1786321622251,1015.0006256103516,12266.666666666668,2,0.40625,911.2278594970703,12266.666666666668,2,0.40625,8493.528732299805,12266.666666666668,2,0.40625,6467.094146728516,12266.666666666668,0,0.40625,32558.638473510742,605,605,5150,605,605,605,605,2244,0,0,0,0,0,0,0,100,32353087488,8589930496,3003412480,0
199,1786321622451,1015.0048828125,12333.333333333332,2,0.40625,911.231689453125,12333.333333333332,2,0.40625,8493.53662109375,12333.333333333332,2,0.40625,6469.495834350586,12333.333333333332,0,0.40625,32562.03480529785,605,605,5150,605,605,605,605,2244,0,0,0,0,0,0,0,100,32353087488,8589930496,3003412480,0
199,1786321622651,1015.0083465576172,12266.666666666668,2,0.40625,911.2347869873047,12266.666666666668,2,0.40625,8493.546569824219,12266.666666666668,2,0.40625,6471.902053833008,12266.666666666668,0,0.40625,32565.434783935547,605,605,5150,605,605,605,605,2244,0,0,0,36.842105865478516,0,0,0,61.904762268066406,32353087488,8589930496,3003412480,0
199,1786321622851,1015.0120697021484,12866.666666666666,2,0.3999999999999999,911.2497253417969,12866.666666666666,2,0.3999999999999999,8493.857437133789,12866.666666666666,0,0.3999999999999999,6473.967681884766,12866.666666666666,2,0.3999999999999999,32568.819732666016,605,605,5150,605,605,605,605,2244,0,0,10,85.71428680419922,0,0,0,0,32353087488,8589930496,3003412480,0
199,1786321623051,1015.0154113769531,12400,2,0.4125000000000001,911.255859375,12400,2,0.4125000000000001,8496.265869140625,12400,0,0.4125000000000001,6473.975646972656,12400,0,0.4125000000000001,32572.231567382813,605,605,5150,605,605,605,605,2244,0,0,100,0,0,0,0,0,32353087488,8589930496,3003412480,0
199,1786321623251,1015.0188446044922,12466.666666666668,0,0.40625,911.2619934082031,12466.666666666668,2,0.40625,8498.66830444336,12466.666666666668,0,0.40625,6473.983581542969,12466.666666666668,0,0.40625,32575.6287689209,605,605,5150,605,605,605,605,2244,0,0,100,0,0,0,0,0,32353087488,8589930496,3003412480,0
199,1786321623451,1015.0235900878906,12533.333333333332,2,0.40625,911.4494171142578,12533.333333333332,2,0.40625,8500.754852294922,12533.333333333332,0,0.40625,6473.993743896484,12533.333333333332,0,0.40625,32579.02687072754,605,605,5150,605,605,605,605,2244,0,5,95,0,0,0,0,0,32353087488,8589930496,3003412480,0
199,1786321623652,1015.0271453857422,12533.333333333332,2,0.40625,911.45556640625,12533.333333333332,2,0.40625,8503.008026123047,12533.333333333332,0,0.40625,6474.0008544921875,12533.333333333332,2,0.40625,32582.426025390625,605,605,5150,605,605,605,605,2244,0,0,100,4.761904716491699,0,0,0,0,32353087488,8589930496,3003412480,0
199,1786321623852,1015.0306243896484,12466.666666666668,2,0.4125000000000001,911.4617004394531,12466.666666666668,2,0.4125000000000001,8505.263702392578,12466.666666666668,0,0.4125000000000001,6474.007888793945,12466.666666666668,2,0.4125000000000001,32585.827041625977,605,605,5150,605,605,605,605,2244,0,0,100,0,0,0,0,0,32353087488,8589930496,3003412480,0
199,1786321624052,1015.0340881347656,12400,2,0.4125000000000001,911.4678344726563,12400,2,0.4125000000000001,8507.519943237305,12400,0,0.4125000000000001,6474.014678955078,12400,2,0.4125000000000001,32589.228088378906,605,605,5150,605,605,605,605,2244,0,0,100,0,0,0,0,0,32353087488,8589930496,3003412480,0
199,1786321624252,1015.0376434326172,12466.666666666668,2,0.40625,911.4740142822266,12466.666666666668,2,0.40625,8509.773223876953,12466.666666666668,0,0.40625,6474.021408081055,12466.666666666668,2,0.40625,32592.625228881836,605,605,5150,605,605,605,605,2244,0,0,100,0,0,0,0,0,32353087488,8589930496,3003412480,0
199,1786321624452,1015.0415802001953,12333.333333333332,2,0.40625,911.480224609375,12333.333333333332,2,0.40625,8512.026168823242,12333.333333333332,0,0.40625,6474.028900146484,12333.333333333332,2,0.40625,32596.027435302734,605,605,5150,605,605,605,605,2244,0,0,100,0,0,0,0,0,32353087488,8589930496,3003412480,0
199,1786321624652,1015.0449371337891,12466.666666666668,2,0.40625,911.4864349365234,12466.666666666668,2,0.40625,8514.277236938477,12466.666666666668,0,0.40625,6474.035552978516,12466.666666666668,2,0.40625,32599.423934936523,605,605,5150,605,605,605,605,2244,0,0,100,0,0,0,0,0,32353087488,8589930496,3003412480,0
199,1786321624852,1015.0482788085938,12800,2,0.3999999999999999,911.4927215576172,12800,2,0.3999999999999999,8516.533218383789,12800,0,0.3999999999999999,6474.042404174805,12800,2,0.3999999999999999,32602.82989501953,605,605,5150,605,605,605,605,2244,0,0,100,0,0,0,0,0,32353087488,8589930496,3003412480,0
199,1786321625052,1015.0520324707031,12333.333333333332,2,0.40625,911.4994506835938,12333.333333333332,2,0.40625,8518.787841796875,12333.333333333332,0,0.40625,6474.049301147461,12333.333333333332,2,0.40625,32606.239974975586,605,605,5150,605,605,605,605,2244,0,4.761904716491699,100,0,0,0,0,0,32353087488,8589930496,3003408384,0
199,1786321625252,1015.0601654052734,12133.333333333332,2,0.4125000000000001,911.5112457275391,12133.333333333332,2,0.4125000000000001,8521.034255981445,12133.333333333332,0,0.4125000000000001,6474.055770874023,12133.333333333332,2,0.4125000000000001,32609.645385742188,605,605,5150,605,605,605,605,2244,0,0,100,0,0,0,0,0,32353087488,8589930496,3003408384,0
199,1786321625452,1015.0654907226563,12400,0,0.40625,911.5178375244141,12400,2,0.40625,8523.26953125,12400,0,0.40625,6474.067657470703,12400,2,0.40625,32613.035736083984,605,605,5150,605,605,605,605,2244,0,0,100,0,0,0,0,4.761904716491699,32353087488,8589930496,3003404288,0
199,1786321625652,1015.0690002441406,12400,2,0.40625,911.5240478515625,12400,0,0.40625,8525.520629882813,12400,0,0.40625,6474.074813842773,12400,0,0.40625,32616.434127807617,605,605,5150,605,605,605,605,2244,4.761904716491699,0,100,0,0,0,0,0,32353087488,8589930496,3003404288,0
199,1786321625853,1015.0723571777344,12466.666666666668,2,0.4125000000000001,911.5302124023438,12466.666666666668,2,0.4125000000000001,8527.769927978516,12466.666666666668,0,0.4125000000000001,6474.081314086914,12466.666666666668,0,0.4125000000000001,32619.831970214844,605,605,5150,605,605,605,605,2244,0,0,100,0,0,0,0,0,32353087488,8589930496,3003404288,0
199,1786321626053,1015.0756988525391,12466.666666666668,2,0.40625,911.5363922119141,12466.666666666668,2,0.40625,8530.025451660156,12466.666666666668,0,0.40625,6474.089599609375,12466.666666666668,2,0.40625,32623.230590820313,605,605,5150,605,605,605,605,2244,0,0,100,0,0,0,0,0,32353087488,8589930496,3003404288,0
199,1786321626253,1015.0790557861328,12333.333333333332,2,0.4125000000000001,911.5431518554688,12333.333333333332,2,0.4125000000000001,8532.274139404297,12333.333333333332,0,0.4125000000000001,6474.096786499023,12333.333333333332,2,0.4125000000000001,32626.634872436523,605,605,5150,605,605,605,605,2244,0,0,100,0,0,0,0,0,32353087488,8589930496,3003404288,0
199,1786321626453,1015.0830535888672,12400,2,0.40625,911.5495910644531,12400,2,0.40625,8534.520156860352,12400,0,0.40625,6474.105575561523,12400,2,0.40625,32630.032150268555,605,605,5150,605,605,605,605,2244,0,0,100,0,0,0,0,0,32353087488,8589930496,3003404288,0
199,1786321626653,1015.0864410400391,12466.666666666668,2,0.40625,911.5557708740234,12466.666666666668,2,0.40625,8536.776809692383,12466.666666666668,0,0.40625,6474.113571166992,12466.666666666668,2,0.40625,32633.428649902344,605,605,5150,605,605,605,605,2244,0,0,100,0,0,0,0,0,32353087488,8589930496,3003404288,0
199,1786321626853,1015.0897674560547,12533.333333333332,2,0.4125000000000001,911.5619659423828,12533.333333333332,2,0.4125000000000001,8539.029312133789,12533.333333333332,0,0.4125000000000001,6474.12077331543,12533.333333333332,2,0.4125000000000001,32636.82749938965,605,605,5150,605,605,605,605,2244,0,0,100,0,0,0,0,0,32353087488,8589930496,3003404288,0
199,1786321627053,1015.0930938720703,12466.666666666668,2,0.4125000000000001,911.5681762695313,12466.666666666668,2,0.4125000000000001,8541.29084777832,12466.666666666668,0,0.4125000000000001,6474.128814697266,12466.666666666668,2,0.4125000000000001,32640.244415283203,605,605,5150,605,605,605,605,2244,0,0,100,0,0,0,0,0,32353087488,8589930496,3003404288,0
199,1786321627253,1015.0965270996094,12466.666666666668,2,0.4125000000000001,911.5744018554688,12466.666666666668,2,0.4125000000000001,8543.543014526367,12466.666666666668,0,0.4125000000000001,6474.13720703125,12466.666666666668,2,0.4125000000000001,32643.642639160156,605,605,5150,605,605,605,605,2244,0,0,100,0,0,0,0,0,32353087488,8589930496,3003404288,0
199,1786321627453,1015.1000518798828,12400,2,0.40625,911.5812072753906,12400,2,0.40625,8545.793807983398,12400,0,0.40625,6474.145217895508,12400,2,0.40625,32647.04315185547,605,605,5150,605,605,605,605,2244,0,0,100,0,0,0,0,0,32353087488,8589930496,3003404288,0
199,1786321627653,1015.1038208007813,12466.666666666668,2,0.40625,911.5875549316406,12466.666666666668,2,0.40625,8548.045822143555,12466.666666666668,0,0.40625,6474.154556274414,12466.666666666668,2,0.40625,32650.44061279297,605,605,5150,605,605,605,605,2244,0,0,100,0,0,0,0,0,32353087488,8589930496,3003404288,0
199,1786321627853,1015.1072845458984,12333.333333333332,2,0.40625,911.59375,12333.333333333332,2,0.40625,8550.297821044922,12333.333333333332,0,0.40625,6474.164138793945,12333.333333333332,0,0.40625,32653.84246826172,605,605,5150,605,605,605,605,2244,0,0,20,0,0,0,75,0,32353087488,8589930496,3003404288,0
199,1786321628053,1015.1106262207031,12266.666666666668,2,0.40625,911.5998382568359,12266.666666666668,2,0.4125000000000001,8552.54280090332,12266.666666666668,0,0.4125000000000001,6474.173400878906,12266.666666666668,0,0.4125000000000001,32657.242111206055,605,605,5150,605,605,605,605,2244,0,0,0,0,0,0,100,0,32353087488,8589930496,3003404288,0
199,1786321628254,1015.1144256591797,12400,2,0.40625,911.6066284179688,12400,0,0.40625,8554.787399291992,12400,0,0.40625,6474.180572509766,12400,0,0.40625,32660.636825561523,605,605,5150,605,605,605,605,2244,0,0,0,0,0,0,100,0,32353087488,8589930496,3003404288,0
199,1786321628454,1015.1367797851563,11733.333333333332,0,0.4312499999999999,911.6160430908203,11733.333333333332,2,0.4312499999999999,8557.018753051758,11733.333333333332,0,0.4312499999999999,6474.199127197266,11733.333333333332,0,0.4312499999999999,32664.05548095703,605,605,5150,605,605,605,605,2244,0,4.761904716491699,0,0,0,0,100,0,32353087488,8589930496,3003400192,0
199,1786321628654,1015.144775390625,12333.333333333332,2,0.40625,911.6221771240234,12333.333333333332,2,0.40625,8559.2470703125,12333.333333333332,0,0.40625,6474.215606689453,12333.333333333332,2,0.40625,32667.436553955078,605,605,5150,605,605,605,605,2244,0,0,0,0,0,0,100,0,32353087488,8589930496,3003400192,0
199,1786321628854,1015.148193359375,12466.666666666668,2,0.40625,911.6283721923828,12466.666666666668,2,0.40625,8561.495010375977,12466.666666666668,0,0.40625,6474.225326538086,12466.666666666668,2,0.40625,32670.831008911133,605,605,5150,605,605,605,605,2244,0,0,0,0,0,0,100,0,32353087488,8589930496,3003400192,0
199,1786321629054,1015.1514892578125,12333.333333333332,2,0.40625,911.6345825195313,12333.333333333332,2,0.40625,8563.74984741211,12333.333333333332,0,0.40625,6474.233108520508,12333.333333333332,2,0.40625,32674.234603881836,605,605,5150,605,605,605,605,2244,0,0,0,0,0,0,100,0,32353087488,8589930496,3003400192,0
199,1786321629254,1015.1555786132813,12200,2,0.41874999999999996,911.6484527587891,12200,2,0.41874999999999996,8565.99836730957,12200,0,0.41874999999999996,6474.240570068359,12200,2,0.41874999999999996,32677.638610839844,605,605,5150,605,605,605,605,2244,0,0,0,0,0,0,100,0,32353087488,8589930496,3003400192,0
199,1786321629454,1015.1594696044922,12333.333333333332,2,0.4125000000000001,911.6549835205078,12333.333333333332,2,0.4125000000000001,8568.235473632813,12333.333333333332,0,0.4125000000000001,6474.253021240234,12333.333333333332,2,0.4125000000000001,32681.05027770996,605,605,5150,605,605,605,605,2244,0,0,0,0,0,0,100,4.761904716491699,32353087488,8589930496,3003400192,0
199,1786321629654,1015.1629333496094,12400,2,0.40625,911.6611785888672,12400,2,0.40625,8570.481536865234,12400,0,0.40625,6474.261184692383,12400,2,0.40625,32684.428497314453,605,605,5150,605,605,605,605,2244,0,0,0,0,0,0,100,0,32353087488,8589930496,3003400192,0
199,1786321629854,1015.1663513183594,12400,2,0.4125000000000001,911.6673736572266,12400,2,0.4125000000000001,8572.736633300781,12400,0,0.4125000000000001,6474.269485473633,12400,2,0.4125000000000001,32687.845611572266,605,605,5150,605,605,605,605,2244,0,0,0,0,0,0,100,0,32353087488,8589930496,3003400192,0
199,1786321630054,1015.1703491210938,12600,2,0.4125000000000001,911.6736602783203,12600,2,0.4125000000000001,8574.997344970703,12600,0,0.4125000000000001,6474.278213500977,12600,2,0.4125000000000001,32691.239227294922,605,605,5150,605,605,605,605,2244,0,0,0,0,0,0,100,0,32353087488,8589930496,3003400192,0
199,1786321630254,1015.1756439208984,11466.666666666668,2,0.4437500000000001,911.6802673339844,11466.666666666668,2,0.4437500000000001,8577.222869873047,11466.666666666668,0,0.4437500000000001,6474.334915161133,11466.666666666668,0,0.4375,32694.66780090332,605,605,5150,605,605,605,605,2244,0,0,95,5,0,0,9.523809432983398,0,32353087488,8589930496,3003883520,0
199,1786321630454,1015.1799163818359,12466.666666666668,2,0.4125000000000001,911.6860504150391,12466.666666666668,2,0.4125000000000001,8579.45034790039,12466.666666666668,0,0.4125000000000001,6474.343353271484,12466.666666666668,2,0.40625,32698.040740966797,605,605,5150,605,605,605,605,2244,0,0,100,0,0,0,0,0,32353087488,8589930496,3003883520,0
199,1786321630655,1015.1842803955078,12333.333333333332,2,0.40625,911.6923522949219,12333.333333333332,2,0.4125000000000001,8581.692611694336,12333.333333333332,0,0.4125000000000001,6474.354064941406,12333.333333333332,0,0.4125000000000001,32701.44256591797,605,605,5150,605,605,605,605,2244,0,0,100,0,0,0,0,0,32353087488,8589930496,3003883520,0
199,1786321630855,1015.1884460449219,12533.333333333332,2,0.40625,911.698486328125,12533.333333333332,0,0.40625,8583.93734741211,12533.333333333332,0,0.40625,6474.362716674805,12533.333333333332,0,0.40625,32704.83738708496,605,605,5150,605,605,605,605,2244,0,0,100,0,0,0,0,0,32353087488,8589930496,3003883520,0
199,1786321631055,1015.192626953125,12400,2,0.40625,911.7046508789063,12400,2,0.40625,8586.188064575195,12400,0,0.40625,6474.3692626953125,12400,0,0.40625,32708.240325927734,605,605,5150,605,605,605,605,2244,0,0,100,0,0,0,0,4.761904716491699,32353087488,8589930496,3003883520,0
199,1786321631255,1015.1968383789063,12466.666666666668,2,0.4125000000000001,911.7108764648438,12466.666666666668,2,0.4125000000000001,8588.438095092773,12466.666666666668,0,0.4125000000000001,6474.375900268555,12466.666666666668,2,0.4125000000000001,32711.63786315918,605,605,5150,605,605,605,605,2244,0,0,100,0,0,0,0,0,32353087488,8589930496,3003883520,0
199,1786321631455,1015.2009582519531,12333.333333333332,2,0.40625,911.7171630859375,12333.333333333332,2,0.40625,8590.683135986328,12333.333333333332,0,0.40625,6474.383407592773,12333.333333333332,2,0.40625,32715.040481567383,605,605,5150,605,605,605,605,2244,0,0,100,0,0,0,0,0,32353087488,8589930496,3003883520,0
199,1786321631655,1015.2052154541016,12400,2,0.40625,911.7234039306641,12400,2,0.40625,8592.924682617188,12400,0,0.40625,6474.39128112793,12400,2,0.40625,32718.436614990234,605,605,5150,605,605,605,605,2244,0,0,100,0,0,0,0,0,32353087488,8589930496,3003883520,0
199,1786321631855,1015.2093811035156,12333.333333333332,2,0.4125000000000001,911.7295837402344,12333.333333333332,2,0.4125000000000001,8595.172775268555,12333.333333333332,0,0.4125000000000001,6474.398101806641,12333.333333333332,2,0.4125000000000001,32721.83757019043,605,605,5150,605,605,605,605,2244,0,0,100,0,0,0,0,0,32353087488,8589930496,3003883520,0
199,1786321632055,1015.2135162353516,12333.333333333332,2,0.4125000000000001,911.7357788085938,12333.333333333332,2,0.4125000000000001,8597.419235229492,12333.333333333332,0,0.4125000000000001,6474.406097412109,12333.333333333332,2,0.4125000000000001,32725.23765563965,605,605,5150,605,605,605,605,2244,0,0,100,0,0,0,0,0,32353087488,8589930496,3003883520,0
199,1786321632255,1015.2176818847656,12466.666666666668,2,0.4125000000000001,911.7420196533203,12466.666666666668,2,0.4125000000000001,8599.664169311523,12466.666666666668,0,0.4125000000000001,6474.41423034668,12466.666666666668,2,0.4125000000000001,32728.631317138672,605,605,5150,605,605,605,605,2244,0,0,100,0,0,0,0,0,32353087488,8589930496,3003883520,0
199,1786321632455,1015.2218933105469,12600,2,0.3999999999999999,911.7482604980469,12600,2,0.3999999999999999,8601.924911499023,12600,0,0.3999999999999999,6474.421569824219,12600,2,0.3999999999999999,32732.045471191406,605,605,5150,605,605,605,605,2244,0,0,100,0,0,0,0,0,32353087488,8589930496,3003883520,0
199,1786321632655,1015.2263336181641,12466.666666666668,2,0.40625,911.7546691894531,12466.666666666668,2,0.40625,8604.178344726563,12466.666666666668,0,0.40625,6474.43017578125,12466.666666666668,2,0.40625,32735.448959350586,605,605,5150,605,605,605,605,2244,0,0,100,0,0,0,0,0,32353087488,8589930496,3003883520,0
199,1786321632855,1015.2307586669922,12466.666666666668,2,0.40625,911.7608795166016,12466.666666666668,2,0.40625,8606.432754516602,12466.666666666668,0,0.40625,6474.437591552734,12466.666666666668,2,0.40625,32738.846725463867,605,605,5150,605,605,605,605,2244,0,0,100,0,0,0,0,0,32353087488,8589930496,3003883520,0
199,1786321633056,1015.2349090576172,12333.333333333332,2,0.40625,911.7670745849609,12333.333333333332,2,0.40625,8608.681854248047,12333.333333333332,0,0.40625,6474.446441650391,12333.333333333332,2,0.40625,32742.24920654297,605,605,5150,605,605,605,605,2244,0,0,100,0,0,0,0,0,32353087488,8589930496,3003883520,0
199,1786321633256,1015.2415466308594,12333.333333333332,2,0.4125000000000001,911.7757568359375,12333.333333333332,2,0.40625,8610.926635742188,12266.666666666668,0,0.40625,6474.45442199707,12266.666666666668,0,0.40625,32745.64939880371,605,605,5150,605,605,605,605,2244,0,0,100,0,4.761904716491699,0,0,0,32353087488,8589930496,3003883520,0
199,1786321633456,1015.2460479736328,12533.333333333332,2,0.40625,911.7823333740234,12533.333333333332,0,0.40625,8613.170532226563,12533.333333333332,0,0.40625,6474.46369934082,12533.333333333332,0,0.40625,32749.04234313965,605,605,5150,605,605,605,605,2244,0,0,100,0,0,4.761904716491699,0,0,32353087488,8589930496,3003883520,0
199,1786321633656,1015.2507629394531,12266.666666666668,2,0.4125000000000001,911.7888641357422,12266.666666666668,2,0.4125000000000001,8615.423889160156,12266.666666666668,0,0.4125000000000001,6474.4703369140625,12266.666666666668,0,0.4125000000000001,32752.447372436523,605,605,5150,605,605,605,605,2244,0,0,100,0,0,0,0,0,32353087488,8589930496,3003883520,0
199,1786321633856,1015.2542114257813,12266.666666666668,2,0.4125000000000001,911.7949829101563,12266.666666666668,2,0.4125000000000001,8617.665390014648,12266.666666666668,0,0.4125000000000001,6474.478134155273,12266.666666666668,2,0.4125000000000001,32755.845947265625,605,605,5150,605,605,605,605,2244,0,0,100,4.761904716491699,0,0,0,4.761904716491699,32353087488,8589930496,3003883520,0
199,1786321634056,1015.2576141357422,12400,2,0.40625,911.8011627197266,12400,2,0.40625,8619.912338256836,12400,0,0.40625,6474.486587524414,12400,2,0.40625,32759.24085998535,605,605,5150,605,605,605,605,2244,0,0,100,0,0,0,0,0,32353087488,8589930496,3003883520,0
199,1786321634256,1015.260986328125,12333.333333333332,2,0.4125000000000001,911.8076477050781,12333.333333333332,2,0.4125000000000001,8622.16130065918,12333.333333333332,0,0.4125000000000001,6474.495574951172,12333.333333333332,2,0.4125000000000001,32762.642517089844,605,605,5150,605,605,605,605,2244,0,0,100,0,0,0,0,0,32353087488,8589930496,3003883520,0
199,1786321634456,1015.2646789550781,12400,2,0.40625,911.8140411376953,12400,2,0.40625,8624.407119750977,12400,0,0.40625,6474.5047607421875,12400,2,0.40625,32766.03968811035,605,605,5150,605,605,605,605,2244,0,0,100,0,0,0,0,0,32353087488,8589930496,3003883520,0
199,1786321634656,1015.2679901123047,12333.333333333332,2,0.4125000000000001,911.8202362060547,12333.333333333332,2,0.4125000000000001,8626.655014038086,12333.333333333332,0,0.4125000000000001,6474.513870239258,12333.333333333332,2,0.4125000000000001,32769.440170288086,605,605,5150,605,605,605,605,2244,0,0,100,0,0,0,0,0,32353087488,8589930496,3003883520,0
199,1786321634856,1015.2714538574219,12333.333333333332,2,0.4125000000000001,911.8263397216797,12333.333333333332,2,0.4125000000000001,8628.90315246582,12333.333333333332,0,0.4125000000000001,6474.521896362305,12333.333333333332,2,0.4125000000000001,32772.83924865723,605,605,5150,605,605,605,605,2244,0,0,100,0,0,0,0,0,32353087488,8589930496,3003883520,0
199,1786321635056,1015.2748413085938,12400,2,0.4125000000000001,911.8331146240234,12400,2,0.4125000000000001,8631.16081237793,12400,0,0.4125000000000001,6474.530670166016,12400,2,0.4125000000000001,32776.25312805176,605,605,5150,605,605,605,605,2244,0,0,100,0,0,0,0,0,32353087488,8589930496,3003883520,0
199,1786321635256,1015.2783050537109,12266.666666666668,2,0.40625,911.8393096923828,12266.666666666668,2,0.40625,8633.406707763672,12266.666666666668,0,0.40625,6474.540084838867,12266.666666666668,2,0.40625,32779.65396118164,605,605,5150,605,605,605,605,2244,0,0,100,4.761904716491699,0,0,0,0,32353087488,8589930496,3003883520,0
199,1786321635457,1015.2820281982422,12333.333333333332,2,0.40625,911.8459777832031,12333.333333333332,2,0.40625,8635.655899047852,12333.333333333332,0,0.40625,6474.549621582031,12333.333333333332,2,0.40625,32783.05212402344,605,605,5150,605,605,605,605,2244,0,0,100,0,0,0,0,0,32353087488,8589930496,3003883520,0
199,1786321635657,1015.2854614257813,12466.666666666668,2,0.40625,911.8522338867188,12466.666666666668,2,0.40625,8637.908432006836,12466.666666666668,0,0.40625,6474.558349609375,12466.666666666668,2,0.40625,32786.44793701172,605,605,5150,605,605,605,605,2244,0,0,100,0,0,0,0,0,32353087488,8589930496,3003883520,0
199,1786321635857,1015.2891998291016,12400,2,0.4125000000000001,911.8585357666016,12400,2,0.4125000000000001,8640.161178588867,12400,0,0.4125000000000001,6474.568572998047,12400,0,0.4125000000000001,32789.84915161133,605,605,5150,605,605,605,605,2244,0,0,100,0,0,0,0,0,32353087488,8589930496,3003883520,0
199,1786321636057,1015.2925109863281,12333.333333333332,2,0.41874999999999996,911.8646850585938,12333.333333333332,0,0.41874999999999996,8642.412643432617,12333.333333333332,0,0.41874999999999996,6474.577209472656,12333.333333333332,0,0.41874999999999996,32793.25062561035,605,605,5150,605,605,605,605,2244,0,0,100,0,0,0,0,0,32353087488,8589930496,3003883520,0
199,1786321636257,1015.2958831787109,12333.333333333332,2,0.4125000000000001,911.870849609375,12333.333333333332,2,0.4125000000000001,8644.662139892578,12333.333333333332,0,0.4125000000000001,6474.58447265625,12333.333333333332,0,0.4125000000000001,32796.649017333984,605,605,5150,605,605,605,605,2244,0,0,100,0,0,0,0,0,32353087488,8589930496,3003883520,0
199,1786321636457,1015.2993011474609,12333.333333333332,2,0.40625,911.8770294189453,12333.333333333332,2,0.40625,8646.915451049805,12333.333333333332,0,0.40625,6474.591537475586,12333.333333333332,2,0.40625,32800.04817199707,605,605,5150,605,605,605,605,2244,0,0,100,0,0,0,0,0,32353087488,8589930496,3003883520,0
199,1786321636657,1015.3027038574219,12266.666666666668,2,0.4125000000000001,911.8832397460938,12266.666666666668,2,0.4125000000000001,8649.166213989258,12266.666666666668,0,0.4125000000000001,6474.598663330078,12266.666666666668,2,0.4125000000000001,32803.447021484375,605,605,5150,605,605,605,605,2244,0,0,100,0,0,0,0,0,32353087488,8589930496,3003883520,0
199,1786321636857,1015.306396484375,12400,2,0.4125000000000001,911.8895416259766,12400,2,0.4125000000000001,8651.412063598633,12400,0,0.4125000000000001,6474.607879638672,12400,2,0.4125000000000001,32806.844299316406,605,605,5150,605,605,605,605,2244,0,0,100,0,0,0,0,0,32353087488,8589930496,3003883520,0
199,1786321637057,1015.3097686767578,12400,2,0.4125000000000001,911.8957366943359,12400,2,0.4125000000000001,8653.661239624023,12400,0,0.4125000000000001,6474.61735534668,12400,2,0.4125000000000001,32810.241302490234,605,605,5150,605,605,605,605,2244,0,0,100,0,0,0,0,0,32353087488,8589930496,3003883520,0
199,1786321637257,1015.3134002685547,12400,2,0.4125000000000001,911.9027557373047,12400,2,0.4125000000000001,8655.906997680664,12400,0,0.4125000000000001,6474.628204345703,12400,2,0.4125000000000001,32813.64122009277,605,605,5150,605,605,605,605,2244,0,0,100,0,0,0,0,0,32353087488,8589930496,3003883520,0
199,1786321637457,1015.3298492431641,12333.333333333332,2,0.40625,911.9087677001953,12333.333333333332,2,0.40625,8658.15151977539,12333.333333333332,0,0.40625,6474.638610839844,12333.333333333332,2,0.40625,32817.05912780762,605,605,5150,605,605,605,605,2244,0,0,100,0,0,0,0,0,32353087488,8589930496,3003883520,0
199,1786321637657,1015.3336181640625,12466.666666666668,2,0.4125000000000001,911.9150543212891,12466.666666666668,2,0.4125000000000001,8660.402801513672,12466.666666666668,0,0.4125000000000001,6474.64811706543,12466.666666666668,2,0.4125000000000001,32820.45420837402,605,605,5150,605,605,605,605,2244,0,0,100,0,0,0,0,0,32353087488,8589930496,3003883520,0
199,1786321637858,1015.3377532958984,12533.333333333332,2,0.40625,911.9213714599609,12533.333333333332,2,0.40625,8662.653106689453,12533.333333333332,0,0.40625,6474.656692504883,12533.333333333332,2,0.40625,32823.85134887695,605,605,5150,605,605,605,605,2244,0,0,100,0,0,0,0,0,32353087488,8589930496,3003883520,0
199,1786321638058,1015.3412322998047,12333.333333333332,2,0.40625,911.9275665283203,12333.333333333332,2,0.40625,8664.904388427734,12333.333333333332,0,0.40625,6474.665344238281,12333.333333333332,2,0.40625,32827.25553894043,605,605,5150,605,605,605,605,2244,0,0,100,0,0,0,0,0,32353087488,8589930496,3003883520,0
199,1786321638258,1015.3446350097656,12466.666666666668,2,0.40625,911.933837890625,12466.666666666668,2,0.40625,8667.154281616211,12466.666666666668,0,0.40625,6474.675186157227,12466.666666666668,0,0.4125000000000001,32830.651290893555,605,605,5150,605,605,605,605,2244,0,0,100,0,0,0,0,0,32353087488,8589930496,3003883520,0
199,1786321638458,1015.3485717773438,12400,2,0.40625,911.9400634765625,12400,0,0.40625,8669.404678344727,12400,0,0.40625,6474.682525634766,12400,2,0.40625,32834.052337646484,605,605,5150,605,605,605,605,2244,0,0,100,0,0,0,0,0,32353087488,8589930496,3003883520,0
199,1786321638658,1015.3523254394531,12400,0,0.40625,911.9462280273438,12400,0,0.40625,8671.654998779297,12400,0,0.40625,6474.689376831055,12400,2,0.40625,32837.45051574707,605,605,5150,605,605,605,605,2244,0,0,100,0,0,0,0,0,32353087488,8589930496,3003883520,0
199,1786321638858,1015.3566436767578,12333.333333333332,0,0.40625,911.9526214599609,12333.333333333332,2,0.40625,8673.903259277344,12333.333333333332,0,0.40625,6474.696563720703,12333.333333333332,2,0.40625,32840.85249328613,605,605,5150,605,605,605,605,2244,0,0,100,0,0,0,0,0,32353087488,8589930496,3003883520,0
199,1786321639058,1015.3603210449219,12333.333333333332,2,0.40625,911.9587860107422,12333.333333333332,2,0.40625,8676.154159545898,12333.333333333332,0,0.40625,6474.703323364258,12333.333333333332,2,0.40625,32844.250228881836,605,605,5150,605,605,605,605,2244,0,0,100,0,0,0,0,0,32353087488,8589930496,3003883520,0
199,1786321639258,1015.3638916015625,12400,2,0.40625,911.9650115966797,12400,2,0.40625,8678.401260375977,12400,0,0.40625,6474.710113525391,12400,2,0.40625,32847.64782714844,605,605,5150,605,605,605,605,2244,0,0,100,0,0,0,0,0,32353087488,8589930496,3003883520,0
199,1786321639458,1015.3684387207031,12400,2,0.4125000000000001,911.9712677001953,12400,2,0.4125000000000001,8680.650115966797,12400,0,0.4125000000000001,6474.717132568359,12400,2,0.4125000000000001,32851.046875,605,605,5150,605,605,605,605,2244,0,0,100,0,0,0,0,0,32353087488,8589930496,3003883520,0
199,1786321639658,1015.3725433349609,12333.333333333332,2,0.40625,911.9774932861328,12333.333333333332,2,0.40625,8682.902404785156,12333.333333333332,0,0.40625,6474.724472045898,12333.333333333332,2,0.40625,32854.44764709473,605,605,5150,605,605,605,605,2244,0,0,100,0,0,0,0,0,32353087488,8589930496,3003883520,0
199,1786321639858,1015.3761749267578,12466.666666666668,2,0.40625,911.9837188720703,12466.666666666668,2,0.40625,8685.153076171875,12466.666666666668,0,0.40625,6474.732818603516,12466.666666666668,2,0.40625,32857.842208862305,605,605,5150,605,605,605,605,2244,4.761904716491699,0,100,0,0,0,0,4.761904716491699,32353087488,8589930496,3003883520,0
199,1786321640059,1015.603515625,12333.333333333332,2,0.4125000000000001,912.1645355224609,12333.333333333332,2,0.4125000000000001,8685.591888427734,12333.333333333332,2,0.4125000000000001,6476.296127319336,12333.333333333332,0,0.4125000000000001,32861.27243041992,605,605,5150,605,605,605,605,2244,5,5.263157844543457,16.666667938232422,70,10,5.263157844543457,0,4.761904716491699,32353087488,8589930496,2989379584,0
199,1786321640259,1015.6070861816406,12400,2,0.4125000000000001,912.1677856445313,12400,2,0.4125000000000001,8685.59880065918,12400,2,0.4125000000000001,6478.69612121582,12400,0,0.4125000000000001,32864.66877746582,605,605,5150,605,605,605,605,2244,0,0,0,100,0,0,0,0,32353087488,8589930496,2989379584,0
199,1786321640459,1015.6107788085938,12400,2,0.40625,912.171142578125,12400,2,0.40625,8685.605895996094,12400,2,0.40625,6481.093765258789,12400,0,0.40625,32868.067291259766,605,605,5150,605,605,605,605,2244,0,0,0,100,0,0,0,0,32353087488,8589930496,2989379584,0
199,1786321640659,1015.6142272949219,12400,2,0.4125000000000001,912.17431640625,12400,2,0.4125000000000001,8685.613708496094,12400,2,0.4125000000000001,6483.494934082031,12400,0,0.4125000000000001,32871.46397399902,605,605,5150,605,605,605,605,2244,0,0,0,100,0,0,0,0,32353087488,8589930496,2989379584,0
199,1786321640859,1015.6177062988281,12400,2,0.4125000000000001,912.1779174804688,12400,2,0.4125000000000001,8685.62045288086,12400,2,0.4125000000000001,6485.896347045898,12400,0,0.4125000000000001,32874.86262512207,605,605,5150,605,605,605,605,2244,0,0,0,100,0,0,0,0,32353087488,8589930496,2990288896,0
199,1786321641059,1015.6211242675781,12466.666666666668,0,0.3999999999999999,912.1812744140625,12466.666666666668,2,0.3999999999999999,8685.626953125,12466.666666666668,0,0.3999999999999999,6488.295211791992,12466.666666666668,0,0.3999999999999999,32878.257720947266,605,605,5150,605,605,605,605,2244,0,0,0,100,0,0,0,0,32353087488,8589930496,2990288896,0
199,1786321641259,1015.6257781982422,12066.666666666668,2,0.4125000000000001,912.1871795654297,12066.666666666668,2,0.4125000000000001,8685.63589477539,12066.666666666668,0,0.4125000000000001,6490.687728881836,12066.666666666668,0,0.4125000000000001,32881.66732788086,605,605,5150,605,605,605,605,2244,0,0,4.761904716491699,100,0,0,0,0,32353087488,8589930496,2990292992,0
199,1786321641459,1015.6296234130859,12266.666666666668,2,0.40625,912.1908416748047,12266.666666666668,2,0.40625,8685.647506713867,12266.666666666668,2,0.40625,6493.06755065918,12266.666666666668,0,0.40625,32885.05828857422,605,605,5150,605,605,605,605,2244,0,0,5,100,0,4.761904716491699,0,0,32353087488,8589930496,2990292992,0
199,1786321641659,1015.6330261230469,12266.666666666668,2,0.4125000000000001,912.1940307617188,12266.666666666668,2,0.4125000000000001,8685.655883789063,12266.666666666668,2,0.4125000000000001,6495.469146728516,12266.666666666668,0,0.4125000000000001,32888.45724487305,605,605,5150,605,605,605,605,2244,0,0,0,100,0,0,0,0,32353087488,8589930496,2990292992,0
199,1786321641859,1015.6364135742188,12266.666666666668,2,0.4125000000000001,912.1975555419922,12266.666666666668,2,0.4125000000000001,8685.662841796875,12266.666666666668,2,0.4125000000000001,6497.869491577148,12266.666666666668,0,0.4125000000000001,32891.85740661621,605,605,5150,605,605,605,605,2244,0,0,0,100,0,0,0,0,32353087488,8589930496,2990292992,0
199,1786321642059,1015.6399078369141,12400,2,0.4125000000000001,912.2007446289063,12400,2,0.4125000000000001,8685.670150756836,12400,2,0.4125000000000001,6500.268325805664,12400,0,0.4125000000000001,32895.25102233887,605,605,5150,605,605,605,605,2244,0,0,0,100,0,0,0,0,32353087488,8589930496,2990292992,0
199,1786321642259,1015.6434173583984,12200,2,0.41874999999999996,912.2040557861328,12200,2,0.41874999999999996,8685.676879882813,12200,2,0.41874999999999996,6502.673873901367,12200,0,0.41874999999999996,32898.65576171875,605,605,5150,605,605,605,605,2244,0,0,0,100,0,0,0,0,32353087488,8589930496,2990292992,0
199,1786321642460,1015.6470489501953,12400,2,0.4125000000000001,912.2075500488281,12400,2,0.4125000000000001,8685.684509277344,12400,2,0.4125000000000001,6505.069549560547,12400,0,0.4125000000000001,32902.0498046875,605,605,5150,605,605,605,605,2244,0,0,0,100,0,0,0,0,32353087488,8589930496,2990292992,0
199,1786321642660,1015.6505279541016,12466.666666666668,2,0.3999999999999999,912.2108306884766,12466.666666666668,2,0.3999999999999999,8685.691619873047,12466.666666666668,2,0.3999999999999999,6507.484939575195,12466.666666666668,0,0.3999999999999999,32905.46304321289,605,605,5150,605,605,605,605,2244,0,0,0,100,0,0,0,0,32353087488,8589930496,2990292992,0
199,1786321642860,1015.654052734375,12200,2,0.4125000000000001,912.2139587402344,12200,2,0.4125000000000001,8685.699691772461,12200,2,0.4125000000000001,6509.889938354492,12200,0,0.4125000000000001,32908.86877441406,605,605,5150,605,605,605,605,2244,0,0,0,100,0,0,0,0,32353087488,8589930496,2990292992,0
199,1786321643060,1015.6575317382813,12333.333333333332,2,0.40625,912.2174224853516,12333.333333333332,2,0.40625,8685.707244873047,12333.333333333332,2,0.40625,6512.288986206055,12333.333333333332,0,0.40625,32912.26416015625,605,605,5150,605,605,605,605,2244,0,0,0,100,0,0,0,0,32353087488,8589930496,2990292992,0
199,1786321643260,1015.6616058349609,11866.666666666668,2,0.42500000000000004,912.2290802001953,11866.666666666668,2,0.42500000000000004,8685.757858276367,11866.666666666668,0,0.42500000000000004,6514.633972167969,11866.666666666668,0,0.42500000000000004,32915.67704772949,605,605,5150,605,605,605,605,2244,0,0,5,100,0,0,0,0,32353087488,8589930496,2990292992,0
199,1786321643460,1015.6661224365234,12266.666666666668,0,0.4125000000000001,912.2325286865234,12266.666666666668,2,0.4125000000000001,8685.765014648438,12266.666666666668,0,0.4125000000000001,6517.014572143555,12266.666666666668,0,0.4125000000000001,32919.06350708008,605,605,5150,605,605,605,605,2244,0,0,0,100,0,0,0,0,32353087488,8589930496,2990292992,0
199,1786321643660,1015.6701354980469,12200,0,0.4125000000000001,912.2356719970703,12200,2,0.4125000000000001,8685.773254394531,12200,0,0.4125000000000001,6519.407745361328,12200,0,0.4125000000000001,32922.463150024414,605,605,5150,605,605,605,605,2244,0,0,0,100,0,0,0,0,32353087488,8589930496,2990292992,0
199,1786321643860,1015.6742553710938,12466.666666666668,2,0.3999999999999999,912.2388916015625,12466.666666666668,2,0.3999999999999999,8685.780044555664,12466.666666666668,0,0.3999999999999999,6521.803756713867,12466.666666666668,0,0.3999999999999999,32925.85595703125,605,605,5150,605,605,605,605,2244,0,0,0,100,0,0,0,0,32353087488,8589930496,2990292992,0
199,1786321644060,1015.6784515380859,12333.333333333332,2,0.40625,912.2427520751953,12333.333333333332,2,0.40625,8685.789108276367,12333.333333333332,2,0.40625,6524.20051574707,12333.333333333332,0,0.40625,32929.258392333984,605,605,5150,605,605,605,605,2244,0,0,0,100,0,0,0,0,32353087488,8589930496,2990292992,0
199,1786321644260,1015.6826171875,12266.666666666668,2,0.40625,912.2459106445313,12266.666666666668,2,0.40625,8685.79605102539,12266.666666666668,2,0.40625,6526.598403930664,12266.666666666668,0,0.40625,32932.658462524414,605,605,5150,605,605,605,605,2244,0,0,0,100,0,0,0,0,32353087488,8589930496,2990292992,0
199,1786321644460,1015.6869354248047,12333.333333333332,2,0.4125000000000001,912.2491455078125,12333.333333333332,2,0.4125000000000001,8685.803482055664,12333.333333333332,2,0.4125000000000001,6528.9927978515625,12333.333333333332,0,0.4125000000000001,32936.0573425293,605,605,5150,605,605,605,605,2244,0,0,0,100,0,0,0,0,32353087488,8589930496,2990292992,0
199,1786321644660,1015.6911163330078,12266.666666666668,2,0.4125000000000001,912.2523193359375,12266.666666666668,2,0.4125000000000001,8685.810317993164,12266.666666666668,2,0.4125000000000001,6531.388000488281,12266.666666666668,0,0.4125000000000001,32939.45863342285,605,605,5150,605,605,605,605,2244,0,0,0,100,0,0,0,0,32353087488,8589930496,2990292992,0
199,1786321644861,1015.6952362060547,12333.333333333332,2,0.40625,912.2557067871094,12333.333333333332,2,0.40625,8685.816802978516,12333.333333333332,2,0.40625,6533.783462524414,12333.333333333332,0,0.40625,32942.8547668457,605,605,5150,605,605,605,605,2244,0,0,4.761904716491699,100,0,0,0,0,32353087488,8589930496,2990292992,0
199,1786321645061,1015.6997222900391,12466.666666666668,2,0.3999999999999999,912.25927734375,12466.666666666668,2,0.3999999999999999,8685.823822021484,12466.666666666668,2,0.3999999999999999,6536.183609008789,12466.666666666668,0,0.3999999999999999,32946.267822265625,605,605,5150,605,605,605,605,2244,0,0,0,100,0,0,0,0,32353087488,8589930496,2990292992,0
199,1786321645261,1015.7086791992188,12133.333333333332,2,0.4125000000000001,912.2744445800781,12133.333333333332,2,0.4125000000000001,8685.832397460938,12133.333333333332,2,0.4125000000000001,6538.565383911133,12133.333333333332,0,0.4125000000000001,32949.67802429199,605,605,5150,605,605,605,605,2244,0,4.761904716491699,0,100,0,0,0,0,32353087488,8589930496,2990292992,0
199,1786321645461,1015.7134857177734,12200,2,0.41874999999999996,912.2782135009766,12200,2,0.41874999999999996,8685.843627929688,12200,2,0.41874999999999996,6540.9398193359375,12200,0,0.41874999999999996,32953.07304382324,605,605,5150,605,605,605,605,2244,0,0,0,100,0,0,0,0,32353087488,8589930496,2990292992,0
199,1786321645661,1015.7175903320313,12266.666666666668,2,0.40625,912.2813720703125,12266.666666666668,2,0.40625,8685.852569580078,12266.666666666668,2,0.40625,6543.332778930664,12266.666666666668,0,0.40625,32956.46977233887,605,605,5150,605,605,605,605,2244,0,0,0,100,0,0,0,0,32353087488,8589930496,2990292992,0
199,1786321645861,1015.7217864990234,12200,2,0.40625,912.2846069335938,12200,2,0.4125000000000001,8685.85922241211,12200,0,0.4125000000000001,6545.7269287109375,12200,0,0.4125000000000001,32959.8698425293,605,605,5150,605,605,605,605,2244,0,0,0,100,0,0,0,0,32353087488,8589930496,2990292992,0
199,1786321646061,1015.7260437011719,12266.666666666668,2,0.4125000000000001,912.2881317138672,12200,2,0.4125000000000001,8685.86589050293,12200,0,0.4125000000000001,6548.120742797852,12200,0,0.4125000000000001,32963.26805114746,605,605,5150,605,605,605,605,2244,0,0,0,100,0,0,0,0,32353087488,8589930496,2990292992,0
199,1786321646261,1015.7301330566406,12200,2,0.4125000000000001,912.2913208007813,12200,2,0.4125000000000001,8685.872787475586,12200,0,0.4125000000000001,6550.51139831543,12200,0,0.4125000000000001,32966.66697692871,605,605,5150,605,605,605,605,2244,0,0,0,100,0,0,0,0,32353087488,8589930496,2990292992,0
199,1786321646461,1015.7344207763672,12533.333333333332,2,0.40625,912.3033599853516,12533.333333333332,2,0.40625,8685.879638671875,12533.333333333332,2,0.40625,6552.873565673828,12533.333333333332,0,0.40625,32970.058837890625,605,605,5150,605,605,605,605,2244,0,0,0,100,0,0,0,0,32353087488,8589930496,2990292992,0
199,1786321646661,1015.7385406494141,12400,2,0.3999999999999999,912.3075866699219,12400,2,0.3999999999999999,8685.887069702148,12400,2,0.3999999999999999,6555.278823852539,12400,0,0.3999999999999999,32973.46127319336,605,605,5150,605,605,605,605,2244,0,0,0,100,0,0,0,0,32353087488,8589930496,2990292992,0
199,1786321646861,1015.7427520751953,12466.666666666668,2,0.3999999999999999,912.3126678466797,12466.666666666668,2,0.3999999999999999,8685.893905639648,12466.666666666668,2,0.3999999999999999,6557.689682006836,12466.666666666668,0,0.3999999999999999,32976.860092163086,605,605,5150,605,605,605,605,2244,0,0,0,100,0,0,0,0,32353087488,8589930496,2990292992,0
199,1786321647062,1015.7469329833984,12533.333333333332,2,0.3999999999999999,912.3175354003906,12533.333333333332,2,0.3999999999999999,8685.90054321289,12533.333333333332,2,0.3999999999999999,6560.095397949219,12533.333333333332,0,0.3999999999999999,32980.25816345215,605,605,5150,605,605,605,605,2244,0,0,4.761904716491699,100,0,0,0,0,32353087488,8589930496,2990292992,0
199,1786321647262,1015.7511596679688,12533.333333333332,2,0.3999999999999999,912.3228759765625,12533.333333333332,2,0.3999999999999999,8685.907211303711,12533.333333333332,2,0.3999999999999999,6562.503952026367,12533.333333333332,0,0.3999999999999999,32983.65785217285,605,605,5150,605,605,605,605,2244,0,0,0,100,0,0,0,0,32353087488,8589930496,2990292992,0
199,1786321647462,1015.7554626464844,12266.666666666668,2,0.40625,912.3264617919922,12266.666666666668,2,0.40625,8685.915954589844,12266.666666666668,2,0.40625,6564.911972045898,12266.666666666668,0,0.40625,32987.08044433594,605,605,5150,605,605,605,605,2244,0,0,0,100,0,0,0,0,32353087488,8589930496,2990292992,0
199,1786321647662,1015.7595825195313,12266.666666666668,2,0.4125000000000001,912.3297576904297,12266.666666666668,2,0.4125000000000001,8685.925033569336,12266.666666666668,2,0.4125000000000001,6567.30778503418,12266.666666666668,0,0.4125000000000001,32990.47886657715,605,605,5150,605,605,605,605,2244,0,0,0,100,0,0,0,0,32353087488,8589930496,2990292992,0
199,1786321647862,1015.7635803222656,12200,2,0.41874999999999996,912.3329772949219,12200,2,0.41874999999999996,8685.931884765625,12200,2,0.41874999999999996,6569.697906494141,12200,0,0.41874999999999996,32993.877029418945,605,605,5150,605,605,605,605,2244,0,0,0,100,0,0,0,0,32353087488,8589930496,2990292992,0
199,1786321648062,1015.7677001953125,12266.666666666668,2,0.40625,912.3365020751953,12266.666666666668,2,0.40625,8685.938385009766,12266.666666666668,2,0.40625,6572.093688964844,12266.666666666668,0,0.40625,32997.27479553223,605,605,5150,605,605,605,605,2244,0,0,0,100,0,0,0,0,32353087488,8589930496,2990292992,0
199,1786321648262,1015.7717742919922,12200,2,0.40625,912.3397216796875,12200,2,0.40625,8685.944869995117,12200,2,0.40625,6574.487747192383,12200,0,0.40625,33000.67401123047,605,605,5150,605,605,605,605,2244,0,0,0,100,0,0,0,0,32353087488,8589930496,2990292992,0
199,1786321648462,1015.7757568359375,12200,2,0.4125000000000001,912.3430786132813,12200,2,0.4125000000000001,8685.95132446289,12200,2,0.4125000000000001,6576.881286621094,12200,0,0.41874999999999996,33004.07270812988,605,605,5150,605,605,605,605,2244,0,0,0,100,0,0,0,0,32353087488,8589930496,2990292992,0
199,1786321648662,1015.7798004150391,12200,0,0.41874999999999996,912.3462829589844,12200,2,0.41874999999999996,8685.957748413086,12200,0,0.41874999999999996,6579.273468017578,12200,0,0.41874999999999996,33007.47164916992,605,605,5150,605,605,605,605,2244,0,0,0,100,0,0,0,0,32353087488,8589930496,2990292992,0
199,1786321648862,1015.7837371826172,12200,2,0.4125000000000001,912.3494873046875,12200,2,0.4125000000000001,8685.964492797852,12200,0,0.4125000000000001,6581.664840698242,12200,0,0.4125000000000001,33010.87013244629,605,605,5150,605,605,605,605,2244,0,0,0,100,0,0,0,0,32353087488,8589930496,2990292992,0
199,1786321649062,1015.7877960205078,12266.666666666668,2,0.4125000000000001,912.35302734375,12266.666666666668,2,0.4125000000000001,8685.972686767578,12266.666666666668,2,0.4125000000000001,6584.0638427734375,12266.666666666668,0,0.4125000000000001,33014.26808166504,605,605,5150,605,605,605,605,2244,0,0,0,100,0,0,0,0,32353087488,8589930496,2990292992,0
199,1786321649262,1015.7923126220703,12200,2,0.4125000000000001,912.3593444824219,12200,2,0.4125000000000001,8685.979843139648,12200,2,0.4125000000000001,6586.45166015625,12200,0,0.4125000000000001,33017.66905212402,605,605,5150,605,605,605,605,2244,0,5,0,100,9.090909004211426,0,0,0,32353087488,8589930496,2990292992,0
199,1786321649463,1015.7963714599609,12266.666666666668,2,0.4125000000000001,912.3627624511719,12266.666666666668,2,0.4125000000000001,8685.986679077148,12266.666666666668,2,0.4125000000000001,6588.845809936523,12266.666666666668,0,0.4125000000000001,33021.06509399414,605,605,5150,605,605,605,605,2244,0,0,4.761904716491699,100,0,0,0,0,32353087488,8589930496,2990292992,0
199,1786321649663,1015.8004760742188,12333.333333333332,2,0.4125000000000001,912.3673095703125,12333.333333333332,2,0.4125000000000001,8685.99301147461,12333.333333333332,2,0.4125000000000001,6591.240661621094,12333.333333333332,0,0.4125000000000001,33024.4631652832,605,605,5150,605,605,605,605,2244,0,0,0,100,0,0,0,0,32353087488,8589930496,2990292992,0
199,1786321649863,1015.8047637939453,12266.666666666668,2,0.40625,912.3711242675781,12266.666666666668,2,0.40625,8685.999237060547,12266.666666666668,2,0.40625,6593.634002685547,12266.666666666668,0,0.40625,33027.86358642578,605,605,5150,605,605,605,605,2244,0,0,0,100,0,0,0,0,32353087488,8589930496,2990292992,0
199,1786321650063,1015.8088226318359,12333.333333333332,2,0.4125000000000001,912.3752899169922,12333.333333333332,2,0.4125000000000001,8686.00570678711,12333.333333333332,2,0.4125000000000001,6596.026260375977,12333.333333333332,0,0.4125000000000001,33031.26043701172,605,605,5150,605,605,605,605,2244,0,0,0,100,0,0,0,0,32353087488,8589930496,2990292992,0
199,1786321650263,1015.8128967285156,12200,2,0.4125000000000001,912.3800201416016,12200,2,0.4125000000000001,8686.012191772461,12200,2,0.4125000000000001,6598.431442260742,12200,0,0.4125000000000001,33034.679611206055,605,605,5150,605,605,605,605,2244,0,0,0,100,0,0,0,0,32353087488,8589930496,2990292992,0
199,1786321650463,1015.8168029785156,12333.333333333332,2,0.4125000000000001,912.3841094970703,12333.333333333332,2,0.4125000000000001,8686.018508911133,12333.333333333332,2,0.4125000000000001,6600.825393676758,12333.333333333332,0,0.4125000000000001,33038.076431274414,605,605,5150,605,605,605,605,2244,0,0,0,100,0,0,0,0,32353087488,8589930496,2990292992,0
199,1786321650663,1015.8207397460938,12333.333333333332,2,0.40625,912.3876342773438,12333.333333333332,2,0.40625,8686.02473449707,12333.333333333332,2,0.40625,6603.217239379883,12333.333333333332,0,0.40625,33041.47492980957,605,605,5150,605,605,605,605,2244,0,0,0,100,0,0,0,0,32353087488,8589930496,2990292992,0
199,1786321650863,1015.8252258300781,12266.666666666668,2,0.4125000000000001,912.4013366699219,12266.666666666668,2,0.4125000000000001,8686.031005859375,12266.666666666668,2,0.4125000000000001,6605.594375610352,12266.666666666668,0,0.4125000000000001,33044.87646484375,605,605,5150,605,605,605,605,2244,0,0,0,100,0,0,0,0,32353087488,8589930496,2990292992,0
199,1786321651063,1015.8294067382813,12200,2,0.41874999999999996,912.4049072265625,12200,2,0.41874999999999996,8686.03759765625,12200,2,0.41874999999999996,6607.988754272461,12266.666666666668,0,0.41874999999999996,33048.27633666992,605,605,5150,605,605,605,605,2244,0,0,0,100,0,0,0,0,32353087488,8589930496,2990292992,0
199,1786321651263,1015.8334197998047,12200,2,0.4125000000000001,912.4087677001953,12200,0,0.4125000000000001,8686.0439453125,12200,0,0.4125000000000001,6610.381286621094,12200,0,0.4125000000000001,33051.674575805664,605,605,5150,605,605,605,605,2244,4.761904716491699,0,0,100,0,0,0,0,32353087488,8589930496,2990292992,0
199,1786321651463,1015.8377532958984,12200,2,0.4125000000000001,912.4123687744141,12200,2,0.4125000000000001,8686.05044555664,12200,0,0.4125000000000001,6612.774200439453,12200,0,0.4125000000000001,33055.07328796387,605,605,5150,605,605,605,605,2244,0,0,0,100,0,0,0,0,32353087488,8589930496,2990292992,0
199,1786321651663,1015.8418579101563,12333.333333333332,2,0.40625,912.4156188964844,12333.333333333332,2,0.40625,8686.056930541992,12333.333333333332,2,0.40625,6615.167541503906,12333.333333333332,0,0.40625,33058.46922302246,605,605,5150,605,605,605,605,2244,0,0,0,100,0,0,0,0,32353087488,8589930496,2990292992,0
199,1786321651864,1015.8459320068359,12266.666666666668,2,0.4125000000000001,912.4188232421875,12266.666666666668,2,0.4125000000000001,8686.064544677734,12266.666666666668,2,0.4125000000000001,6617.5631103515625,12266.666666666668,0,0.4125000000000001,33061.87048339844,605,605,5150,605,605,605,605,2244,0,0,0,100,0,0,0,0,32353087488,8589930496,2990292992,0
199,1786321652064,1015.8500671386719,12266.666666666668,2,0.4125000000000001,912.4220428466797,12266.666666666668,2,0.4125000000000001,8686.071411132813,12266.666666666668,2,0.4125000000000001,6619.9566650390625,12266.666666666668,0,0.4125000000000001,33065.26884460449,605,605,5150,605,605,605,605,2244,0,0,0,100,0,0,0,0,32353087488,8589930496,2990292992,0
199,1786321652264,1015.8543701171875,12200,2,0.41874999999999996,912.4257659912109,12200,2,0.41874999999999996,8686.07992553711,12200,2,0.41874999999999996,6622.345687866211,12200,0,0.41874999999999996,33068.66926574707,605,605,5150,605,605,605,605,2244,0,0,0,100,0,0,0,0,32353087488,8589930496,2990292992,0
199,1786321652464,1015.8583831787109,12266.666666666668,2,0.40625,912.4293060302734,12266.666666666668,2,0.40625,8686.087203979492,12266.666666666668,2,0.40625,6624.736892700195,12266.666666666668,0,0.40625,33072.06498718262,605,605,5150,605,605,605,605,2244,0,0,0,100,0,0,0,0,32353087488,8589930496,2990292992,0
199,1786321652664,1015.8624420166016,12266.666666666668,0,0.40625,912.4325561523438,12266.666666666668,2,0.40625,8686.093841552734,12266.666666666668,2,0.40625,6627.1373291015625,12266.666666666668,0,0.40625,33075.46488952637,605,605,5150,605,605,605,605,2244,0,0,0,100,0,0,0,0,32353087488,8589930496,2990292992,0
199,1786321652864,1015.866943359375,12266.666666666668,2,0.4125000000000001,912.435791015625,12266.666666666668,2,0.4125000000000001,8686.100616455078,12266.666666666668,2,0.4125000000000001,6629.539993286133,12266.666666666668,0,0.4125000000000001,33078.88084411621,605,605,5150,605,605,605,605,2244,0,0,0,100,0,0,0,0,32353087488,8589930496,2990292992,0
199,1786321653064,1015.8711395263672,12200,2,0.4125000000000001,912.4390106201172,12200,2,0.4125000000000001,8686.107391357422,12200,2,0.4125000000000001,6631.934356689453,12200,0,0.4125000000000001,33082.28073120117,605,605,5150,605,605,605,605,2244,0,0,0,100,0,0,0,0,32353087488,8589930496,2990292992,0
199,1786321653264,1015.8755340576172,12200,2,0.4125000000000001,912.4460296630859,12200,2,0.4125000000000001,8686.114273071289,12200,2,0.4125000000000001,6634.3236083984375,12200,0,0.4125000000000001,33085.67958068848,605,605,5150,605,605,605,605,2244,0,0,0,100,0,0,0,0,32353087488,8589930496,2990292992,0
199,1786321653464,1015.8795623779297,12400,2,0.40625,912.4495086669922,12400,2,0.40625,8686.121780395508,12400,2,0.40625,6636.7125244140625,12400,0,0.40625,33089.074295043945,605,605,5150,605,605,605,605,2244,0,0,0,100,0,0,0,0,32353087488,8589930496,2990292992,0
199,1786321653664,1015.8835906982422,12266.666666666668,2,0.40625,912.45263671875,12266.666666666668,2,0.40625,8686.128326416016,12266.666666666668,2,0.40625,6639.112045288086,12200,0,0.40625,33092.4765625,605,605,5150,605,605,605,605,2244,0,0,0,100,0,0,0,0,32353087488,8589930496,2990292992,0
199,1786321653864,1015.8877105712891,12400,0,0.4125000000000001,912.4558258056641,12400,2,0.4125000000000001,8686.136428833008,12400,0,0.4125000000000001,6641.507553100586,12400,0,0.4125000000000001,33095.871520996094,605,605,5150,605,605,605,605,2244,0,0,0,100,0,0,0,0,32353087488,8589930496,2990292992,0
199,1786321654064,1015.8918304443359,12333.333333333332,2,0.40625,912.4589385986328,12333.333333333332,2,0.40625,8686.142990112305,12333.333333333332,0,0.40625,6643.904006958008,12333.333333333332,0,0.40625,33099.27293395996,605,605,5150,605,605,605,605,2244,0,0,0,100,0,0,0,0,32353087488,8589930496,2990292992,0
199,1786321654265,1015.89599609375,12333.333333333332,2,0.40625,912.4625549316406,12333.333333333332,2,0.40625,8686.14973449707,12333.333333333332,2,0.40625,6646.2974853515625,12333.333333333332,0,0.40625,33102.67239379883,605,605,5150,605,605,605,605,2244,0,0,4.761904716491699,100,0,0,0,0,32353087488,8589930496,2990292992,0
199,1786321654465,1015.9000396728516,12200,2,0.4125000000000001,912.4659271240234,12200,2,0.4125000000000001,8686.156600952148,12200,2,0.4125000000000001,6648.695404052734,12200,0,0.4125000000000001,33106.07328796387,605,605,5150,605,605,605,605,2244,0,0,0,100,0,0,0,0,32353087488,8589930496,2990292992,0
199,1786321654665,1015.9041595458984,12266.666666666668,2,0.40625,912.4691467285156,12266.666666666668,2,0.40625,8686.163818359375,12266.666666666668,2,0.40625,6651.093521118164,12266.666666666668,0,0.40625,33109.469635009766,605,605,5150,605,605,605,605,2244,0,0,0,100,0,0,0,0,32353087488,8589930496,2990292992,0
199,1786321654865,1015.9081878662109,12333.333333333332,2,0.40625,912.4723663330078,12333.333333333332,2,0.40625,8686.171142578125,12333.333333333332,2,0.40625,6653.490295410156,12333.333333333332,0,0.40625,33112.868560791016,605,605,5150,605,605,605,605,2244,0,0,0,100,0,0,0,0,32353087488,8589930496,2990292992,0
199,1786321655065,1015.9122772216797,12266.666666666668,2,0.4125000000000001,912.4755706787109,12266.666666666668,2,0.4125000000000001,8686.177932739258,12266.666666666668,2,0.4125000000000001,6655.887359619141,12266.666666666668,0,0.4125000000000001,33116.270080566406,605,605,5150,605,605,605,605,2244,0,0,4.761904716491699,100,0,0,0,0,32353087488,8589930496,2990292992,0
199,1786321655265,1015.9167327880859,11600,2,0.4312499999999999,912.4789733886719,11600,2,0.4312499999999999,8686.233703613281,11600,2,0.4312499999999999,6658.265762329102,11600,0,0.4312499999999999,33119.70219421387,605,605,5150,605,605,605,605,2244,0,0,5,100,0,0,0,0,32353087488,8589930496,2990292992,0
199,1786321655465,1015.9212646484375,12333.333333333332,2,0.4125000000000001,912.4824066162109,12333.333333333332,2,0.4125000000000001,8686.240615844727,12333.333333333332,2,0.4125000000000001,6660.639709472656,12333.333333333332,0,0.4125000000000001,33123.081634521484,605,605,5150,605,605,605,605,2244,0,0,0,100,0,0,0,0,32353087488,8589930496,2990292992,0
199,1786321655665,1015.9253692626953,12200,2,0.4125000000000001,912.4857025146484,12200,2,0.4125000000000001,8686.248168945313,12200,2,0.4125000000000001,6663.033920288086,12200,0,0.4125000000000001,33126.48304748535,605,605,5150,605,605,605,605,2244,0,0,0,100,0,0,0,0,32353087488,8589930496,2990272512,0
199,1786321655865,1015.9293975830078,12200,2,0.4125000000000001,912.4888916015625,12200,2,0.4125000000000001,8686.255630493164,12200,2,0.4125000000000001,6665.423492431641,12200,0,0.4125000000000001,33129.88186645508,605,605,5150,605,605,605,605,2244,0,0,0,100,0,0,0,0,32353087488,8589930496,2990272512,0
199,1786321656065,1015.9335784912109,12200,2,0.4125000000000001,912.4921875,12266.666666666668,0,0.4125000000000001,8686.265045166016,12266.666666666668,0,0.4125000000000001,6667.815811157227,12266.666666666668,0,0.4125000000000001,33133.281311035156,605,605,5150,605,605,605,605,2244,0,0,0,100,0,0,0,0,32353087488,8589930496,2990272512,0
199,1786321656265,1015.9377136230469,12266.666666666668,2,0.4125000000000001,912.4957275390625,12266.666666666668,0,0.4125000000000001,8686.273529052734,12266.666666666668,0,0.4125000000000001,6670.206741333008,12266.666666666668,0,0.4125000000000001,33136.680404663086,605,605,5150,605,605,605,605,2244,0,0,0,100,0,0,0,0,32353087488,8589930496,2990272512,0
199,1786321656465,1015.9420776367188,12266.666666666668,2,0.4125000000000001,912.4990386962891,12266.666666666668,0,0.4125000000000001,8686.281509399414,12266.666666666668,0,0.4125000000000001,6672.606384277344,12266.666666666668,0,0.4125000000000001,33140.07948303223,605,605,5150,605,605,605,605,2244,0,0,0,100,0,0,0,0,32353087488,8589930496,2990272512,0
199,1786321656666,1015.9461059570313,12266.666666666668,2,0.4125000000000001,912.5022125244141,12266.666666666668,2,0.4125000000000001,8686.288040161133,12266.666666666668,2,0.4125000000000001,6674.999542236328,12266.666666666668,0,0.4125000000000001,33143.47911071777,605,605,5150,605,605,605,605,2244,0,0,0,100,0,0,0,0,32353087488,8589930496,2990272512,0
199,1786321656866,1015.9503326416016,12266.666666666668,2,0.40625,912.5054626464844,12266.666666666668,2,0.40625,8686.294982910156,12266.666666666668,2,0.40625,6677.389511108398,12266.666666666668,0,0.40625,33146.87677001953,605,605,5150,605,605,605,605,2244,0,0,0,100,0,0,0,0,32353087488,8589930496,2990272512,0
199,1786321657066,1015.9544982910156,12266.666666666668,2,0.40625,912.5087432861328,12266.666666666668,2,0.40625,8686.301620483398,12266.666666666668,2,0.40625,6679.78483581543,12266.666666666668,0,0.40625,33150.27626037598,605,605,5150,605,605,605,605,2244,0,0,0,100,0,0,0,0,32353087488,8589930496,2990272512,0
199,1786321657266,1015.9591369628906,12133.333333333332,2,0.4125000000000001,912.5135498046875,12133.333333333332,2,0.4125000000000001,8686.310195922852,12133.333333333332,2,0.4125000000000001,6682.175064086914,12133.333333333332,0,0.4125000000000001,33153.67820739746,605,605,5150,605,605,605,605,2244,0,0,0,100,0,0,0,0,32353087488,8589930496,2990272512,0
199,1786321657466,1015.9633941650391,12266.666666666668,2,0.4125000000000001,912.5168304443359,12266.666666666668,2,0.4125000000000001,8686.31852722168,12266.666666666668,2,0.4125000000000001,6684.563369750977,12266.666666666668,0,0.4125000000000001,33157.07383728027,605,605,5150,605,605,605,605,2244,0,0,0,100,0,0,0,0,32353087488,8589930496,2990272512,0
199,1786321657666,1015.9674987792969,12266.666666666668,2,0.40625,912.5200500488281,12266.666666666668,2,0.40625,8686.326568603516,12266.666666666668,2,0.40625,6686.952819824219,12266.666666666668,0,0.40625,33160.472091674805,605,605,5150,605,605,605,605,2244,0,0,0,100,0,0,0,0,32353087488,8589930496,2990272512,0
199,1786321657866,1015.9715118408203,12266.666666666668,2,0.4125000000000001,912.5234527587891,12266.666666666668,2,0.4125000000000001,8686.333129882813,12266.666666666668,2,0.4125000000000001,6689.357238769531,12266.666666666668,0,0.4125000000000001,33163.88789367676,605,605,5150,605,605,605,605,2244,0,0,0,100,0,0,0,0,32353087488,8589930496,2990272512,0
199,1786321658066,1015.9754791259766,12266.666666666668,2,0.4125000000000001,912.5267333984375,12266.666666666668,2,0.4125000000000001,8686.342041015625,12266.666666666668,2,0.4125000000000001,6691.748184204102,12266.666666666668,0,0.4125000000000001,33167.28796386719,605,605,5150,605,605,605,605,2244,0,0,0,100,0,0,0,0,32353087488,8589930496,2990272512,0
199,1786321658266,1015.9795532226563,12333.333333333332,2,0.40625,912.530029296875,12333.333333333332,2,0.40625,8686.349975585938,12333.333333333332,2,0.40625,6694.142852783203,12333.333333333332,0,0.40625,33170.685470581055,605,605,5150,605,605,605,605,2244,0,0,0,100,0,0,0,0,32353087488,8589930496,2990272512,0
199,1786321658466,1015.9835205078125,12400,2,0.40625,912.5338897705078,12400,2,0.40625,8686.357696533203,12400,2,0.40625,6696.539001464844,12400,0,0.40625,33174.08232116699,605,605,5150,605,605,605,605,2244,0,0,0,100,0,0,0,0,32353087488,8589930496,2990272512,0
199,1786321658666,1015.9875946044922,12400,2,0.40625,912.5372161865234,12400,2,0.40625,8686.364196777344,12400,2,0.40625,6698.942001342773,12400,0,0.4125000000000001,33177.482177734375,605,605,5150,605,605,605,605,2244,0,0,0,100,0,0,0,0,32353087488,8589930496,2990272512,0
199,1786321658867,1015.9916839599609,12266.666666666668,2,0.4125000000000001,912.5403594970703,12266.666666666668,0,0.4125000000000001,8686.372283935547,12266.666666666668,0,0.4125000000000001,6701.340347290039,12266.666666666668,0,0.4125000000000001,33180.88488769531,605,605,5150,605,605,605,605,2244,0,0,4.761904716491699,100,0,0,0,0,32353087488,8589930496,2990272512,0
199,1786321659067,1015.9957122802734,12200,2,0.4125000000000001,912.5436401367188,12200,2,0.4125000000000001,8686.378784179688,12200,0,0.4125000000000001,6703.73551940918,12200,0,0.4125000000000001,33184.28402709961,605,605,5150,605,605,605,605,2244,0,0,0,100,0,0,0,0,32353087488,8589930496,2990272512,0
199,1786321659267,1015.9998168945313,12333.333333333332,2,0.4125000000000001,912.5467987060547,12333.333333333332,2,0.4125000000000001,8686.386932373047,12333.333333333332,2,0.4125000000000001,6706.128555297852,12333.333333333332,0,0.4125000000000001,33187.680572509766,605,605,5150,605,605,605,605,2244,0,0,0,100,0,0,0,0,32353087488,8589930496,2990272512,0
199,1786321659467,1016.0041351318359,12266.666666666668,2,0.41874999999999996,912.5504760742188,12266.666666666668,2,0.41874999999999996,8686.393997192383,12266.666666666668,2,0.41874999999999996,6708.521087646484,12266.666666666668,0,0.41874999999999996,33191.08233642578,605,605,5150,605,605,605,605,2244,0,0,0,100,0,0,0,0,32353087488,8589930496,2990272512,0
199,1786321659667,1016.0081329345703,12266.666666666668,2,0.4125000000000001,912.5537261962891,12266.666666666668,2,0.4125000000000001,8686.400680541992,12266.666666666668,2,0.4125000000000001,6710.91618347168,12266.666666666668,0,0.4125000000000001,33194.48066711426,605,605,5150,605,605,605,605,2244,0,0,0,100,0,0,0,0,32353087488,8589930496,2990272512,0
199,1786321659867,1016.0121612548828,12200,2,0.41874999999999996,912.556884765625,12200,2,0.41874999999999996,8686.407302856445,12200,2,0.41874999999999996,6713.313400268555,12200,0,0.41874999999999996,33197.88066101074,605,605,5150,605,605,605,605,2244,0,0,0,100,0,0,0,0,32353087488,8589930496,2990272512,0
199,1786321660067,1016.0161437988281,12200,2,0.4125000000000001,912.56005859375,12200,2,0.4125000000000001,8686.414001464844,12200,2,0.4125000000000001,6715.703948974609,12200,0,0.4125000000000001,33201.2791595459,605,605,5150,605,605,605,605,2244,0,0,0,100,0,0,0,0,32353087488,8589930496,2990272512,0
199,1786321660267,1016.0204620361328,12200,2,0.4125000000000001,912.5633850097656,12200,2,0.4125000000000001,8686.422576904297,12200,2,0.4125000000000001,6718.106750488281,12200,0,0.4125000000000001,33204.69482421875,605,605,5150,605,605,605,605,2244,4.761904716491699,0,0,100,0,0,0,0,32353087488,8589930496,2990272512,0
199,1786321660467,1016.0246276855469,12466.666666666668,2,0.4125000000000001,912.5679931640625,12466.666666666668,2,0.4125000000000001,8687.415664672852,12466.666666666668,0,0.4125000000000001,6719.496612548828,12466.666666666668,2,0.4125000000000001,33208.08740234375,605,605,5150,605,605,605,605,2244,0,0,42.105262756347656,57.142860412597656,0,0,0,0,32353087488,8589930496,2990272512,0
199,1786321660667,1016.0287475585938,12266.666666666668,2,0.4125000000000001,912.57421875,12266.666666666668,2,0.4125000000000001,8689.805450439453,12266.666666666668,0,0.4125000000000001,6719.505401611328,12266.666666666668,2,0.4125000000000001,33211.49269104004,605,605,5150,605,605,605,605,2244,5,0,100,0,0,0,0,0,32353087488,8589930496,2990272512,0
199,1786321660867,1016.2175903320313,13066.666666666666,2,0.38749999999999996,912.7714233398438,13066.666666666666,2,0.38749999999999996,8691.572631835938,13066.666666666666,0,0.38749999999999996,6719.689346313477,13066.666666666666,2,0.38749999999999996,33214.881591796875,605,605,5150,605,605,605,605,2244,4.761904716491699,5,80,5.263157844543457,5.263157844543457,0,10,5,32353087488,8589930496,2986782720,0
199,1786321661067,1016.2383880615234,12400,2,0.40625,912.7808227539063,12400,2,0.40625,8693.822250366211,12400,0,0.4125000000000001,6719.703475952148,12400,0,0.4125000000000001,33218.29861450195,605,605,5150,605,605,605,605,2244,0,0,100,0,4.545454502105713,0,0,0,32353087488,8589930496,2986782720,0
199,1786321661268,1016.2467498779297,12266.666666666668,2,0.4125000000000001,912.7943267822266,12266.666666666668,0,0.4125000000000001,8696.067474365234,12266.666666666668,0,0.4125000000000001,6719.71076965332,12266.666666666668,0,0.4125000000000001,33221.701263427734,605,605,5150,605,605,605,605,2244,0,0,100,4.761904716491699,0,4.761904716491699,0,0,32353087488,8589930496,2986938368,0
199,1786321661468,1016.2513580322266,12333.333333333332,2,0.4125000000000001,912.8016662597656,12333.333333333332,0,0.4125000000000001,8698.304565429688,12333.333333333332,0,0.4125000000000001,6719.72216796875,12333.333333333332,0,0.4125000000000001,33225.09588623047,605,605,5150,605,605,605,605,2244,0,0,100,5,0,0,0,0,32353087488,8589930496,2986938368,0
199,1786321661668,1016.2547912597656,12466.666666666668,2,0.4125000000000001,912.8084564208984,12466.666666666668,2,0.4125000000000001,8700.560775756836,12466.666666666668,0,0.4125000000000001,6719.728668212891,12466.666666666668,0,0.4125000000000001,33228.49024963379,605,605,5150,605,605,605,605,2244,0,0,100,0,0,0,0,0,32353087488,8589930496,2986938368,0
199,1786321661868,1016.2583770751953,12533.333333333332,2,0.40625,912.8152618408203,12533.333333333332,2,0.40625,8702.814590454102,12533.333333333332,0,0.40625,6719.735076904297,12533.333333333332,2,0.40625,33231.88496398926,605,605,5150,605,605,605,605,2244,0,0,100,0,0,0,0,0,32353087488,8589930496,2986938368,0
199,1786321662068,1016.2620544433594,12533.333333333332,2,0.40625,912.8220672607422,12533.333333333332,2,0.40625,8705.07731628418,12533.333333333332,0,0.40625,6719.741546630859,12533.333333333332,2,0.40625,33235.28565979004,605,605,5150,605,605,605,605,2244,0,0,100,0,0,0,0,0,32353087488,8589930496,2986938368,0
199,1786321662268,1016.2658081054688,12400,2,0.40625,912.8291015625,12400,2,0.40625,8707.338775634766,12400,0,0.40625,6719.748062133789,12400,2,0.40625,33238.688385009766,605,605,5150,605,605,605,605,2244,0,0,100,0,0,0,0,0,32353087488,8589930496,2986938368,0
199,1786321662468,1016.2700500488281,12333.333333333332,2,0.40625,912.8367156982422,12333.333333333332,2,0.40625,8709.590393066406,12333.333333333332,0,0.40625,6719.7548828125,12333.333333333332,2,0.40625,33242.08851623535,605,605,5150,605,605,605,605,2244,0,0,100,0,0,0,0,0,32353087488,8589930496,2986938368,0
199,1786321662668,1016.2734069824219,12466.666666666668,2,0.40625,912.8435668945313,12466.666666666668,2,0.40625,8711.843063354492,12466.666666666668,0,0.40625,6719.761413574219,12466.666666666668,2,0.40625,33245.48280334473,605,605,5150,605,605,605,605,2244,0,0,100,0,0,0,0,0,32353087488,8589930496,2986938368,0
199,1786321662868,1016.2768707275391,12400,2,0.40625,912.8504028320313,12400,2,0.40625,8714.09848022461,12400,0,0.40625,6719.7691650390625,12400,2,0.40625,33248.88310241699,605,605,5150,605,605,605,605,2244,0,0,100,0,0,0,0,0,32353087488,8589930496,2986938368,0
199,1786321663068,1016.2802581787109,12466.666666666668,2,0.40625,912.8572235107422,12466.666666666668,2,0.40625,8716.358963012695,12466.666666666668,0,0.40625,6719.776290893555,12466.666666666668,2,0.40625,33252.29621887207,605,605,5150,605,605,605,605,2244,0,0,100,0,0,0,0,0,32353087488,8589930496,2986938368,0
199,1786321663268,1016.2838745117188,12333.333333333332,2,0.40625,912.8645324707031,12333.333333333332,2,0.40625,8718.614273071289,12333.333333333332,0,0.40625,6719.785339355469,12333.333333333332,2,0.40625,33255.69868469238,605,605,5150,605,605,605,605,2244,0,0,100,0,0,0,0,0,32353087488,8589930496,2986938368,0
199,1786321663469,1016.2894439697266,12333.333333333332,2,0.40625,912.8720092773438,12333.333333333332,2,0.40625,8720.861373901367,12333.333333333332,0,0.40625,6719.7923583984375,12333.333333333332,2,0.40625,33259.096115112305,605,605,5150,605,605,605,605,2244,0,0,100,0,0,0,0,0,32353087488,8589930496,2986938368,0
199,1786321663669,1016.2933044433594,12400,2,0.40625,912.8788757324219,12400,2,0.40625,8723.120559692383,12400,0,0.40625,6719.799163818359,12400,0,0.40625,33262.49578857422,605,605,5150,605,605,605,605,2244,0,0,100,0,0,0,0,0,32353087488,8589930496,2986938368,0
199,1786321663869,1016.296875,12400,2,0.40625,912.8859100341797,12400,0,0.40625,8725.372360229492,12400,0,0.40625,6719.806854248047,12400,0,0.40625,33265.89192199707,605,605,5150,605,605,605,605,2244,0,0,100,0,0,0,0,5,32353087488,8589930496,2986938368,0
199,1786321664069,1016.3002777099609,12400,2,0.4125000000000001,912.8927154541016,12400,0,0.4125000000000001,8727.63037109375,12400,0,0.4125000000000001,6719.813339233398,12400,0,0.4125000000000001,33269.29170227051,605,605,5150,605,605,605,605,2244,0,0,100,0,0,0,0,0,32353087488,8589930496,2986938368,0
199,1786321664269,1016.3037109375,12333.333333333332,2,0.40625,912.8995513916016,12333.333333333332,2,0.40625,8729.888885498047,12333.333333333332,0,0.40625,6719.819808959961,12333.333333333332,0,0.40625,33272.693298339844,605,605,5150,605,605,605,605,2244,0,0,100,0,0,0,0,0,32353087488,8589930496,2986938368,0
199,1786321664469,1016.3075256347656,12266.666666666668,2,0.4125000000000001,912.9065399169922,12266.666666666668,2,0.4125000000000001,8732.142395019531,12266.666666666668,0,0.4125000000000001,6719.829452514648,12266.666666666668,2,0.4125000000000001,33276.09265136719,605,605,5150,605,605,605,605,2244,0,0,100,0,0,0,0,0,32353087488,8589930496,2986938368,0
199,1786321664669,1016.3113403320313,12400,2,0.40625,912.9134063720703,12400,2,0.40625,8734.40151977539,12400,0,0.40625,6719.837463378906,12400,2,0.40625,33279.48974609375,605,605,5150,605,605,605,605,2244,0,0,100,0,0,0,0,0,32353087488,8589930496,2986938368,0
199,1786321664869,1016.3147583007813,12600,2,0.40625,912.9201965332031,12600,2,0.40625,8736.653839111328,12600,0,0.40625,6719.84407043457,12600,2,0.40625,33282.88229370117,605,605,5150,605,605,605,605,2244,0,0,100,0,0,0,0,0,32353087488,8589930496,2986938368,0
199,1786321665069,1016.3184509277344,12533.333333333332,2,0.40625,912.9270172119141,12533.333333333332,2,0.40625,8738.910949707031,12533.333333333332,0,0.40625,6719.851486206055,12533.333333333332,2,0.40625,33286.285568237305,605,605,5150,605,605,605,605,2244,0,0,100,0,0,0,0,0,32353087488,8589930496,2986938368,0
199,1786321665269,1016.3252868652344,12200,2,0.4125000000000001,912.9402160644531,12200,2,0.4125000000000001,8741.164169311523,12200,0,0.4125000000000001,6719.858505249023,12200,2,0.4125000000000001,33289.693099975586,605,605,5150,605,605,605,605,2244,0,4.761904716491699,100,0,0,0,0,0,32353087488,8589930496,2986938368,0
199,1786321665469,1016.3340148925781,12466.666666666668,2,0.3999999999999999,912.9881134033203,12466.666666666668,2,0.3999999999999999,8741.461502075195,12466.666666666668,2,0.3999999999999999,6721.782272338867,12466.666666666668,0,0.3999999999999999,33293.09915161133,605,605,5150,605,605,605,605,2244,0,0,14.285715103149414,85,4.761904716491699,0,4.761904716491699,0,32353087488,8589930496,2986938368,0
199,1786321665669,1016.3374481201172,12333.333333333332,2,0.40625,912.9921722412109,12333.333333333332,2,0.40625,8741.470245361328,12333.333333333332,2,0.40625,6724.052307128906,12333.333333333332,0,0.40625,33296.500900268555,605,605,5150,605,605,605,605,2244,0,0,0,100,0,0,0,0,32353087488,8589930496,2986938368,0
199,1786321665869,1016.3409729003906,12400,2,0.40625,912.9963531494141,12400,2,0.40625,8741.476989746094,12400,2,0.40625,6726.322250366211,12400,0,0.40625,33299.89872741699,605,605,5150,605,605,605,605,2244,0,0,0,100,0,0,0,0,32353087488,8589930496,2986938368,0
199,1786321666070,1016.3445587158203,12466.666666666668,2,0.40625,913.0008850097656,12466.666666666668,2,0.40625,8741.483688354492,12466.666666666668,2,0.40625,6728.594543457031,12466.666666666668,0,0.40625,33303.29675292969,605,605,5150,605,605,605,605,2244,0,0,0,100,0,4.761904716491699,0,0,32353087488,8589930496,2986938368,0
199,1786321666270,1016.3480377197266,12333.333333333332,2,0.4125000000000001,913.0056762695313,12333.333333333332,2,0.4125000000000001,8741.49154663086,12333.333333333332,2,0.4125000000000001,6730.866256713867,12333.333333333332,0,0.4125000000000001,33306.69937133789,605,605,5150,605,605,605,605,2244,0,0,0,100,0,0,0,0,32353087488,8589930496,2986938368,0
199,1786321666470,1016.3517608642578,12333.333333333332,2,0.40625,913.0104064941406,12333.333333333332,0,0.40625,8741.498184204102,12333.333333333332,0,0.40625,6733.136535644531,12333.333333333332,0,0.40625,33310.09745788574,605,605,5150,605,605,605,605,2244,0,0,0,100,0,0,0,0,32353087488,8589930496,2986938368,0
199,1786321666670,1016.3550872802734,12266.666666666668,2,0.40625,913.0146026611328,12266.666666666668,0,0.40625,8741.504623413086,12266.666666666668,0,0.40625,6735.4022216796875,12266.666666666668,0,0.40625,33313.49867248535,605,605,5150,605,605,605,605,2244,0,0,0,100,0,0,0,0,32353087488,8589930496,2986938368,0
199,1786321666870,1016.3584442138672,12400,2,0.40625,913.0188140869141,12400,2,0.40625,8741.511047363281,12400,0,0.40625,6737.672210693359,12400,0,0.40625,33316.894104003906,605,605,5150,605,605,605,605,2244,0,0,0,100,0,0,0,0,32353087488,8589930496,2986938368,0
199,1786321667070,1016.3618774414063,12333.333333333332,2,0.4125000000000001,913.02294921875,12333.333333333332,2,0.4125000000000001,8741.5205078125,12333.333333333332,2,0.4125000000000001,6739.948013305664,12333.333333333332,0,0.4125000000000001,33320.2939453125,605,605,5150,605,605,605,605,2244,0,0,0,100,0,4.761904716491699,0,0,32353087488,8589930496,2986938368,0
199,1786321667270,1016.3656616210938,11866.666666666668,2,0.42500000000000004,913.0274810791016,11866.666666666668,2,0.42500000000000004,8741.57046508789,11866.666666666668,2,0.42500000000000004,6742.190689086914,11866.666666666668,0,0.42500000000000004,33323.70603942871,605,605,5150,605,605,605,605,2244,0,0,5,100,0,0,0,0,32353087488,8589930496,2986934272,0
199,1786321667470,1016.3694000244141,12333.333333333332,2,0.40625,913.0316619873047,12333.333333333332,2,0.40625,8741.57829284668,12333.333333333332,2,0.40625,6744.447692871094,12333.333333333332,0,0.40625,33327.090728759766,605,605,5150,605,605,605,605,2244,0,0,0,100,0,0,0,0,32353087488,8589930496,2986934272,0
199,1786321667670,1016.3729248046875,12333.333333333332,2,0.40625,913.0361022949219,12333.333333333332,2,0.40625,8741.585220336914,12333.333333333332,2,0.40625,6746.7138671875,12333.333333333332,0,0.40625,33330.4895324707,605,605,5150,605,605,605,605,2244,0,0,0,100,0,0,0,0,32353087488,8589930496,2986934272,0
199,1786321667870,1016.3764190673828,12266.666666666668,2,0.4125000000000001,913.0402526855469,12266.666666666668,2,0.4125000000000001,8741.592895507813,12266.666666666668,2,0.4125000000000001,6748.979202270508,12266.666666666668,0,0.4125000000000001,33333.89093017578,605,605,5150,605,605,605,605,2244,0,0,0,100,0,0,0,0,32353087488,8589930496,2986934272,0
199,1786321668070,1016.3798675537109,12333.333333333332,2,0.40625,913.0443420410156,12333.333333333332,2,0.40625,8741.599700927734,12333.333333333332,2,0.40625,6751.244400024414,12333.333333333332,0,0.40625,33337.30548095703,605,605,5150,605,605,605,605,2244,0,0,4.761904716491699,100,0,0,0,0,32353087488,8589930496,2986934272,0
199,1786321668271,1016.3833770751953,12400,2,0.4125000000000001,913.0485534667969,12400,2,0.4125000000000001,8741.60678100586,12400,2,0.4125000000000001,6753.523696899414,12400,0,0.4125000000000001,33340.70230102539,605,605,5150,605,605,605,605,2244,0,0,0,100,0,0,0,0,32353087488,8589930496,2986934272,0
199,1786321668471,1016.386962890625,12333.333333333332,2,0.40625,913.052734375,12333.333333333332,2,0.40625,8741.615936279297,12333.333333333332,2,0.40625,6755.787002563477,12333.333333333332,0,0.40625,33344.103744506836,605,605,5150,605,605,605,605,2244,0,0,0,100,0,0,0,0,32353087488,8589930496,2986934272,0
199,1786321668671,1016.3904113769531,12333.333333333332,2,0.40625,913.0570526123047,12333.333333333332,2,0.40625,8741.62255859375,12333.333333333332,2,0.40625,6758.052963256836,12333.333333333332,0,0.40625,33347.50280761719,605,605,5150,605,605,605,605,2244,0,0,0,100,0,0,0,0,32353087488,8589930496,2986934272,0
199,1786321668871,1016.393798828125,12333.333333333332,2,0.40625,913.0611572265625,12333.333333333332,2,0.40625,8741.629196166992,12333.333333333332,2,0.40625,6760.321487426758,12333.333333333332,0,0.40625,33350.90213012695,605,605,5150,605,605,605,605,2244,0,0,0,100,0,0,0,0,32353087488,8589930496,2986934272,0
199,1786321669071,1016.3971710205078,12400,2,0.40625,913.0653839111328,12400,2,0.4125000000000001,8741.638488769531,12333.333333333332,0,0.4125000000000001,6762.5875244140625,12333.333333333332,0,0.4125000000000001,33354.29898071289,605,605,5150,605,605,605,605,2244,0,0,0,100,0,0,0,0,32353087488,8589930496,2986934272,0
199,1786321669271,1016.4010009765625,12266.666666666668,2,0.40625,913.0731353759766,12266.666666666668,2,0.40625,8741.65151977539,12266.666666666668,0,0.40625,6764.8436279296875,12266.666666666668,0,0.40625,33357.700912475586,605,605,5150,605,605,605,605,2244,0,0,0,100,0,0,0,0,32353087488,8589930496,2986934272,0
199,1786321669471,1016.4049377441406,12400,2,0.40625,913.0783081054688,12400,2,0.40625,8741.660781860352,12400,2,0.40625,6767.100372314453,12400,0,0.40625,33361.09605407715,605,605,5150,605,605,605,605,2244,0,5,0,100,0,0,0,0,32353087488,8589930496,2986934272,0
199,1786321669671,1016.4085235595703,12400,2,0.4125000000000001,913.0825653076172,12400,2,0.4125000000000001,8741.667739868164,12400,2,0.4125000000000001,6769.367095947266,12400,0,0.4125000000000001,33364.494216918945,605,605,5150,605,605,605,605,2244,0,0,0,100,0,0,0,0,32353087488,8589930496,2986934272,0
199,1786321669871,1016.4120330810547,12400,2,0.40625,913.0869445800781,12400,2,0.40625,8741.676086425781,12400,2,0.40625,6771.638397216797,12400,0,0.40625,33367.89442443848,605,605,5150,605,605,605,605,2244,0,0,0,100,0,0,0,0,32353087488,8589930496,2986934272,0
199,1786321670071,1016.4153900146484,12333.333333333332,2,0.40625,913.0913543701172,12333.333333333332,2,0.40625,8741.684448242188,12333.333333333332,2,0.40625,6773.906021118164,12333.333333333332,0,0.40625,33371.295654296875,605,605,5150,605,605,605,605,2244,0,0,0,100,0,0,0,0,32353087488,8589930496,2986934272,0
199,1786321670271,1016.4189758300781,12400,2,0.40625,913.0954895019531,12400,2,0.40625,8741.691101074219,12400,2,0.40625,6776.175552368164,12400,0,0.40625,33374.69227600098,605,605,5150,605,605,605,605,2244,0,0,0,100,0,0,0,0,32353087488,8589930496,2986934272,0
199,1786321670471,1016.4228668212891,12400,2,0.40625,913.1001129150391,12400,2,0.40625,8741.697952270508,12400,2,0.40625,6778.442459106445,12400,0,0.40625,33378.09176635742,605,605,5150,605,605,605,605,2244,0,0,0,100,0,0,0,0,32353087488,8589930496,2986934272,0
199,1786321670672,1016.4263000488281,12400,2,0.4125000000000001,913.1047515869141,12400,2,0.4125000000000001,8741.706344604492,12400,2,0.4125000000000001,6780.7239990234375,12400,0,0.4125000000000001,33381.50764465332,605,605,5150,605,605,605,605,2244,0,0,0,100,0,0,0,0,32353087488,8589930496,2986934272,0
199,1786321670872,1016.4297485351563,12266.666666666668,2,0.40625,913.1090393066406,12266.666666666668,2,0.40625,8741.714141845703,12266.666666666668,2,0.40625,6782.98942565918,12266.666666666668,0,0.40625,33384.90914916992,605,605,5150,605,605,605,605,2244,0,0,0,100,0,0,0,0,32353087488,8589930496,2986934272,0
199,1786321671072,1016.4333038330078,12333.333333333332,2,0.40625,913.1131591796875,12333.333333333332,2,0.40625,8741.720565795898,12333.333333333332,2,0.40625,6785.256408691406,12333.333333333332,0,0.40625,33388.30578613281,605,605,5150,605,605,605,605,2244,0,0,4.761904716491699,100,0,0,0,0,32353087488,8589930496,2986934272,0
199,1786321671272,1016.4373626708984,12466.666666666668,2,0.40625,913.1173400878906,12466.666666666668,2,0.40625,8741.727172851563,12466.666666666668,2,0.40625,6787.525634765625,12466.666666666668,0,0.40625,33391.70262145996,605,605,5150,605,605,605,605,2244,0,0,0,100,0,0,0,0,32353087488,8589930496,2986934272,0
199,1786321671472,1016.4410552978516,12333.333333333332,2,0.4125000000000001,913.1217803955078,12333.333333333332,2,0.4125000000000001,8741.735366821289,12333.333333333332,2,0.4125000000000001,6789.800323486328,12333.333333333332,0,0.4125000000000001,33395.104736328125,605,605,5150,605,605,605,605,2244,0,0,0,5,0,0,0,95,32353087488,8589930496,2986934272,0
199,1786321671672,1016.4446411132813,12266.666666666668,2,0.40625,913.1261291503906,12200,0,0.4125000000000001,8741.741943359375,12200,0,0.4125000000000001,6792.072052001953,12200,0,0.4125000000000001,33398.50587463379,605,605,5150,605,605,605,605,2244,0,0,0,0,0,0,0,100,32353087488,8589930496,2986934272,0
199,1786321671872,1016.4480285644531,12266.666666666668,2,0.40625,913.1302947998047,12266.666666666668,0,0.40625,8741.74853515625,12266.666666666668,0,0.40625,6794.34245300293,12266.666666666668,0,0.40625,33401.90394592285,605,605,5150,605,605,605,605,2244,0,0,0,0,0,0,0,100,32353087488,8589930496,2986934272,0
199,1786321672072,1016.4513702392578,12400,2,0.40625,913.1345977783203,12400,2,0.40625,8741.757415771484,12400,2,0.40625,6796.611404418945,12400,0,0.40625,33405.299224853516,605,605,5150,605,605,605,605,2244,0,0,0,0,0,0,0,100,32353087488,8589930496,2986934272,0
199,1786321672272,1016.4547882080078,12266.666666666668,2,0.40625,913.1387939453125,12266.666666666668,2,0.40625,8741.765380859375,12266.666666666668,2,0.40625,6798.882232666016,12266.666666666668,0,0.40625,33408.70040893555,605,605,5150,605,605,605,605,2244,0,0,0,0,0,0,0,100,32353087488,8589930496,2986934272,0
199,1786321672472,1016.4585418701172,12400,2,0.4125000000000001,913.1443786621094,12400,2,0.4125000000000001,8741.77294921875,12400,2,0.4125000000000001,6801.145233154297,12400,0,0.4125000000000001,33412.095779418945,605,605,5150,605,605,605,605,2244,0,0,0,0,0,0,0,100,32353087488,8589930496,2986934272,0
199,1786321672672,1016.462158203125,12466.666666666668,2,0.40625,913.1490173339844,12466.666666666668,2,0.40625,8741.78140258789,12466.666666666668,2,0.40625,6803.419021606445,12466.666666666668,0,0.40625,33415.49433898926,605,605,5150,605,605,605,605,2244,0,0,0,0,0,0,0,100,32353087488,8589930496,2986934272,0
199,1786321672872,1016.4655303955078,12400,2,0.40625,913.1533203125,12400,2,0.40625,8741.788223266602,12400,2,0.40625,6805.695587158203,12400,0,0.40625,33418.895431518555,605,605,5150,605,605,605,605,2244,0,0,0,0,0,0,0,100,32353087488,8589930496,2986934272,0
199,1786321673073,1016.4689025878906,12333.333333333332,2,0.40625,913.1579284667969,12333.333333333332,2,0.40625,8741.797103881836,12333.333333333332,2,0.40625,6807.968978881836,12333.333333333332,0,0.40625,33422.29557800293,605,605,5150,605,605,605,605,2244,0,0,0,0,0,0,0,100,32353087488,8589930496,2986934272,0
199,1786321673273,1016.4724731445313,12266.666666666668,2,0.4125000000000001,913.1651916503906,12266.666666666668,2,0.4125000000000001,8741.805526733398,12266.666666666668,2,0.4125000000000001,6810.248489379883,12266.666666666668,0,0.4125000000000001,33425.71450805664,605,605,5150,605,605,605,605,2244,0,0,4.761904716491699,0,0,0,0,100,32353087488,8589930496,2986934272,0
199,1786321673473,1016.4760284423828,12266.666666666668,2,0.4125000000000001,913.1696472167969,12266.666666666668,2,0.4125000000000001,8741.815231323242,12266.666666666668,2,0.4125000000000001,6812.519332885742,12266.666666666668,0,0.4125000000000001,33429.11340332031,605,605,5150,605,605,605,605,2244,0,0,0,0,0,0,0,100,32353087488,8589930496,2986934272,0
199,1786321673673,1016.4794769287109,12333.333333333332,0,0.40625,913.1738891601563,12333.333333333332,2,0.40625,8741.824722290039,12333.333333333332,2,0.40625,6814.791473388672,12333.333333333332,0,0.40625,33432.51040649414,605,605,5150,605,605,605,605,2244,0,0,0,0,0,0,0,100,32353087488,8589930496,2986934272,0
199,1786321673873,1016.4828186035156,12333.333333333332,2,0.40625,913.1781158447266,12333.333333333332,2,0.40625,8741.833129882813,12333.333333333332,2,0.40625,6817.059188842773,12333.333333333332,0,0.40625,33435.908264160156,605,605,5150,605,605,605,605,2244,0,0,0,0,0,0,0,100,32353087488,8589930496,2986934272,0
199,1786321674073,1016.4860992431641,12400,2,0.40625,913.182861328125,12400,2,0.40625,8741.839736938477,12400,2,0.40625,6819.330123901367,12400,0,0.40625,33439.30506896973,605,605,5150,605,605,605,605,2244,0,0,0,0,0,0,0,100,32353087488,8589930496,2986934272,0
199,1786321674273,1016.4895172119141,12266.666666666668,2,0.40625,913.1876678466797,12266.666666666668,0,0.4125000000000001,8741.846481323242,12266.666666666668,0,0.4125000000000001,6821.605758666992,12266.666666666668,0,0.4125000000000001,33442.707916259766,605,605,5150,605,605,605,605,2244,0,0,0,0,0,4.761904716491699,0,100,32353087488,8589930496,2986934272,0
199,1786321674473,1016.4929656982422,12466.666666666668,0,0.40625,913.1925201416016,12466.666666666668,2,0.40625,8741.853118896484,12466.666666666668,0,0.40625,6823.87419128418,12466.666666666668,0,0.40625,33446.10121154785,605,605,5150,605,605,605,605,2244,0,0,0,0,0,0,0,100,32353087488,8589930496,2986934272,0
199,1786321674673,1016.4962310791016,12266.666666666668,2,0.4125000000000001,913.1969757080078,12266.666666666668,2,0.4125000000000001,8741.859619140625,12266.666666666668,2,0.4125000000000001,6826.151458740234,12266.666666666668,0,0.4125000000000001,33449.50598144531,605,605,5150,605,605,605,605,2244,0,0,0,0,0,0,0,100,32353087488,8589930496,2986934272,0
199,1786321674873,1016.4998626708984,12266.666666666668,2,0.4125000000000001,913.201416015625,12266.666666666668,2,0.4125000000000001,8741.866149902344,12266.666666666668,2,0.4125000000000001,6828.420806884766,12266.666666666668,0,0.4125000000000001,33452.905685424805,605,605,5150,605,605,605,605,2244,0,0,0,0,0,0,0,100,32353087488,8589930496,2986934272,0
199,1786321675073,1016.5032043457031,12333.333333333332,2,0.40625,913.2047119140625,12333.333333333332,2,0.40625,8741.87451171875,12333.333333333332,2,0.40625,6830.6927490234375,12333.333333333332,0,0.40625,33456.30090332031,605,605,5150,605,605,605,605,2244,0,0,0,0,0,0,0,100,32353087488,8589930496,2986934272,0
199,1786321675273,1016.5065765380859,12266.666666666668,2,0.40625,913.2082061767578,12266.666666666668,2,0.40625,8741.882949829102,12266.666666666668,2,0.40625,6832.9619140625,12266.666666666668,0,0.40625,33459.70225524902,605,605,5150,605,605,605,605,2244,0,0,0,0,0,0,0,100,32353087488,8589930496,2986934272,0
199,1786321675474,1016.5103912353516,12400,2,0.40625,913.2123413085938,12400,2,0.40625,8741.890914916992,12400,2,0.40625,6835.228454589844,12400,0,0.40625,33463.09704589844,605,605,5150,605,605,605,605,2244,0,0,0,0,0,0,0,100,32353087488,8589930496,2986934272,0
199,1786321675674,1016.5138397216797,12333.333333333332,2,0.4125000000000001,913.2159729003906,12333.333333333332,2,0.4125000000000001,8741.899002075195,12333.333333333332,2,0.4125000000000001,6837.502471923828,12333.333333333332,0,0.4125000000000001,33466.49842834473,605,605,5150,605,605,605,605,2244,0,0,4.761904716491699,0,0,0,0,100,32353087488,8589930496,2986934272,0
199,1786321675874,1016.5171356201172,12266.666666666668,2,0.40625,913.2196960449219,12266.666666666668,2,0.40625,8741.906387329102,12266.666666666668,2,0.40625,6839.784957885742,12266.666666666668,0,0.40625,33469.91485595703,605,605,5150,605,605,605,605,2244,0,0,0,0,0,0,0,100,32353087488,8589930496,2986934272,0
199,1786321676074,1016.5205688476563,12266.666666666668,2,0.40625,913.2234649658203,12266.666666666668,2,0.40625,8741.91488647461,12266.666666666668,2,0.40625,6842.061264038086,12266.666666666668,0,0.40625,33473.31610107422,605,605,5150,605,605,605,605,2244,0,0,0,0,0,0,0,100,32353087488,8589930496,2986934272,0
199,1786321676274,1016.5240936279297,12400,2,0.40625,913.2270050048828,12400,2,0.40625,8741.922988891602,12400,2,0.40625,6844.324600219727,12400,0,0.40625,33476.71064758301,605,605,5150,605,605,605,605,2244,0,0,0,0,0,0,0,100,32353087488,8589930496,2986934272,0
199,1786321676474,1016.5274658203125,12200,2,0.4125000000000001,913.2311248779297,12200,2,0.4125000000000001,8741.930419921875,12200,2,0.4125000000000001,6846.59553527832,12200,0,0.4125000000000001,33480.11343383789,605,605,5150,605,605,605,605,2244,0,0,0,0,0,0,0,100,32353087488,8589930496,2986934272,0
199,1786321676674,1016.5307922363281,12266.666666666668,2,0.40625,913.2346038818359,12266.666666666668,2,0.40625,8741.937561035156,12266.666666666668,2,0.40625,6848.86637878418,12266.666666666668,0,0.40625,33483.51142883301,605,605,5150,605,605,605,605,2244,0,0,0,0,0,0,0,100,32353087488,8589930496,2986934272,0
199,1786321676874,1016.5343170166016,12333.333333333332,2,0.4125000000000001,913.2391815185547,12333.333333333332,0,0.40625,8741.944061279297,12333.333333333332,0,0.40625,6851.13102722168,12333.333333333332,0,0.40625,33486.90840148926,605,605,5150,605,605,605,605,2244,0,0,0,0,0,0,0,100,32353087488,8589930496,2986934272,0
199,1786321677074,1016.53759765625,12400,2,0.4125000000000001,913.2433166503906,12400,0,0.4125000000000001,8741.95051574707,12400,0,0.4125000000000001,6853.397186279297,12400,0,0.4125000000000001,33490.30537414551,605,605,5150,605,605,605,605,2244,0,0,0,0,0,0,0,100,32353087488,8589930496,2986934272,0
199,1786321677274,1016.5411834716797,12266.666666666668,2,0.4125000000000001,913.2514801025391,12266.666666666668,2,0.4125000000000001,8741.95718383789,12266.666666666668,2,0.4125000000000001,6855.666351318359,12266.666666666668,0,0.4125000000000001,33493.70845031738,605,605,5150,605,605,605,605,2244,0,0,0,0,0,0,0,100,32353087488,8589930496,2986934272,0
199,1786321677474,1016.5446319580078,12266.666666666668,2,0.41874999999999996,913.2559051513672,12266.666666666668,2,0.41874999999999996,8741.965850830078,12266.666666666668,2,0.41874999999999996,6857.930480957031,12266.666666666668,0,0.41874999999999996,33497.107666015625,605,605,5150,605,605,605,605,2244,0,0,0,0,0,0,0,100,32353087488,8589930496,2986934272,0
199,1786321677674,1016.5479431152344,12200,2,0.41874999999999996,913.2602386474609,12200,2,0.41874999999999996,8741.97427368164,12200,2,0.41874999999999996,6860.193344116211,12200,0,0.41874999999999996,33500.50646972656,605,605,5150,605,605,605,605,2244,0,0,0,0,0,0,0,100,32353087488,8589930496,2986934272,0
199,1786321677875,1016.5516052246094,12200,2,0.4125000000000001,913.2647399902344,12200,2,0.4125000000000001,8741.98112487793,12200,2,0.4125000000000001,6862.460586547852,12200,0,0.4125000000000001,33503.90490722656,605,605,5150,605,605,605,605,2244,0,0,0,0,0,0,0,100,32353087488,8589930496,2986934272,0
199,1786321678075,1016.5550537109375,12266.666666666668,2,0.40625,913.2690582275391,12266.666666666668,2,0.40625,8741.989807128906,12266.666666666668,2,0.40625,6864.725997924805,12266.666666666668,0,0.40625,33507.303802490234,605,605,5150,605,605,605,605,2244,0,0,0,0,0,0,0,100,32353087488,8589930496,2986934272,0
199,1786321678275,1016.5585479736328,12333.333333333332,2,0.40625,913.2737731933594,12333.333333333332,2,0.40625,8741.996673583984,12333.333333333332,2,0.40625,6866.995758056641,12333.333333333332,0,0.40625,33510.7177734375,605,605,5150,605,605,605,605,2244,0,0,0,0,0,0,0,100,32353087488,8589930496,2986934272,0
199,1786321678475,1016.5630798339844,12333.333333333332,2,0.40625,913.2784881591797,12333.333333333332,2,0.40625,8742.003311157227,12333.333333333332,2,0.40625,6869.272079467773,12333.333333333332,0,0.40625,33514.116271972656,605,605,5150,605,605,605,605,2244,0,0,0,0,0,0,0,100,32353087488,8589930496,2986934272,0
199,1786321678675,1016.5669708251953,12266.666666666668,2,0.40625,913.2830657958984,12266.666666666668,2,0.40625,8742.00959777832,12266.666666666668,0,0.40625,6871.542022705078,12266.666666666668,0,0.40625,33517.51727294922,605,605,5150,605,605,605,605,2244,0,0,0,0,0,0,0,100,32353087488,8589930496,2986934272,0
199,1786321678875,1016.5710296630859,12266.666666666668,2,0.40625,913.2875366210938,12266.666666666668,2,0.40625,8742.016036987305,12266.666666666668,2,0.40625,6873.805587768555,12266.666666666668,0,0.40625,33520.91647338867,605,605,5150,605,605,605,605,2244,0,0,0,0,0,0,0,100,32353087488,8589930496,2986934272,0
199,1786321679075,1016.5747680664063,12266.666666666668,2,0.4125000000000001,913.2917633056641,12266.666666666668,2,0.4125000000000001,8742.022262573242,12266.666666666668,2,0.4125000000000001,6876.069961547852,12266.666666666668,0,0.4125000000000001,33524.31489562988,605,605,5150,605,605,605,605,2244,0,0,0,0,0,0,0,100,32353087488,8589930496,2986934272,0
199,1786321679275,1016.5811462402344,11933.333333333332,2,0.41874999999999996,913.2961578369141,11933.333333333332,2,0.41874999999999996,8742.075103759766,11933.333333333332,2,0.42500000000000004,6878.305572509766,11933.333333333332,0,0.42500000000000004,33527.72218322754,605,605,5150,605,605,605,605,2244,0,0,5,0,0,0,0,100,32353087488,8589930496,2986934272,0
199,1786321679475,1016.5874938964844,12333.333333333332,2,0.40625,913.3006286621094,12333.333333333332,0,0.40625,8742.081436157227,12333.333333333332,2,0.40625,6880.56413269043,12333.333333333332,0,0.40625,33531.10957336426,605,605,5150,605,605,605,605,2244,0,0,0,0,0,0,0,100,32353087488,8589930496,2986934272,0
199,1786321679675,1016.5932006835938,12400,2,0.40625,913.304931640625,12400,0,0.40625,8742.087921142578,12400,2,0.40625,6882.834259033203,12400,0,0.40625,33534.50883483887,605,605,5150,605,605,605,605,2244,0,0,0,0,0,0,0,100,32353087488,8589930496,2986934272,0
199,1786321679875,1016.5970001220703,12333.333333333332,2,0.40625,913.3092346191406,12333.333333333332,2,0.40625,8742.094207763672,12333.333333333332,2,0.40625,6885.102066040039,12333.333333333332,0,0.40625,33537.90885925293,605,605,5150,605,605,605,605,2244,0,0,0,0,0,0,0,100,32353087488,8589930496,2986934272,0
199,1786321680075,1016.6005706787109,12200,2,0.4125000000000001,913.3141326904297,12200,2,0.4125000000000001,8742.102249145508,12200,2,0.4125000000000001,6887.359313964844,12200,0,0.4125000000000001,33541.31019592285,605,605,5150,605,605,605,605,2244,0,4.761904716491699,0,0,0,0,0,100,32353087488,8589930496,2986934272,0
199,1786321680276,1016.6040954589844,12266.666666666668,2,0.4125000000000001,913.3185272216797,12266.666666666668,2,0.4125000000000001,8742.111038208008,12266.666666666668,2,0.4125000000000001,6889.626495361328,12266.666666666668,0,0.4125000000000001,33544.70930480957,605,605,5150,605,605,605,605,2244,0,0,0,0,0,0,0,100,32353087488,8589930496,2986934272,0
199,1786321680476,1016.6074676513672,12266.666666666668,2,0.4125000000000001,913.3230438232422,12266.666666666668,2,0.4125000000000001,8742.119430541992,12266.666666666668,2,0.4125000000000001,6891.89501953125,12266.666666666668,0,0.4125000000000001,33548.10807800293,605,605,5150,605,605,605,605,2244,0,0,0,0,0,0,0,100,32353087488,8589930496,2986934272,0
199,1786321680676,1016.6108703613281,12400,2,0.4125000000000001,913.3275146484375,12400,2,0.4125000000000001,8742.128112792969,12400,2,0.4125000000000001,6894.159637451172,12400,0,0.4125000000000001,33551.5027923584,605,605,5150,605,605,605,605,2244,0,0,0,0,0,0,0,100,32353087488,8589930496,2986934272,0
199,1786321680876,1016.6142578125,12466.666666666668,2,0.40625,913.3321533203125,12466.666666666668,2,0.40625,8742.136337280273,12466.666666666668,2,0.40625,6896.433120727539,12466.666666666668,0,0.40625,33554.900802612305,605,605,5150,605,605,605,605,2244,0,0,0,0,0,0,0,100,32353087488,8589930496,2986934272,0
199,1786321681076,1016.6175689697266,12266.666666666668,2,0.40625,913.3369903564453,12266.666666666668,2,0.40625,8742.144180297852,12266.666666666668,2,0.40625,6898.719650268555,12266.666666666668,0,0.40625,33558.32263183594,605,605,5150,605,605,605,605,2244,0,0,0,0,0,0,0,100,32353087488,8589930496,2986934272,0
199,1786321681276,1016.6211395263672,12200,2,0.4125000000000001,913.3470306396484,12200,2,0.4125000000000001,8742.153045654297,12200,2,0.4125000000000001,6900.978057861328,12200,0,0.4125000000000001,33561.72280883789,605,605,5150,605,605,605,605,2244,0,0,0,0,0,0,0,100,32353087488,8589930496,2986934272,0
199,1786321681476,1016.6245574951172,12333.333333333332,2,0.4125000000000001,913.3516082763672,12333.333333333332,2,0.4125000000000001,8742.161880493164,12333.333333333332,2,0.4125000000000001,6903.2403564453125,12333.333333333332,0,0.4125000000000001,33565.11787414551,605,605,5150,605,605,605,605,2244,0,0,0,0,0,0,0,100,32353087488,8589930496,2986934272,0
199,1786321681676,1016.8718414306641,13066.666666666666,2,0.38749999999999996,913.5703582763672,13066.666666666666,2,0.38749999999999996,8743.289413452148,13066.666666666666,0,0.38749999999999996,6904.000198364258,13066.666666666666,2,0.38749999999999996,33568.51005554199,605,605,5150,605,605,605,605,2244,5.263157844543457,5.263157844543457,50,13.636363983154297,15.000000953674316,10,5.263157844543457,30.000001907348633,32353087488,8589930496,3003039744,0
199,1786321681876,1016.8905792236328,12400,2,0.40625,913.5833892822266,12400,2,0.40625,8745.682861328125,12400,0,0.40625,6904.006790161133,12400,2,0.40625,33571.92720031738,605,605,5150,605,605,605,605,2244,4.761904716491699,0,100,0,0,0,0,0,32353087488,8589930496,3003039744,0
200,1786321682076,1016.8944549560547,12400,2,0.40625,913.5905456542969,12400,2,0.40625,8747.943450927734,12400,0,0.40625,6904.0135498046875,12400,2,0.40625,33575.32606506348,605,605,5150,605,605,605,605,2244,0,0,100,0,0,0,0,0,32353087488,8589930496,3003039744,0
199,1786321682276,1016.8987579345703,12533.333333333332,2,0.3999999999999999,913.5982818603516,12533.333333333332,0,0.3999999999999999,8749.69515991211,12533.333333333332,0,0.3999999999999999,6904.516891479492,12533.333333333332,0,0.3999999999999999,33578.717193603516,605,605,5150,605,605,605,605,2244,0,0,80,20,0,0,0,0,32353087488,8589930496,3003412480,0
199,1786321682476,1016.9024963378906,12400,2,0.40625,913.6040191650391,12400,2,0.40625,8749.702041625977,12400,0,0.40625,6906.79052734375,12400,0,0.40625,33582.11996459961,605,605,5150,605,605,605,605,2244,0,0,0,100,0,0,0,0,32353087488,8589930496,3003412480,0
199,1786321682676,1016.9060516357422,12400,2,0.40625,913.6093597412109,12400,2,0.40625,8749.708465576172,12400,2,0.40625,6909.05989074707,12400,0,0.40625,33585.51713562012,605,605,5150,605,605,605,605,2244,0,0,0,100,0,0,0,0,32353087488,8589930496,3003412480,0
199,1786321682877,1016.9094696044922,12400,2,0.40625,913.6143493652344,12400,2,0.40625,8749.715301513672,12400,2,0.40625,6911.332077026367,12400,0,0.40625,33588.915618896484,605,605,5150,605,605,605,605,2244,0,0,0,100,0,0,0,0,32353087488,8589930496,3003412480,0
199,1786321683077,1016.9131011962891,12466.666666666668,2,0.3999999999999999,913.6197662353516,12466.666666666668,2,0.3999999999999999,8749.722137451172,12466.666666666668,2,0.3999999999999999,6913.604568481445,12466.666666666668,0,0.3999999999999999,33592.31204223633,605,605,5150,605,605,605,605,2244,0,0,0,100,0,0,4.761904716491699,0,32353087488,8589930496,3003412480,0
199,1786321683277,1016.91650390625,12400,2,0.40625,913.6250305175781,12400,2,0.40625,8749.730850219727,12400,2,0.40625,6915.879287719727,12400,0,0.40625,33595.711685180664,605,605,5150,605,605,605,605,2244,0,0,0,100,0,0,0,0,32353087488,8589930496,3003412480,0
199,1786321683477,1016.9203948974609,12400,2,0.4125000000000001,913.6304626464844,12400,2,0.4125000000000001,8749.737915039063,12400,2,0.4125000000000001,6918.151565551758,12400,0,0.4125000000000001,33599.11053466797,605,605,5150,605,605,605,605,2244,0,0,0,100,0,0,0,0,32353087488,8589930496,3003412480,0
199,1786321683677,1016.9237976074219,12533.333333333332,2,0.40625,913.6354370117188,12533.333333333332,2,0.40625,8749.746292114258,12533.333333333332,2,0.40625,6920.433364868164,12533.333333333332,0,0.40625,33602.52313232422,605,605,5150,605,605,605,605,2244,0,0,0,100,0,0,0,0,32353087488,8589930496,3003412480,0
199,1786321683877,1016.9273071289063,12466.666666666668,2,0.40625,913.6408538818359,12466.666666666668,2,0.40625,8749.754516601563,12466.666666666668,2,0.40625,6922.710906982422,12466.666666666668,0,0.40625,33605.92477416992,605,605,5150,605,605,605,605,2244,0,0,0,100,0,0,0,0,32353087488,8589930496,3003412480,0
199,1786321684077,1016.9308624267578,12400,2,0.4125000000000001,913.6461334228516,12400,2,0.4125000000000001,8749.761352539063,12400,2,0.4125000000000001,6924.98063659668,12400,0,0.4125000000000001,33609.32472229004,605,605,5150,605,605,605,605,2244,0,0,0,100,0,0,0,0,32353087488,8589930496,3003412480,0
199,1786321684277,1016.9343109130859,12400,2,0.40625,913.6510620117188,12400,2,0.40625,8749.769927978516,12400,2,0.40625,6927.243408203125,12400,0,0.40625,33612.722579956055,605,605,5150,605,605,605,605,2244,0,0,0,100,0,0,4.761904716491699,0,32353087488,8589930496,3003412480,0
199,1786321684477,1016.9378204345703,12400,2,0.40625,913.6560363769531,12400,2,0.40625,8749.779006958008,12400,0,0.40625,6929.503768920898,12400,0,0.40625,33616.12191772461,605,605,5150,605,605,605,605,2244,0,0,0,100,0,0,0,0,32353087488,8589930496,3003412480,0
199,1786321684677,1016.9411010742188,12400,2,0.40625,913.6607666015625,12400,2,0.40625,8749.787963867188,12400,0,0.40625,6931.769302368164,12400,0,0.40625,33619.5213470459,605,605,5150,605,605,605,605,2244,0,0,0,100,0,0,0,0,32353087488,8589930496,3003412480,0
199,1786321684877,1016.9446563720703,12466.666666666668,2,0.40625,913.6658935546875,12466.666666666668,0,0.40625,8749.794357299805,12466.666666666668,0,0.40625,6934.035186767578,12466.666666666668,0,0.40625,33622.91905212402,605,605,5150,605,605,605,605,2244,0,0,0,100,0,0,0,0,32353087488,8589930496,3003412480,0
199,1786321685078,1016.9483337402344,12333.333333333332,2,0.4125000000000001,913.6709136962891,12333.333333333332,2,0.4125000000000001,8749.801147460938,12333.333333333332,0,0.4125000000000001,6936.303176879883,12333.333333333332,0,0.4125000000000001,33626.32083129883,605,605,5150,605,605,605,605,2244,0,4.761904716491699,0,100,0,0,0,0,32353087488,8589930496,3003412480,0
199,1786321685278,1016.9528198242188,12266.666666666668,2,0.4125000000000001,913.68798828125,12266.666666666668,2,0.4125000000000001,8749.807998657227,12266.666666666668,2,0.4125000000000001,6938.564514160156,12266.666666666668,0,0.4125000000000001,33629.72265625,605,605,5150,605,605,605,605,2244,0,4.761904716491699,0,100,0,0,0,0,32353087488,8589930496,3003412480,0
199,1786321685478,1016.9569091796875,12400,2,0.40625,913.6937713623047,12400,2,0.40625,8749.819931030273,12400,2,0.40625,6940.819717407227,12400,0,0.40625,33633.11558532715,605,605,5150,605,605,605,605,2244,0,0,0,100,0,0,0,0,32353087488,8589930496,3003412480,0
199,1786321685678,1016.9603881835938,12333.333333333332,2,0.40625,913.6987915039063,12333.333333333332,2,0.40625,8749.827163696289,12333.333333333332,2,0.40625,6943.092147827148,12333.333333333332,0,0.40625,33636.516845703125,605,605,5150,605,605,605,605,2244,0,0,0,100,0,0,0,0,32353087488,8589930496,3003412480,0
199,1786321685878,1016.9637145996094,12666.666666666668,2,0.3999999999999999,913.7037658691406,12666.666666666668,2,0.3999999999999999,8749.83511352539,12666.666666666668,2,0.3999999999999999,6945.357177734375,12666.666666666668,0,0.3999999999999999,33639.907653808594,605,605,5150,605,605,605,605,2244,0,0,0,100,0,0,0,0,32353087488,8589930496,3003412480,0
199,1786321686078,1016.9677581787109,12400,2,0.40625,913.7097778320313,12400,2,0.40625,8749.845245361328,12400,2,0.40625,6947.63752746582,12400,0,0.40625,33643.31379699707,605,605,5150,605,605,605,605,2244,0,0,0,100,0,0,0,0,32353087488,8589930496,3003412480,0
199,1786321686278,1016.9712677001953,12400,2,0.40625,913.7147674560547,12400,2,0.40625,8749.854080200195,12400,2,0.40625,6949.919525146484,12400,0,0.40625,33646.7293548584,605,605,5150,605,605,605,605,2244,0,0,0,100,0,0,0,0,32353087488,8589930496,3003412480,0
199,1786321686478,1016.9748382568359,12400,2,0.40625,913.7201232910156,12400,2,0.40625,8749.863265991211,12400,2,0.40625,6952.192199707031,12400,0,0.40625,33650.12854003906,605,605,5150,605,605,605,605,2244,0,0,0,100,0,0,0,0,32353087488,8589930496,3003412480,0
199,1786321686678,1016.9790802001953,12400,2,0.4125000000000001,913.7262878417969,12400,2,0.4125000000000001,8749.87094116211,12400,2,0.4125000000000001,6954.467864990234,12400,0,0.4125000000000001,33653.52793884277,605,605,5150,605,605,605,605,2244,0,0,0,100,0,0,0,0,32353087488,8589930496,3003412480,0
199,1786321686878,1016.9825286865234,12333.333333333332,2,0.40625,913.7308502197266,12333.333333333332,2,0.40625,8749.87956237793,12333.333333333332,2,0.40625,6956.739349365234,12333.333333333332,0,0.40625,33656.928451538086,605,605,5150,605,605,605,605,2244,0,0,0,100,0,0,0,0,32353087488,8589930496,3003412480,0
199,1786321687078,1016.9859313964844,12333.333333333332,2,0.4125000000000001,913.7353820800781,12333.333333333332,2,0.4125000000000001,8749.88803100586,12333.333333333332,2,0.4125000000000001,6959.009765625,12333.333333333332,0,0.4125000000000001,33660.32762145996,605,605,5150,605,605,605,605,2244,0,0,0,100,0,0,0,0,32353087488,8589930496,3003412480,0
199,1786321687278,1016.9893341064453,12400,2,0.4125000000000001,913.7402801513672,12400,0,0.40625,8749.897277832031,12400,0,0.40625,6961.281387329102,12400,0,0.40625,33663.724029541016,605,605,5150,605,605,605,605,2244,0,0,0,100,0,0,0,0,32353087488,8589930496,3003412480,0
199,1786321687479,1016.9932708740234,12400,2,0.40625,913.7460479736328,12400,0,0.40625,8749.903915405273,12400,0,0.40625,6963.553726196289,12400,0,0.40625,33667.1237487793,605,605,5150,605,605,605,605,2244,0,0,0,100,0,0,0,0,32353087488,8589930496,3003412480,0
199,1786321687679,1016.9966430664063,12266.666666666668,2,0.4125000000000001,913.7510375976563,12266.666666666668,2,0.4125000000000001,8749.910598754883,12266.666666666668,2,0.4125000000000001,6965.826095581055,12266.666666666668,0,0.4125000000000001,33670.52705383301,605,605,5150,605,605,605,605,2244,0,0,0,100,0,0,0,0,32353087488,8589930496,3003412480,0
199,1786321687879,1017.0001068115234,12333.333333333332,2,0.40625,913.7561798095703,12333.333333333332,2,0.40625,8749.91862487793,12333.333333333332,2,0.40625,6968.098175048828,12333.333333333332,0,0.40625,33673.92297363281,605,605,5150,605,605,605,605,2244,0,0,0,100,0,0,0,0,32353087488,8589930496,3003412480,0
199,1786321688079,1017.0036010742188,12333.333333333332,2,0.40625,913.7616424560547,12333.333333333332,2,0.40625,8749.925842285156,12333.333333333332,2,0.40625,6970.3668212890625,12333.333333333332,0,0.40625,33677.32081604004,605,605,5150,605,605,605,605,2244,0,0,0,100,0,0,0,0,32353087488,8589930496,3003412480,0
199,1786321688279,1017.0072631835938,12533.333333333332,2,0.3999999999999999,913.7674713134766,12533.333333333332,2,0.3999999999999999,8749.933776855469,12533.333333333332,2,0.3999999999999999,6972.644882202148,12533.333333333332,0,0.3999999999999999,33680.71664428711,605,605,5150,605,605,605,605,2244,0,0,0,100,0,0,0,0,32353087488,8589930496,3003412480,0
199,1786321688479,1017.0261535644531,11666.666666666668,2,0.4312499999999999,913.7958984375,11666.666666666668,2,0.4312499999999999,8749.943954467773,11666.666666666668,2,0.4312499999999999,6974.894256591797,11666.666666666668,0,0.4312499999999999,33684.13900756836,605,605,5150,605,605,605,605,2244,4.761904716491699,5,0,100,0,0,0,4.761904716491699,32353087488,8589930496,3003400192,0
199,1786321688679,1017.0361328125,12533.333333333332,2,0.3999999999999999,913.8032684326172,12533.333333333332,2,0.3999999999999999,8749.954193115234,12533.333333333332,2,0.3999999999999999,6977.1397705078125,12533.333333333332,0,0.3999999999999999,33687.51119995117,605,605,5150,605,605,605,605,2244,0,0,0,100,0,0,0,0,32353087488,8589930496,3003400192,0
199,1786321688879,1017.0403289794922,12400,2,0.40625,913.8073272705078,12400,2,0.40625,8749.96371459961,12400,2,0.40625,6979.422958374023,12400,0,0.40625,33690.93281555176,605,605,5150,605,605,605,605,2244,0,0,0,100,0,0,0,0,32353087488,8589930496,3003400192,0
199,1786321689079,1017.0446319580078,12400,2,0.40625,913.811279296875,12400,2,0.40625,8749.97348022461,12400,2,0.40625,6981.692001342773,12400,0,0.40625,33694.33120727539,605,605,5150,605,605,605,605,2244,0,0,0,100,0,0,0,0,32353087488,8589930496,3003400192,0
199,1786321689279,1017.0501251220703,12400,2,0.40625,913.8195037841797,12400,2,0.40625,8749.98208618164,12400,2,0.40625,6983.957717895508,12400,0,0.40625,33697.730377197266,605,605,5150,605,605,605,605,2244,0,0,0,100,0,4.761904716491699,0,0,32353087488,8589930496,3003400192,0
199,1786321689479,1017.0543212890625,12333.333333333332,2,0.40625,913.8238372802734,12333.333333333332,2,0.40625,8749.990249633789,12333.333333333332,2,0.40625,6986.226425170898,12333.333333333332,0,0.40625,33701.1301574707,605,605,5150,605,605,605,605,2244,0,0,0,100,0,0,0,0,32353087488,8589930496,3003400192,0
199,1786321689679,1017.0585479736328,12400,2,0.4125000000000001,913.8277893066406,12400,2,0.4125000000000001,8749.999954223633,12400,2,0.40625,6988.493759155273,12400,0,0.4125000000000001,33704.52891540527,605,605,5150,605,605,605,605,2244,0,0,0,100,0,0,4.761904716491699,0,32353087488,8589930496,3003400192,0
199,1786321689880,1017.0628204345703,12333.333333333332,2,0.40625,913.8321685791016,12333.333333333332,0,0.40625,8750.008911132813,12333.333333333332,0,0.40625,6990.764404296875,12333.333333333332,0,0.40625,33707.92872619629,605,605,5150,605,605,605,605,2244,0,0,0,100,0,0,0,0,32353087488,8589930496,3003400192,0
199,1786321690080,1017.0670776367188,12400,2,0.40625,913.8363647460938,12400,2,0.40625,8750.01577758789,12400,0,0.40625,6993.035400390625,12400,0,0.40625,33711.3253326416,605,605,5150,605,605,605,605,2244,0,0,0,100,0,4.761904716491699,0,0,32353087488,8589930496,3003400192,0
199,1786321690280,1017.0721130371094,12133.333333333332,2,0.4125000000000001,913.8413543701172,12133.333333333332,2,0.4125000000000001,8750.07015991211,12133.333333333332,2,0.4125000000000001,6995.274353027344,12133.333333333332,0,0.4125000000000001,33714.73205566406,605,605,5150,605,605,605,605,2244,0,0,5,100,0,0,0,0,32353087488,8589930496,3003400192,0
199,1786321690480,1017.0764312744141,12400,2,0.4125000000000001,913.8461151123047,12400,2,0.4125000000000001,8750.078796386719,12400,2,0.4125000000000001,6997.539031982422,12400,0,0.4125000000000001,33718.12350463867,605,605,5150,605,605,605,605,2244,0,0,0,100,0,0,0,0,32353087488,8589930496,3003400192,0
199,1786321690680,1017.08056640625,12400,2,0.3999999999999999,913.8506622314453,12400,2,0.3999999999999999,8750.086074829102,12400,2,0.3999999999999999,6999.810043334961,12400,0,0.3999999999999999,33721.522552490234,605,605,5150,605,605,605,605,2244,0,0,0,100,0,0,0,0,32353087488,8589930496,3003400192,0
199,1786321690880,1017.0847625732422,12333.333333333332,2,0.40625,913.8548583984375,12333.333333333332,2,0.40625,8750.093490600586,12333.333333333332,2,0.40625,7002.082046508789,12333.333333333332,0,0.40625,33724.9249420166,605,605,5150,605,605,605,605,2244,0,0,0,100,0,0,0,0,32353087488,8589930496,3003400192,0
199,1786321691080,1017.0890960693359,12466.666666666668,2,0.3999999999999999,913.85888671875,12466.666666666668,2,0.3999999999999999,8750.100372314453,12466.666666666668,2,0.3999999999999999,7004.354080200195,12466.666666666668,0,0.3999999999999999,33728.31948852539,605,605,5150,605,605,605,605,2244,0,0,0,100,0,0,0,0,32353087488,8589930496,3003400192,0
199,1786321691280,1017.0932312011719,12466.666666666668,2,0.40625,913.8626861572266,12466.666666666668,2,0.40625,8750.10757446289,12466.666666666668,2,0.40625,7006.639205932617,12466.666666666668,0,0.40625,33731.73637390137,605,605,5150,605,605,605,605,2244,0,0,0,100,0,0,0,0,32353087488,8589930496,3003400192,0
199,1786321691480,1017.0976409912109,12333.333333333332,2,0.40625,913.86767578125,12333.333333333332,2,0.40625,8750.117660522461,12333.333333333332,2,0.40625,7008.913009643555,12333.333333333332,0,0.40625,33735.13815307617,605,605,5150,605,605,605,605,2244,0,0,0,100,0,0,0,0,32353087488,8589930496,3003400192,0
199,1786321691680,1017.101806640625,12333.333333333332,2,0.40625,913.8715667724609,12333.333333333332,2,0.40625,8750.125854492188,12333.333333333332,2,0.40625,7011.18098449707,12333.333333333332,0,0.40625,33738.537185668945,605,605,5150,605,605,605,605,2244,0,0,0,100,0,0,0,0,32353087488,8589930496,3003400192,0
199,1786321691880,1017.1060791015625,12400,2,0.40625,913.8754425048828,12400,2,0.40625,8750.133224487305,12400,2,0.40625,7013.450088500977,12400,0,0.40625,33741.93370056152,605,605,5150,605,605,605,605,2244,0,0,0,100,0,0,0,0,32353087488,8589930496,3003400192,0
199,1786321692080,1017.1112213134766,12266.666666666668,2,0.40625,913.8799133300781,12266.666666666668,2,0.40625,8750.142517089844,12266.666666666668,2,0.40625,7015.723419189453,12266.666666666668,0,0.40625,33745.33688354492,605,605,5150,605,605,605,605,2244,0,0,0,100,0,0,0,0,32353087488,8589930496,3003400192,0
199,1786321692281,1017.1157531738281,12466.666666666668,2,0.3999999999999999,913.8847198486328,12466.666666666668,2,0.3999999999999999,8750.151443481445,12466.666666666668,0,0.3999999999999999,7017.995529174805,12466.666666666668,0,0.3999999999999999,33748.73143005371,605,605,5150,605,605,605,605,2244,0,0,0,100,0,0,0,0,32353087488,8589930496,3003400192,0
199,1786321692481,1017.1202087402344,12466.666666666668,2,0.40625,913.8894805908203,12466.666666666668,0,0.40625,8750.15982055664,12466.666666666668,0,0.40625,7020.269592285156,12466.666666666668,0,0.40625,33752.13119506836,605,605,5150,605,605,605,605,2244,0,0,0,100,0,0,0,0,32353087488,8589930496,3003400192,0
199,1786321692681,1017.1244812011719,12400,2,0.40625,913.8936157226563,12400,2,0.40625,8750.166305541992,12400,0,0.40625,7022.544662475586,12400,0,0.40625,33755.532150268555,605,605,5150,605,605,605,605,2244,0,0,0,100,0,0,0,0,32353087488,8589930496,3003400192,0
199,1786321692881,1017.1291046142578,12400,2,0.4125000000000001,913.8981170654297,12400,2,0.4125000000000001,8750.172760009766,12400,2,0.4125000000000001,7024.818893432617,12400,0,0.4125000000000001,33758.92979431152,605,605,5150,605,605,605,605,2244,0,0,0,100,0,0,0,0,32353087488,8589930496,3003400192,0
199,1786321693081,1017.1336364746094,12533.333333333332,2,0.40625,913.9021911621094,12533.333333333332,2,0.40625,8750.179611206055,12533.333333333332,2,0.40625,7027.08837890625,12533.333333333332,0,0.40625,33762.327087402344,605,605,5150,605,605,605,605,2244,0,0,0,100,0,0,0,0,32353087488,8589930496,3003400192,0
199,1786321693281,1017.1388854980469,12466.666666666668,2,0.40625,913.907958984375,12466.666666666668,2,0.40625,8750.187576293945,12466.666666666668,2,0.40625,7029.355087280273,12466.666666666668,0,0.40625,33765.727767944336,605,605,5150,605,605,605,605,2244,0,0,4.761904716491699,100,0,0,0,0,32353087488,8589930496,3003400192,0
199,1786321693481,1017.1432495117188,12400,2,0.40625,913.9127502441406,12400,2,0.40625,8750.195083618164,12400,2,0.40625,7031.625595092773,12400,0,0.40625,33769.12661743164,605,605,5150,605,605,605,605,2244,0,0,0,100,0,0,0,0,32353087488,8589930496,3003400192,0
199,1786321693681,1017.147705078125,12533.333333333332,2,0.40625,913.9173278808594,12533.333333333332,2,0.40625,8750.202529907227,12533.333333333332,2,0.40625,7033.898681640625,12533.333333333332,0,0.40625,33772.522399902344,605,605,5150,605,605,605,605,2244,4.761904716491699,0,0,100,0,0,0,0,32353087488,8589930496,3003400192,0
199,1786321693881,1017.1527862548828,12400,2,0.40625,913.9216461181641,12400,2,0.40625,8750.211791992188,12400,2,0.40625,7036.178146362305,12400,0,0.40625,33775.94128417969,605,605,5150,605,605,605,605,2244,0,0,0,100,0,0,0,0,32353087488,8589930496,3003400192,0
199,1786321694081,1017.1574554443359,12733.333333333332,2,0.3999999999999999,913.9261932373047,12733.333333333332,2,0.3999999999999999,8750.218307495117,12733.333333333332,2,0.3999999999999999,7038.443954467773,12733.333333333332,0,0.3999999999999999,33779.33183288574,605,605,5150,605,605,605,605,2244,0,0,0,100,0,0,4.761904716491699,0,32353087488,8589930496,3003400192,0
199,1786321694281,1017.1622924804688,12466.666666666668,2,0.3999999999999999,913.9321136474609,12466.666666666668,2,0.3999999999999999,8750.226135253906,12466.666666666668,2,0.3999999999999999,7040.71842956543,12466.666666666668,0,0.3999999999999999,33782.7384185791,605,605,5150,605,605,605,605,2244,0,0,0,100,0,0,4.761904716491699,0,32353087488,8589930496,3003400192,0
199,1786321694481,1017.1666870117188,12600,2,0.40625,913.9366455078125,12600,2,0.40625,8750.235458374023,12600,2,0.40625,7042.9814453125,12600,0,0.40625,33786.135192871094,605,605,5150,605,605,605,605,2244,0,0,0,100,0,0,0,0,32353087488,8589930496,3003400192,0
199,1786321694682,1017.1709747314453,12533.333333333332,2,0.3999999999999999,913.9412841796875,12533.333333333332,2,0.3999999999999999,8750.244674682617,12533.333333333332,2,0.3999999999999999,7045.252410888672,12533.333333333332,0,0.3999999999999999,33789.534927368164,605,605,5150,605,605,605,605,2244,0,0,0,100,0,0,0,0,32353087488,8589930496,3003400192,0
199,1786321694882,1017.1753540039063,12533.333333333332,2,0.3999999999999999,913.9462432861328,12533.333333333332,2,0.3999999999999999,8750.253372192383,12533.333333333332,0,0.3999999999999999,7047.518936157227,12533.333333333332,0,0.3999999999999999,33792.933334350586,605,605,5150,605,605,605,605,2244,0,0,0,100,0,0,0,0,32353087488,8589930496,3003400192,0
199,1786321695082,1017.1799468994141,12666.666666666668,2,0.3999999999999999,913.9510498046875,12666.666666666668,0,0.3999999999999999,8750.262283325195,12666.666666666668,0,0.3999999999999999,7049.779296875,12666.666666666668,0,0.3999999999999999,33796.32899475098,605,605,5150,605,605,605,605,2244,0,0,0,100,0,0,0,0,32353087488,8589930496,3003400192,0
199,1786321695282,1017.1848907470703,12333.333333333332,2,0.40625,913.9567260742188,12333.333333333332,2,0.40625,8750.268768310547,12333.333333333332,0,0.40625,7052.048858642578,12333.333333333332,0,0.40625,33799.7374420166,605,605,5150,605,605,605,605,2244,0,0,0,100,0,0,0,0,32353087488,8589930496,3003400192,0
199,1786321695482,1017.1895446777344,12466.666666666668,2,0.40625,913.9614105224609,12466.666666666668,2,0.40625,8750.275283813477,12466.666666666668,2,0.40625,7054.315856933594,12466.666666666668,0,0.40625,33803.13363647461,605,605,5150,605,605,605,605,2244,4.761904716491699,0,0,100,0,0,0,0,32353087488,8589930496,3003400192,0
199,1786321695682,1017.1939392089844,12466.666666666668,2,0.3999999999999999,913.966064453125,12466.666666666668,2,0.3999999999999999,8750.283508300781,12466.666666666668,2,0.3999999999999999,7056.584732055664,12466.666666666668,0,0.3999999999999999,33806.532485961914,605,605,5150,605,605,605,605,2244,0,0,0,100,0,0,0,0,32353087488,8589930496,3003400192,0
199,1786321695882,1017.1982879638672,12333.333333333332,2,0.40625,913.9709625244141,12333.333333333332,2,0.40625,8750.291473388672,12333.333333333332,2,0.40625,7058.854949951172,12333.333333333332,0,0.40625,33809.933532714844,605,605,5150,605,605,605,605,2244,0,0,0,100,0,0,0,0,32353087488,8589930496,3003400192,0
199,1786321696082,1017.202392578125,12400,2,0.4125000000000001,913.9747619628906,12400,2,0.4125000000000001,8750.299377441406,12400,2,0.4125000000000001,7061.115737915039,12400,0,0.4125000000000001,33813.33039855957,605,605,5150,605,605,605,605,2244,0,0,0,100,0,0,0,0,32353087488,8589930496,3003400192,0
199,1786321696282,1017.2066497802734,12400,2,0.40625,913.97900390625,12400,2,0.40625,8750.308029174805,12400,2,0.40625,7063.377365112305,12400,0,0.40625,33816.72866821289,605,605,5150,605,605,605,605,2244,0,0,0,100,0,0,0,0,32353087488,8589930496,3003400192,0
199,1786321696482,1017.2109375,12466.666666666668,2,0.3999999999999999,913.9834442138672,12466.666666666668,2,0.3999999999999999,8750.316329956055,12466.666666666668,2,0.3999999999999999,7065.651153564453,12466.666666666668,0,0.3999999999999999,33820.14324951172,605,605,5150,605,605,605,605,2244,0,0,0,100,0,0,0,0,32353087488,8589930496,3003400192,0
199,1786321696682,1017.2151794433594,12333.333333333332,2,0.40625,913.9874114990234,12333.333333333332,2,0.40625,8750.325790405273,12333.333333333332,2,0.40625,7067.916885375977,12333.333333333332,0,0.40625,33823.54684448242,605,605,5150,605,605,605,605,2244,0,0,0,100,0,0,0,0,32353087488,8589930496,3003400192,0
200,1786321696882,1017.2195892333984,12400,2,0.4125000000000001,913.9922637939453,12400,2,0.4125000000000001,8750.333023071289,12400,0,0.4125000000000001,7070.172134399414,12400,0,0.4125000000000001,33826.92613220215,605,605,5150,605,605,605,605,2244,0,0,0,100,0,0,0,0,32353087488,8589930496,3003400192,0
199,1786321697083,1017.2238464355469,12400,2,0.40625,913.9961547851563,12400,2,0.40625,8750.341506958008,12400,2,0.40625,7072.449157714844,12400,0,0.40625,33830.34161376953,605,605,5150,605,605,605,605,2244,0,0,0,100,0,0,0,0,32353087488,8589930496,3003400192,0
199,1786321697283,1017.2287750244141,12400,2,0.40625,914.0026550292969,12400,2,0.40625,8750.350540161133,12400,0,0.40625,7074.706939697266,12400,0,0.40625,33833.74142456055,605,605,5150,605,605,605,605,2244,0,0,0,100,5,0,0,0,32353087488,8589930496,3003400192,0
199,1786321697483,1017.2328948974609,12400,2,0.4125000000000001,914.0068511962891,12400,0,0.40625,8750.358810424805,12400,0,0.40625,7076.974014282227,12400,0,0.40625,33837.13887023926,605,605,5150,605,605,605,605,2244,0,0,0,100,0,0,0,0,32353087488,8589930496,3003400192,0
199,1786321697683,1017.2373199462891,12400,2,0.40625,914.0115814208984,12466.666666666668,0,0.4125000000000001,8750.365280151367,12466.666666666668,0,0.4125000000000001,7079.249572753906,12466.666666666668,0,0.4125000000000001,33840.5378112793,605,605,5150,605,605,605,605,2244,0,0,0,100,0,0,0,0,32353087488,8589930496,3003400192,0
199,1786321697883,1017.2415924072266,12466.666666666668,2,0.40625,914.0156555175781,12466.666666666668,2,0.40625,8750.371795654297,12466.666666666668,2,0.40625,7081.522521972656,12466.666666666668,0,0.40625,33843.937591552734,605,605,5150,605,605,605,605,2244,0,0,0,100,0,0,0,0,32353087488,8589930496,3003400192,0
199,1786321698083,1017.2458038330078,12466.666666666668,2,0.40625,914.0197448730469,12466.666666666668,2,0.40625,8750.379028320313,12466.666666666668,2,0.40625,7083.798126220703,12466.666666666668,0,0.40625,33847.33393859863,605,605,5150,605,605,605,605,2244,0,0,0,100,0,0,0,0,32353087488,8589930496,3003400192,0
199,1786321698283,1017.2499237060547,12400,2,0.40625,914.0233154296875,12400,2,0.40625,8750.387329101563,12400,2,0.40625,7086.069305419922,12400,0,0.40625,33850.73442077637,605,605,5150,605,605,605,605,2244,0,0,0,100,0,0,0,0,32353087488,8589930496,3003400192,0
199,1786321698483,1017.25390625,12266.666666666668,2,0.40625,914.0277862548828,12266.666666666668,2,0.40625,8750.394256591797,12266.666666666668,2,0.40625,7088.338195800781,12266.666666666668,0,0.40625,33854.13790893555,605,605,5150,605,605,605,605,2244,0,0,0,100,0,0,0,0,32353087488,8589930496,3003400192,0
199,1786321698683,1017.258056640625,12466.666666666668,2,0.3999999999999999,914.0312957763672,12466.666666666668,2,0.3999999999999999,8750.401626586914,12466.666666666668,2,0.3999999999999999,7090.605804443359,12466.666666666668,0,0.3999999999999999,33857.531021118164,605,605,5150,605,605,605,605,2244,0,0,0,100,0,0,0,0,32353087488,8589930496,3003400192,0
199,1786321698883,1017.2622680664063,12466.666666666668,2,0.40625,914.0357818603516,12466.666666666668,2,0.40625,8750.408493041992,12466.666666666668,2,0.40625,7092.881698608398,12466.666666666668,0,0.40625,33860.93084716797,605,605,5150,605,605,605,605,2244,0,0,0,100,0,0,0,0,32353087488,8589930496,3003400192,0
199,1786321699083,1017.2664031982422,12400,2,0.40625,914.039306640625,12400,2,0.40625,8750.415298461914,12400,2,0.40625,7095.160461425781,12400,0,0.40625,33864.3484954834,605,605,5150,605,605,605,605,2244,0,0,0,100,0,0,0,0,32353087488,8589930496,3003400192,0
199,1786321699284,1017.2706604003906,12400,2,0.3999999999999999,914.0435943603516,12400,2,0.3999999999999999,8750.42399597168,12400,2,0.3999999999999999,7097.431381225586,12400,0,0.3999999999999999,33867.74592590332,605,605,5150,605,605,605,605,2244,0,0,0,100,0,0,4.761904716491699,0,32353087488,8589930496,3003400192,0
199,1786321699484,1017.2752380371094,12400,2,0.4125000000000001,914.0479125976563,12400,2,0.4125000000000001,8750.432525634766,12400,2,0.4125000000000001,7099.699966430664,12400,0,0.4125000000000001,33871.144927978516,605,605,5150,605,605,605,605,2244,0,0,0,100,0,0,0,0,32353087488,8589930496,3003400192,0
199,1786321699684,1017.2794952392578,12400,2,0.40625,914.0519104003906,12400,2,0.40625,8750.440933227539,12400,2,0.40625,7101.972076416016,12400,0,0.40625,33874.5442199707,605,605,5150,605,605,605,605,2244,0,0,0,100,0,0,0,0,32353087488,8589930496,3003400192,0
199,1786321699884,1017.2836456298828,12400,2,0.40625,914.0555725097656,12400,2,0.40625,8750.44937133789,12400,2,0.40625,7104.244766235352,12400,0,0.40625,33877.943298339844,605,605,5150,605,605,605,605,2244,0,0,0,100,0,0,0,0,32353087488,8589930496,3003400192,0
199,1786321700084,1017.2877655029297,12400,2,0.40625,914.059326171875,12400,2,0.40625,8750.458023071289,12466.666666666668,2,0.40625,7106.51496887207,12466.666666666668,0,0.40625,33881.34169006348,605,605,5150,605,605,605,605,2244,0,0,0,100,0,0,0,0,32353087488,8589930496,3003400192,0
199,1786321700284,1017.2918853759766,12400,2,0.4125000000000001,914.0630340576172,12400,0,0.4125000000000001,8750.46450805664,12400,0,0.4125000000000001,7108.787307739258,12400,0,0.4125000000000001,33884.74105834961,605,605,5150,605,605,605,605,2244,0,0,0,100,0,0,0,0,32353087488,8589930496,3003400192,0
199,1786321700484,1017.2960357666016,12533.333333333332,2,0.3999999999999999,914.0671844482422,12533.333333333332,2,0.3999999999999999,8750.47103881836,12533.333333333332,2,0.3999999999999999,7111.056304931641,12533.333333333332,0,0.3999999999999999,33888.13642883301,605,605,5150,605,605,605,605,2244,0,0,0,100,0,0,0,0,32353087488,8589930496,3003400192,0
199,1786321700684,1017.3003997802734,12466.666666666668,2,0.3999999999999999,914.0718841552734,12466.666666666668,2,0.3999999999999999,8750.479400634766,12466.666666666668,2,0.3999999999999999,7113.33219909668,12466.666666666668,0,0.3999999999999999,33891.538009643555,605,605,5150,605,605,605,605,2244,0,0,0,100,0,0,0,0,32353087488,8589930496,3003400192,0
199,1786321700884,1017.3045959472656,12466.666666666668,2,0.40625,914.0755310058594,12466.666666666668,2,0.40625,8750.487365722656,12466.666666666668,2,0.40625,7115.604995727539,12466.666666666668,0,0.40625,33894.935485839844,605,605,5150,605,605,605,605,2244,0,0,0,100,0,0,0,0,32353087488,8589930496,3003400192,0
199,1786321701084,1017.3088684082031,12400,2,0.40625,914.0801849365234,12400,2,0.40625,8750.49462890625,12400,2,0.40625,7117.883758544922,12400,0,0.40625,33898.33695983887,605,605,5150,605,605,605,605,2244,0,0,0,100,0,0,0,0,32353087488,8589930496,3003400192,0
199,1786321701284,1017.3139190673828,12333.333333333332,2,0.4125000000000001,914.0931091308594,12333.333333333332,2,0.4125000000000001,8750.503189086914,12333.333333333332,2,0.4125000000000001,7120.15087890625,12333.333333333332,0,0.4125000000000001,33901.73825073242,605,605,5150,605,605,605,605,2244,0,0,0,100,0,0,0,0,32353087488,8589930496,3003400192,0
199,1786321701484,1017.3188018798828,12466.666666666668,2,0.3999999999999999,914.1030883789063,12466.666666666668,2,0.3999999999999999,8750.511962890625,12466.666666666668,2,0.3999999999999999,7122.425827026367,12466.666666666668,0,0.3999999999999999,33905.15003967285,605,605,5150,605,605,605,605,2244,0,0,0,100,0,0,0,0,32353087488,8589930496,3003400192,0
199,1786321701685,1017.3230133056641,12333.333333333332,2,0.4125000000000001,914.1073303222656,12333.333333333332,2,0.4125000000000001,8750.52066040039,12333.333333333332,2,0.4125000000000001,7124.7017822265625,12333.333333333332,0,0.4125000000000001,33908.553131103516,605,605,5150,605,605,605,605,2244,0,0,0,100,0,0,0,0,32353087488,8589930496,3003400192,0
199,1786321701885,1017.3273010253906,12466.666666666668,2,0.3999999999999999,914.1114044189453,12466.666666666668,2,0.3999999999999999,8750.528991699219,12466.666666666668,2,0.3999999999999999,7126.97265625,12466.666666666668,0,0.3999999999999999,33911.94885253906,605,605,5150,605,605,605,605,2244,0,0,0,100,0,0,0,0,32353087488,8589930496,3003400192,0
199,1786321702085,1017.331787109375,12600,2,0.3999999999999999,914.1166534423828,12600,2,0.3999999999999999,8750.536743164063,12600,2,0.3999999999999999,7129.249664306641,12600,0,0.3999999999999999,33915.34548950195,605,605,5150,605,605,605,605,2244,0,0,0,100,0,0,0,0,32353087488,8589930496,3003400192,0
199,1786321702285,1017.3359680175781,12333.333333333332,2,0.40625,914.1204986572266,12333.333333333332,2,0.40625,8750.544952392578,12333.333333333332,2,0.40625,7131.521514892578,12333.333333333332,0,0.40625,33918.75047302246,605,605,5150,605,605,605,605,2244,0,0,0,100,0,0,0,0,32353087488,8589930496,3003400192,0
0,1786321702485,1017.3942718505859,28800,0,0.975,914.1871643066406,28800,0,0.975,8750.621215820313,28800,0,0.975,7132.656433105469,28800,0,0.975,33921.02018737793,605,605,5150,605,605,605,605,2244,0,5,0,50,0,0,5,0,32353087488,8589930496,2762985472,0
