Delta,Time,CORE0_ENERGY (J),CORE0_FREQ (MHZ),CORE0_PSTATE,CORE0_VOLT (V),CORE1_ENERGY (J),CORE1_FREQ (MHZ),CORE1_PSTATE,CORE1_VOLT (V),CORE2_ENERGY (J),CORE2_FREQ (MHZ),CORE2_PSTATE,CORE2_VOLT (V),CORE3_ENERGY (J),CORE3_FREQ (MHZ),CORE3_PSTATE,CORE3_VOLT (V),CPU_ENERGY (J),CPU_FREQUENCY_0,CPU_FREQUENCY_1,CPU_FREQUENCY_2,CPU_FREQUENCY_3,CPU_FREQUENCY_4,CPU_FREQUENCY_5,CPU_FREQUENCY_6,CPU_FREQUENCY_7,CPU_USAGE_0,CPU_USAGE_1,CPU_USAGE_2,CPU_USAGE_3,CPU_USAGE_4,CPU_USAGE_5,CPU_USAGE_6,CPU_USAGE_7,TOTAL_MEMORY,TOTAL_SWAP,USED_MEMORY,USED_SWAP
0,1786321433306,1009.8563385009766,300,2,0.74375,905.3587951660156,300,0,0.74375,7656.307022094727,300,0,0.74375,5820.174255371094,300,2,0.74375,30145.145111083984,605,1715,3552,5157,605,605,605,605,0,4,11.111111640930176,0,0,3.846153974533081,3.846153974533081,3.846153974533081,32353087488,8589930496,2740969472,0
200,1786321433306,1009.8566741943359,300,2,0.29374999999999996,905.3590240478516,300,2,0.29374999999999996,7656.310012817383,300,0,0.29374999999999996,5820.174255371094,300,0,0.29374999999999996,30145.145111083984,605,1715,3552,5157,605,605,605,605,0,4,11.111111640930176,0,0,3.846153974533081,3.846153974533081,3.846153974533081,32353087488,8589930496,2740969472,0
199,1786321433507,1010.0674133300781,16066.666666666666,2,0.3062499999999999,905.5045776367188,16066.666666666666,2,0.3062499999999999,7656.465057373047,16066.666666666666,2,0.3062499999999999,5822.06950378418,16066.666666666666,0,0.3062499999999999,30148.753189086914,605,1715,3552,5157,605,605,605,605,5,5,0,76.19047546386719,5,5,5,5,32353087488,8589930496,2983231488,0
199,1786321433707,1010.0745849609375,15533.333333333334,2,0.3125,905.5130767822266,15533.333333333334,2,0.3125,7656.47688293457,15533.333333333334,2,0.3125,5824.837478637695,15533.333333333334,0,0.3125,30152.95442199707,605,1715,3552,5157,605,605,605,605,0,0,0,100,0,0,0,0,32353087488,8589930496,2983231488,0
199,1786321433907,1010.0816802978516,15533.333333333334,2,0.3062499999999999,905.5207672119141,15533.333333333334,2,0.3062499999999999,7656.487396240234,15533.333333333334,2,0.3062499999999999,5827.604766845703,15533.333333333334,0,0.3062499999999999,30157.154022216797,605,1715,3552,5157,605,605,605,605,0,0,0,100,0,0,0,0,32353087488,8589930496,2983231488,0
199,1786321434107,1010.0881195068359,15533.333333333334,2,0.3125,905.5280303955078,15533.333333333334,2,0.3125,7656.496765136719,15533.333333333334,2,0.3125,5830.378387451172,15533.333333333334,0,0.3125,30161.354049682617,605,1715,3552,5157,605,605,605,605,0,0,0,100,0,0,0,0,32353087488,8589930496,2983395328,0
199,1786321434307,1010.0964965820313,15600,2,0.3062499999999999,905.5364074707031,15600,2,0.3062499999999999,7656.506317138672,15600,2,0.3062499999999999,5833.131042480469,15600,0,0.3062499999999999,30165.55355834961,605,1715,3552,5157,605,605,605,605,0,0,5,100,0,0,0,0,32353087488,8589930496,2983395328,0
199,1786321434507,1010.1031341552734,15600,2,0.3062499999999999,905.5462493896484,15600,2,0.3062499999999999,7656.516677856445,15600,2,0.3062499999999999,5835.9000244140625,15600,0,0.3062499999999999,30169.75373840332,605,1715,3552,5157,605,605,605,605,0,0,0,100,0,0,0,0,32353087488,8589930496,2983395328,0
199,1786321434707,1010.1095275878906,15600,2,0.3125,905.5532836914063,15600,2,0.3125,7656.526641845703,15600,2,0.3125,5838.666610717773,15600,0,0.3125,30173.95379638672,605,1715,3552,5157,605,605,605,605,0,0,0,100,0,0,0,0,32353087488,8589930496,2983395328,0
199,1786321434907,1010.1166687011719,15400,0,0.3062499999999999,905.5613403320313,15400,2,0.3062499999999999,7656.53483581543,15400,0,0.3062499999999999,5841.417495727539,15400,0,0.3062499999999999,30178.133422851563,605,1715,3552,5157,605,605,605,605,0,0,0,100,4.761904716491699,0,0,0,32353087488,8589930496,2983395328,0
199,1786321435107,1010.1232757568359,15666.666666666666,0,0.3125,905.5685272216797,15666.666666666666,2,0.3125,7656.541549682617,15666.666666666666,0,0.3125,5844.182601928711,15666.666666666666,0,0.3125,30182.33218383789,605,1715,3552,5157,605,605,605,605,0,0,0,100,0,0,0,0,32353087488,8589930496,2983395328,0
199,1786321435307,1010.130126953125,15533.333333333334,2,0.3062499999999999,905.5757751464844,15533.333333333334,2,0.3062499999999999,7656.55046081543,15533.333333333334,2,0.3062499999999999,5846.955871582031,15533.333333333334,0,0.3062499999999999,30186.532653808594,605,1715,3552,5157,605,605,605,605,0,0,0,100,0,0,0,0,32353087488,8589930496,2983395328,0
199,1786321435507,1010.1396179199219,15466.666666666666,2,0.3125,905.5843811035156,15466.666666666666,2,0.3125,7656.55859375,15466.666666666666,2,0.3125,5849.716995239258,15466.666666666666,0,0.3125,30190.733337402344,605,1715,3552,5157,605,605,605,605,0,0,0,100,0,0,0,0,32353087488,8589930496,2983395328,0
199,1786321435708,1010.1464538574219,15466.666666666666,2,0.3125,905.5916900634766,15466.666666666666,2,0.3125,7656.566452026367,15466.666666666666,2,0.3125,5852.483016967773,15466.666666666666,0,0.3125,30194.93295288086,605,1715,3552,5157,605,605,605,605,0,0,0,100,0,0,0,0,32353087488,8589930496,2983395328,0
199,1786321435908,1010.1529693603516,15533.333333333334,2,0.3125,905.5987396240234,15533.333333333334,2,0.3125,7656.574203491211,15533.333333333334,2,0.3125,5855.250411987305,15533.333333333334,0,0.3125,30199.1329498291,605,1715,3552,5157,605,605,605,605,0,0,0,100,0,0,0,0,32353087488,8589930496,2983395328,0
199,1786321436108,1010.1604766845703,15400,2,0.3125,905.6066589355469,15400,2,0.3125,7656.583389282227,15400,2,0.3125,5858.007476806641,15400,0,0.3125,30203.333465576172,605,1715,3552,5157,605,605,605,605,4.761904716491699,0,4.761904716491699,100,0,0,0,0,32353087488,8589930496,2983395328,0
199,1786321436308,1010.1676177978516,15600,2,0.3125,905.6141204833984,15600,2,0.3125,7656.591781616211,15600,2,0.3125,5860.770614624023,15600,0,0.3125,30207.55352783203,605,1715,3552,5157,605,605,605,605,0,0,0,100,0,0,0,0,32353087488,8589930496,2983395328,0
199,1786321436508,1010.1744537353516,15600,2,0.3062499999999999,905.6214752197266,15600,2,0.3062499999999999,7656.601547241211,15600,2,0.3062499999999999,5863.550689697266,15600,0,0.3062499999999999,30211.753448486328,605,1715,3552,5157,605,605,605,605,0,0,0,100,0,0,0,0,32353087488,8589930496,2983395328,0
199,1786321436708,1010.1822509765625,15533.333333333334,2,0.3125,905.6296234130859,15533.333333333334,2,0.3125,7656.609939575195,15533.333333333334,2,0.3125,5866.309707641602,15533.333333333334,0,0.3125,30215.953704833984,605,1715,3552,5157,605,605,605,605,0,0,0,100,0,0,0,0,32353087488,8589930496,2983395328,0
199,1786321436908,1010.1887817382813,15466.666666666666,2,0.3125,905.6367950439453,15466.666666666666,2,0.3125,7656.620666503906,15466.666666666666,2,0.3125,5869.082580566406,15466.666666666666,0,0.3125,30220.15069580078,605,1715,3552,5157,605,605,605,605,0,0,0,100,0,4.761904716491699,0,0,32353087488,8589930496,2983395328,0
199,1786321437108,1010.1952972412109,15533.333333333334,2,0.3062499999999999,905.6449432373047,15533.333333333334,2,0.3062499999999999,7656.627517700195,15533.333333333334,2,0.3062499999999999,5871.8458251953125,15533.333333333334,0,0.3062499999999999,30224.350341796875,605,1715,3552,5157,605,605,605,605,0,0,0,100,0,0,0,0,32353087488,8589930496,2983395328,0
199,1786321437308,1010.2105712890625,15400,2,0.3125,905.6573486328125,15333.333333333334,2,0.3125,7656.64225769043,15333.333333333334,0,0.3125,5874.583190917969,15333.333333333334,0,0.3125,30228.55108642578,605,1715,3552,5157,605,605,605,605,4.761904716491699,0,0,100,0,0,0,0,32353087488,8589930496,2983395328,0
199,1786321437508,1010.2172546386719,15600,2,0.3062499999999999,905.6648712158203,15600,2,0.3062499999999999,7656.652404785156,15600,0,0.3062499999999999,5877.34880065918,15600,0,0.3062499999999999,30232.74981689453,605,1715,3552,5157,605,605,605,605,0,0,0,100,0,0,0,0,32353087488,8589930496,2983395328,0
199,1786321437708,1010.2472839355469,15933.333333333334,2,0.3062499999999999,905.6732177734375,15933.333333333334,2,0.3062499999999999,7658.558166503906,15933.333333333334,0,0.3062499999999999,5878.1810302734375,15933.333333333334,0,0.3062499999999999,30236.94955444336,605,1715,3552,5157,605,605,605,605,0,0,70,30.000001907348633,0,4.761904716491699,0,0,32353087488,8589930496,2983395328,0
199,1786321437908,1010.2547912597656,15600,2,0.3062499999999999,905.6811981201172,15600,2,0.3062499999999999,7661.312759399414,15600,0,0.3062499999999999,5878.194305419922,15600,2,0.3062499999999999,30241.150390625,605,1715,3552,5157,605,605,605,605,0,0,100,0,0,0,0,0,32353087488,8589930496,2983395328,0
199,1786321438109,1010.2613525390625,15400,2,0.3125,905.6886291503906,15400,2,0.3125,7664.069259643555,15400,0,0.3125,5878.201446533203,15400,2,0.3125,30245.350952148438,605,1715,3552,5157,605,605,605,605,0,0,100,0,0,0,0,0,32353087488,8589930496,2983395328,0
199,1786321438309,1010.2684173583984,15533.333333333334,2,0.3125,905.6971130371094,15533.333333333334,2,0.3125,7666.812911987305,15533.333333333334,0,0.3125,5878.211090087891,15533.333333333334,2,0.3125,30249.550354003906,605,1715,3552,5157,605,605,605,605,0,0,100,0,4.761904716491699,0,0,0,32353087488,8589930496,2983395328,0
199,1786321438509,1010.4045257568359,15733.333333333334,2,0.3062499999999999,905.7057037353516,15733.333333333334,2,0.3062499999999999,7669.42155456543,15733.333333333334,0,0.3062499999999999,5878.222106933594,15733.333333333334,2,0.3062499999999999,30253.750411987305,605,1715,3552,5157,605,605,605,605,5,0,95,4.761904716491699,0,0,0,0,32353087488,8589930496,2983395328,0
199,1786321438709,1010.4111328125,15600,2,0.3125,905.7137145996094,15600,2,0.3125,7672.170822143555,15600,0,0.3125,5878.229721069336,15600,2,0.3125,30257.950759887695,605,1715,3552,5157,605,605,605,605,0,0,100,0,0,0,0,0,32353087488,8589930496,2983395328,0
199,1786321438909,1010.4176025390625,15600,2,0.3125,905.72119140625,15600,2,0.3125,7674.923034667969,15600,0,0.3125,5878.236801147461,15600,2,0.3125,30262.150390625,605,1715,3552,5157,605,605,605,605,0,0,100,0,0,0,0,0,32353087488,8589930496,2983395328,0
199,1786321439109,1010.4251556396484,15600,2,0.3125,905.7293090820313,15600,2,0.3125,7677.678512573242,15600,0,0.3125,5878.245712280273,15600,2,0.3125,30266.37159729004,605,1715,3552,5157,605,605,605,605,0,0,100,0,0,0,0,0,32353087488,8589930496,2983395328,0
199,1786321439309,1010.4322052001953,15600,2,0.3125,905.7368774414063,15600,2,0.3125,7680.421951293945,15600,0,0.3125,5878.255432128906,15600,2,0.3125,30270.57145690918,605,1715,3552,5157,605,605,605,605,0,0,100,0,0,0,0,0,32353087488,8589930496,2983395328,0
199,1786321439509,1010.4389343261719,15533.333333333334,2,0.3125,905.7445831298828,15533.333333333334,2,0.3125,7683.171859741211,15533.333333333334,0,0.3125,5878.2655029296875,15533.333333333334,2,0.3125,30274.771850585938,605,1715,3552,5157,605,605,605,605,0,0,100,0,0,0,0,0,32353087488,8589930496,2983395328,0
199,1786321439709,1010.4458923339844,15333.333333333334,2,0.31874999999999987,905.7545471191406,15333.333333333334,2,0.31874999999999987,7685.915328979492,15333.333333333334,0,0.31874999999999987,5878.273666381836,15333.333333333334,0,0.31874999999999987,30278.972686767578,605,1715,3552,5157,605,605,605,605,0,0,100,0,0,0,0,0,32353087488,8589930496,2983395328,0
199,1786321439909,1010.4525604248047,15600,2,0.3125,905.7620391845703,15600,2,0.3125,7688.658462524414,15600,0,0.3125,5878.282424926758,15533.333333333334,0,0.3125,30283.171493530273,605,1715,3552,5157,605,605,605,605,0,0,100,0,0,0,0,0,32353087488,8589930496,2983395328,0
199,1786321440109,1010.4592132568359,15266.666666666666,0,0.31874999999999987,905.7704467773438,15266.666666666666,2,0.31874999999999987,7691.3924560546875,15266.666666666666,0,0.31874999999999987,5878.293762207031,15266.666666666666,0,0.31874999999999987,30287.351852416992,605,1715,3552,5157,605,605,605,605,0,0,100,4.761904716491699,0,0,0,0,32353087488,8589930496,2983395328,0
199,1786321440309,1010.4669036865234,15600,2,0.3125,905.779296875,15600,2,0.3125,7694.13102722168,15600,0,0.3125,5878.305114746094,15600,0,0.3125,30291.5506439209,605,1715,3552,5157,605,605,605,605,0,0,100,0,0,0,0,0,32353087488,8589930496,2983395328,0
199,1786321440510,1010.4736175537109,15466.666666666666,2,0.3125,905.786865234375,15466.666666666666,2,0.3125,7696.8778076171875,15466.666666666666,0,0.3125,5878.312255859375,15466.666666666666,2,0.3125,30295.750869750977,605,1715,3552,5157,605,605,605,605,0,0,100,0,0,0,0,0,32353087488,8589930496,2983395328,0
199,1786321440710,1010.4805450439453,15600,2,0.3062499999999999,905.7945709228516,15600,2,0.3062499999999999,7699.625274658203,15600,0,0.3062499999999999,5878.321884155273,15600,2,0.3062499999999999,30299.950286865234,605,1715,3552,5157,605,605,605,605,0,0,100,0,0,0,0,0,32353087488,8589930496,2983395328,0
199,1786321440910,1010.4871368408203,13133.333333333334,2,0.38749999999999996,905.8020629882813,13133.333333333334,2,0.38749999999999996,7702.178894042969,13133.333333333334,0,0.38749999999999996,5878.330169677734,13133.333333333334,2,0.38749999999999996,30303.865005493164,605,1715,3552,5157,605,605,605,605,0,0,100,0,0,0,0,0,32353087488,8589930496,2983395328,0
199,1786321441110,1010.4906616210938,12933.333333333334,2,0.39375000000000004,905.808837890625,12933.333333333334,2,0.39375000000000004,7704.470733642578,12933.333333333334,0,0.39375000000000004,5878.337905883789,12933.333333333334,2,0.39375000000000004,30307.36882019043,605,1715,3552,5157,605,605,605,605,0,0,100,0,0,0,0,0,32353087488,8589930496,2983395328,0
199,1786321441310,1010.4981079101563,13400,2,0.3812500000000001,905.8208312988281,13400,2,0.3812500000000001,7706.718521118164,13400,0,0.3812500000000001,5878.352752685547,13400,2,0.3812500000000001,30310.84750366211,605,1715,3552,5157,605,605,605,605,0,0,100,0,0,0,0,0,32353087488,8589930496,2983395328,0
199,1786321441510,1010.5029602050781,12600,2,0.40625,905.8276824951172,12600,2,0.40625,7709.0045166015625,12600,0,0.40625,5878.361404418945,12600,2,0.40625,30314.320434570313,605,1715,3552,5157,605,605,605,605,0,0,75,0,5,0,25,0,32353087488,8589930496,2983395328,0
199,1786321441710,1010.5064239501953,12800,2,0.3999999999999999,905.8335418701172,12800,2,0.3999999999999999,7711.247955322266,12800,0,0.3999999999999999,5878.369384765625,12800,2,0.3999999999999999,30317.75325012207,605,1715,3552,5157,605,605,605,605,0,0,0,0,0,0,100,0,32353087488,8589930496,2983395328,0
199,1786321441910,1010.5098876953125,12733.333333333332,2,0.3999999999999999,905.8385162353516,12733.333333333332,2,0.3999999999999999,7713.489151000977,12733.333333333332,0,0.3999999999999999,5878.375900268555,12733.333333333332,2,0.3999999999999999,30321.181228637695,605,1715,3552,5157,605,605,605,605,0,0,0,0,0,0,100,0,32353087488,8589930496,2983395328,0
199,1786321442110,1010.5150451660156,12666.666666666668,2,0.3999999999999999,905.8435363769531,12666.666666666668,2,0.3999999999999999,7715.720031738281,12666.666666666668,0,0.3999999999999999,5878.385482788086,12666.666666666668,0,0.3999999999999999,30324.603973388672,605,1715,3552,5157,605,605,605,605,0,0,0,0,0,0,100,0,32353087488,8589930496,2983395328,0
199,1786321442310,1010.5193481445313,12733.333333333332,0,0.3999999999999999,905.8483581542969,12733.333333333332,2,0.3999999999999999,7717.954177856445,12733.333333333332,0,0.3999999999999999,5878.392059326172,12733.333333333332,2,0.3999999999999999,30328.01515197754,605,1715,3552,5157,605,605,605,605,0,0,0,0,0,0,100,0,32353087488,8589930496,2983395328,0
199,1786321442510,1010.5229339599609,12800,2,0.40625,905.8538055419922,12733.333333333332,2,0.40625,7720.194580078125,12733.333333333332,0,0.40625,5878.399276733398,12733.333333333332,0,0.40625,30331.4259185791,605,1715,3552,5157,605,605,605,605,0,0,0,0,0,0,100,0,32353087488,8589930496,2983395328,0
199,1786321442711,1010.5270538330078,12533.333333333332,2,0.40625,905.8594818115234,12533.333333333332,2,0.40625,7722.419784545898,12533.333333333332,0,0.40625,5878.407806396484,12533.333333333332,0,0.40625,30334.840270996094,605,1715,3552,5157,605,605,605,605,0,4.761904716491699,0,0,0,0,100,0,32353087488,8589930496,2983395328,0
199,1786321442911,1010.5304718017578,12733.333333333332,2,0.40625,905.864013671875,12733.333333333332,2,0.40625,7724.647979736328,12733.333333333332,0,0.40625,5878.416046142578,12733.333333333332,2,0.40625,30338.23927307129,605,1715,3552,5157,605,605,605,605,0,0,0,0,0,0,100,0,32353087488,8589930496,2983395328,0
199,1786321443111,1010.5338439941406,12666.666666666668,2,0.3999999999999999,905.8692016601563,12666.666666666668,2,0.3999999999999999,7726.884078979492,12666.666666666668,0,0.3999999999999999,5878.422897338867,12666.666666666668,2,0.3999999999999999,30341.645904541016,605,1715,3552,5157,605,605,605,605,0,0,0,4.761904716491699,0,0,100,0,32353087488,8589930496,2983395328,0
199,1786321443311,1010.5386199951172,12400,2,0.40625,905.8745880126953,12400,2,0.40625,7729.107208251953,12400,0,0.40625,5878.431930541992,12400,2,0.40625,30345.054229736328,605,1715,3552,5157,605,605,605,605,0,0,0,4.761904716491699,0,0,100,0,32353087488,8589930496,2983395328,0
199,1786321443511,1010.5423431396484,12666.666666666668,2,0.3999999999999999,905.8790588378906,12666.666666666668,2,0.3999999999999999,7731.33430480957,12666.666666666668,0,0.3999999999999999,5878.437942504883,12666.666666666668,2,0.3999999999999999,30348.44873046875,605,1715,3552,5157,605,605,605,605,0,0,0,0,0,0,100,0,32353087488,8589930496,2983395328,0
199,1786321443711,1010.5457305908203,12600,2,0.3999999999999999,905.8837890625,12600,2,0.3999999999999999,7733.561798095703,12600,0,0.3999999999999999,5878.444976806641,12600,2,0.3999999999999999,30351.849319458008,605,1715,3552,5157,605,605,605,605,0,0,0,0,0,0,100,0,32353087488,8589930496,2983395328,0
199,1786321443911,1010.5496978759766,12533.333333333332,2,0.40625,905.8903198242188,12533.333333333332,2,0.40625,7735.791122436523,12533.333333333332,0,0.40625,5878.452621459961,12533.333333333332,2,0.40625,30355.269149780273,605,1715,3552,5157,605,605,605,605,0,0,0,0,0,0,100,0,32353087488,8589930496,2983395328,0
199,1786321444111,1010.5530395507813,12466.666666666668,2,0.40625,905.8950042724609,12466.666666666668,2,0.40625,7738.019424438477,12466.666666666668,0,0.40625,5878.459655761719,12466.666666666668,2,0.40625,30358.670318603516,605,1715,3552,5157,605,605,605,605,0,0,0,0,0,0,100,0,32353087488,8589930496,2983395328,0
199,1786321444311,1010.5564117431641,12600,2,0.40625,905.9000701904297,12600,2,0.40625,7740.242691040039,12600,0,0.40625,5878.467742919922,12600,2,0.40625,30362.06642150879,605,1715,3552,5157,605,605,605,605,0,0,0,0,0,0,100,0,32353087488,8589930496,2983395328,0
199,1786321444511,1010.5597991943359,12600,2,0.40625,905.9048004150391,12600,2,0.40625,7742.467575073242,12600,0,0.40625,5878.47688293457,12600,2,0.40625,30365.4666595459,605,1715,3552,5157,605,605,605,605,0,0,0,0,0,0,100,0,32353087488,8589930496,2983395328,0
199,1786321444711,1010.5631103515625,12600,2,0.3999999999999999,905.9102935791016,12600,2,0.3999999999999999,7744.698257446289,12600,0,0.3999999999999999,5878.485198974609,12600,2,0.3999999999999999,30368.864669799805,605,1715,3552,5157,605,605,605,605,0,0,0,0,0,0,100,0,32353087488,8589930496,2983395328,0
199,1786321444911,1010.5664520263672,12600,2,0.3999999999999999,905.9153594970703,12600,2,0.3999999999999999,7746.923614501953,12600,0,0.3999999999999999,5878.493835449219,12600,0,0.3999999999999999,30372.264709472656,605,1715,3552,5157,605,605,605,605,0,0,0,0,0,0,100,0,32353087488,8589930496,2983395328,0
199,1786321445112,1010.5704040527344,12533.333333333332,2,0.40625,905.9210815429688,12533.333333333332,2,0.40625,7749.139144897461,12533.333333333332,0,0.40625,5878.502044677734,12533.333333333332,0,0.40625,30375.664352416992,605,1715,3552,5157,605,605,605,605,0,0,0,0,0,0,100,0,32353087488,8589930496,2983395328,0
199,1786321445312,1010.5743255615234,12400,2,0.4125000000000001,905.9295349121094,12400,2,0.4125000000000001,7751.340621948242,12400,0,0.4125000000000001,5878.519317626953,12400,0,0.4125000000000001,30379.05076599121,605,1715,3552,5157,605,605,605,605,0,0,0,0,0,0,100,0,32353087488,8589930496,2983395328,0
199,1786321445512,1010.5777130126953,12600,2,0.40625,905.9344482421875,12600,2,0.40625,7753.558013916016,12600,0,0.40625,5878.527526855469,12600,2,0.40625,30382.4453125,605,1715,3552,5157,605,605,605,605,0,0,0,0,0,0,100,0,32353087488,8589930496,2983395328,0
199,1786321445712,1010.7442169189453,13600,2,0.375,905.94140625,13600,2,0.375,7755.596939086914,13600,0,0.375,5878.533996582031,13600,2,0.375,30385.81948852539,605,1715,3552,5157,605,605,605,605,9.523809432983398,0,90,0,0,0,0,0,32353087488,8589930496,2983395328,0
199,1786321445912,1010.7478485107422,12866.666666666666,2,0.3999999999999999,905.9487609863281,12866.666666666666,2,0.3999999999999999,7757.831253051758,12866.666666666666,0,0.3999999999999999,5878.5426025390625,12866.666666666666,2,0.3999999999999999,30389.24005126953,605,1715,3552,5157,605,605,605,605,0,0,100,0,0,0,0,0,32353087488,8589930496,2983395328,0
199,1786321446112,1010.7511901855469,12733.333333333332,2,0.3999999999999999,905.9555511474609,12733.333333333332,2,0.3999999999999999,7760.054122924805,12733.333333333332,0,0.3999999999999999,5878.549240112305,12733.333333333332,2,0.3999999999999999,30392.641204833984,605,1715,3552,5157,605,605,605,605,0,0,100,0,0,0,0,0,32353087488,8589930496,2983395328,0
199,1786321446312,1010.7545166015625,12600,2,0.3999999999999999,905.9622192382813,12600,2,0.3999999999999999,7762.276519775391,12600,0,0.3999999999999999,5878.556335449219,12600,2,0.3999999999999999,30396.04476928711,605,1715,3552,5157,605,605,605,605,0,0,100,0,0,0,0,0,32353087488,8589930496,2983395328,0
199,1786321446512,1010.7579803466797,12666.666666666668,2,0.3999999999999999,905.9685516357422,12666.666666666668,2,0.3999999999999999,7764.497817993164,12666.666666666668,0,0.3999999999999999,5878.564529418945,12666.666666666668,2,0.3999999999999999,30399.440887451172,605,1715,3552,5157,605,605,605,605,0,0,100,0,0,0,0,0,32353087488,8589930496,2983395328,0
199,1786321446712,1010.7614288330078,12600,2,0.3999999999999999,905.9742584228516,12600,2,0.3999999999999999,7766.719085693359,12600,0,0.3999999999999999,5878.571914672852,12600,2,0.3999999999999999,30402.85823059082,605,1715,3552,5157,605,605,605,605,0,0,100,0,0,0,0,0,32353087488,8589930496,2983395328,0
199,1786321446912,1010.7648468017578,12800,2,0.3999999999999999,905.9811096191406,12800,2,0.3999999999999999,7768.94596862793,12800,0,0.3999999999999999,5878.579116821289,12800,2,0.3999999999999999,30406.252700805664,605,1715,3552,5157,605,605,605,605,0,0,100,0,0,0,0,0,32353087488,8589930496,2983395328,0
199,1786321447112,1010.7682037353516,12666.666666666668,2,0.3999999999999999,905.9875335693359,12666.666666666668,2,0.3999999999999999,7771.1710205078125,12666.666666666668,0,0.3999999999999999,5878.585632324219,12666.666666666668,2,0.3999999999999999,30409.65399169922,605,1715,3552,5157,605,605,605,605,0,0,100,4.761904716491699,0,0,0,0,32353087488,8589930496,2983395328,0
199,1786321447312,1010.7726898193359,12533.333333333332,2,0.40625,905.9930419921875,12466.666666666668,2,0.40625,7773.358749389648,12466.666666666668,0,0.40625,5878.639511108398,12466.666666666668,2,0.40625,30413.056259155273,605,1715,3552,5157,605,605,605,605,0,0,100,5,0,4.761904716491699,0,0,32353087488,8589930496,2983395328,0
199,1786321447513,1010.7761383056641,12666.666666666668,2,0.3999999999999999,905.9991149902344,12600,2,0.3999999999999999,7775.576095581055,12600,0,0.3999999999999999,5878.646820068359,12600,0,0.3999999999999999,30416.451461791992,605,1715,3552,5157,605,605,605,605,0,0,100,0,0,0,0,0,32353087488,8589930496,2983395328,0
199,1786321447713,1010.7795715332031,12600,2,0.40625,906.0048370361328,12533.333333333332,0,0.3999999999999999,7777.796142578125,12533.333333333332,0,0.3999999999999999,5878.654983520508,12533.333333333332,0,0.3999999999999999,30419.851776123047,605,1715,3552,5157,605,605,605,605,0,0,100,0,0,0,0,0,32353087488,8589930496,2983395328,0
199,1786321447913,1010.7829284667969,12666.666666666668,2,0.3999999999999999,906.0108642578125,12666.666666666668,2,0.3999999999999999,7780.013946533203,12666.666666666668,0,0.3999999999999999,5878.661514282227,12666.666666666668,0,0.3999999999999999,30423.248306274414,605,1715,3552,5157,605,605,605,605,0,0,100,0,0,0,0,0,32353087488,8589930496,2983395328,0
199,1786321448113,1010.7861938476563,12600,2,0.3999999999999999,906.0164794921875,12600,2,0.3999999999999999,7782.232635498047,12600,0,0.3999999999999999,5878.668045043945,12600,2,0.3999999999999999,30426.648559570313,605,1715,3552,5157,605,605,605,605,0,0,100,0,0,0,0,0,32353087488,8589930496,2983395328,0
199,1786321448313,1010.7899169921875,12600,2,0.40625,906.0225372314453,12600,2,0.40625,7784.450759887695,12600,0,0.40625,5878.675582885742,12600,2,0.40625,30430.049255371094,605,1715,3552,5157,605,605,605,605,0,0,100,0,4.761904716491699,0,0,0,32353087488,8589930496,2983395328,0
199,1786321448513,1010.8078765869141,12600,2,0.3999999999999999,906.0434875488281,12600,2,0.3999999999999999,7786.632965087891,12600,0,0.3999999999999999,5878.686447143555,12600,2,0.3999999999999999,30433.44467163086,605,1715,3552,5157,605,605,605,605,0,0,100,0,0,0,0,0,32353087488,8589930496,2983378944,0
199,1786321448713,1010.8114471435547,12600,2,0.40625,906.0496520996094,12600,2,0.40625,7788.851303100586,12600,0,0.40625,5878.693496704102,12600,2,0.40625,30436.845474243164,605,1715,3552,5157,605,605,605,605,0,0,100,0,0,0,0,0,32353087488,8589930496,2983378944,0
199,1786321448913,1010.8147277832031,12533.333333333332,2,0.40625,906.0557403564453,12533.333333333332,2,0.40625,7791.070388793945,12533.333333333332,0,0.40625,5878.700088500977,12533.333333333332,2,0.40625,30440.245529174805,605,1715,3552,5157,605,605,605,605,0,0,100,0,0,0,0,0,32353087488,8589930496,2983378944,0
199,1786321449113,1010.8182220458984,12733.333333333332,2,0.3999999999999999,906.0617523193359,12733.333333333332,2,0.3999999999999999,7793.291320800781,12733.333333333332,0,0.3999999999999999,5878.707107543945,12733.333333333332,2,0.3999999999999999,30443.63983154297,605,1715,3552,5157,605,605,605,605,0,0,100,0,0,0,0,0,32353087488,8589930496,2983378944,0
199,1786321449313,1010.8220520019531,12733.333333333332,2,0.3999999999999999,906.0682373046875,12733.333333333332,2,0.3999999999999999,7795.517028808594,12733.333333333332,0,0.3999999999999999,5878.715347290039,12733.333333333332,2,0.3999999999999999,30447.05647277832,605,1715,3552,5157,605,605,605,605,0,0,100,0,4.761904716491699,0,0,0,32353087488,8589930496,2983378944,0
199,1786321449513,1010.8254852294922,12600,2,0.3999999999999999,906.0749206542969,12600,2,0.3999999999999999,7797.739074707031,12600,0,0.3999999999999999,5878.723419189453,12600,2,0.3999999999999999,30450.4599609375,605,1715,3552,5157,605,605,605,605,0,0,100,4.761904716491699,0,0,0,0,32353087488,8589930496,2983378944,0
199,1786321449713,1010.8290252685547,12600,2,0.3999999999999999,906.0799255371094,12600,2,0.3999999999999999,7799.9493408203125,12600,0,0.3999999999999999,5878.732345581055,12600,2,0.3999999999999999,30453.857986450195,605,1715,3552,5157,605,605,605,605,0,0,100,0,0,0,0,0,32353087488,8589930496,2983378944,0
199,1786321449914,1010.8324890136719,12600,2,0.3999999999999999,906.0857238769531,12600,2,0.3999999999999999,7802.170959472656,12600,0,0.3999999999999999,5878.739044189453,12600,2,0.3999999999999999,30457.257217407227,605,1715,3552,5157,605,605,605,605,0,0,100,0,0,0,0,0,32353087488,8589930496,2983378944,0
199,1786321450114,1010.8360443115234,12533.333333333332,0,0.40625,906.0905609130859,12533.333333333332,0,0.40625,7804.384124755859,12533.333333333332,0,0.40625,5878.746551513672,12533.333333333332,0,0.40625,30460.65740966797,605,1715,3552,5157,605,605,605,605,0,0,100,0,0,0,0,0,32353087488,8589930496,2983378944,0
199,1786321450314,1010.8404388427734,12600,0,0.40625,906.0953216552734,12600,0,0.40625,7806.599853515625,12600,0,0.40625,5878.754180908203,12600,2,0.40625,30464.055084228516,605,1715,3552,5157,605,605,605,605,0,0,100,0,0,0,0,0,32353087488,8589930496,2983362560,0
199,1786321450514,1010.8438568115234,12533.333333333332,2,0.40625,906.1003112792969,12533.333333333332,2,0.40625,7808.818161010742,12533.333333333332,0,0.40625,5878.760955810547,12533.333333333332,0,0.40625,30467.45425415039,605,1715,3552,5157,605,605,605,605,0,0,100,0,0,0,0,0,32353087488,8589930496,2983362560,0
199,1786321450714,1010.8470916748047,12533.333333333332,2,0.40625,906.1048736572266,12533.333333333332,2,0.40625,7811.03401184082,12533.333333333332,0,0.40625,5878.769683837891,12533.333333333332,2,0.40625,30470.852752685547,605,1715,3552,5157,605,605,605,605,0,0,100,0,0,0,0,0,32353087488,8589930496,2983362560,0
199,1786321450914,1010.8503723144531,12533.333333333332,2,0.40625,906.1098937988281,12533.333333333332,2,0.40625,7813.251266479492,12533.333333333332,0,0.40625,5878.776931762695,12533.333333333332,2,0.40625,30474.253662109375,605,1715,3552,5157,605,605,605,605,0,0,100,0,0,0,0,0,32353087488,8589930496,2983362560,0
199,1786321451114,1010.8536224365234,12600,2,0.3999999999999999,906.1146392822266,12600,2,0.3999999999999999,7815.465728759766,12600,0,0.3999999999999999,5878.783416748047,12600,2,0.3999999999999999,30477.648681640625,605,1715,3552,5157,605,605,605,605,0,0,100,0,0,0,0,0,32353087488,8589930496,2983362560,0
199,1786321451314,1010.8571929931641,12533.333333333332,2,0.40625,906.1194000244141,12533.333333333332,2,0.40625,7817.682052612305,12533.333333333332,0,0.40625,5878.790023803711,12533.333333333332,2,0.40625,30481.050888061523,605,1715,3552,5157,605,605,605,605,0,0,100,0,0,0,0,0,32353087488,8589930496,2983362560,0
199,1786321451514,1010.8605041503906,12533.333333333332,2,0.40625,906.1243896484375,12533.333333333332,2,0.40625,7819.896148681641,12533.333333333332,0,0.40625,5878.797012329102,12533.333333333332,2,0.40625,30484.44807434082,605,1715,3552,5157,605,605,605,605,0,0,100,0,0,0,0,4.761904716491699,32353087488,8589930496,2983362560,0
199,1786321451714,1010.8639221191406,12600,2,0.3999999999999999,906.1302642822266,12600,2,0.3999999999999999,7822.114700317383,12600,0,0.3999999999999999,5878.803924560547,12600,2,0.3999999999999999,30487.846878051758,605,1715,3552,5157,605,605,605,605,0,0,100,0,0,0,0,0,32353087488,8589930496,2983362560,0
199,1786321451914,1010.8672790527344,12533.333333333332,2,0.4125000000000001,906.1354675292969,12533.333333333332,2,0.4125000000000001,7824.344528198242,12533.333333333332,0,0.4125000000000001,5878.812683105469,12533.333333333332,2,0.4125000000000001,30491.263717651367,605,1715,3552,5157,605,605,605,605,0,0,90,0,0,4.761904716491699,14.285715103149414,0,32353087488,8589930496,2983362560,0
199,1786321452114,1010.8705902099609,12200,2,0.4125000000000001,906.1401977539063,12200,2,0.4125000000000001,7826.567642211914,12200,0,0.4125000000000001,5878.818878173828,12200,2,0.4125000000000001,30494.67073059082,605,1715,3552,5157,605,605,605,605,0,0,0,4.761904716491699,0,0,100,0,32353087488,8589930496,2983362560,0
199,1786321452315,1010.8740234375,12466.666666666668,2,0.40625,906.1446838378906,12466.666666666668,2,0.40625,7828.777770996094,12466.666666666668,0,0.40625,5878.826400756836,12466.666666666668,2,0.40625,30498.062408447266,605,1715,3552,5157,605,605,605,605,0,0,0,0,0,0,100,0,32353087488,8589930496,2983362560,0
199,1786321452515,1010.8774261474609,12533.333333333332,2,0.4125000000000001,906.1493988037109,12533.333333333332,2,0.4125000000000001,7830.998306274414,12533.333333333332,0,0.4125000000000001,5878.834533691406,12533.333333333332,2,0.40625,30501.459350585938,605,1715,3552,5157,605,605,605,605,0,0,0,0,0,0,100,0,32353087488,8589930496,2983362560,0
199,1786321452715,1010.8807830810547,12533.333333333332,2,0.40625,906.1544799804688,12533.333333333332,0,0.40625,7833.2183837890625,12533.333333333332,0,0.40625,5878.84309387207,12533.333333333332,0,0.40625,30504.85888671875,605,1715,3552,5157,605,605,605,605,0,0,0,0,0,0,100,0,32353087488,8589930496,2983362560,0
199,1786321452915,1010.8840942382813,12533.333333333332,2,0.40625,906.1596984863281,12533.333333333332,0,0.40625,7835.436828613281,12533.333333333332,0,0.40625,5878.849639892578,12533.333333333332,0,0.40625,30508.256622314453,605,1715,3552,5157,605,605,605,605,0,0,0,0,0,0,100,0,32353087488,8589930496,2983362560,0
199,1786321453115,1010.8873291015625,12533.333333333332,2,0.40625,906.1652221679688,12533.333333333332,2,0.40625,7837.658264160156,12533.333333333332,0,0.40625,5878.856094360352,12533.333333333332,0,0.40625,30511.656158447266,605,1715,3552,5157,605,605,605,605,0,0,0,0,0,0,100,0,32353087488,8589930496,2983362560,0
199,1786321453315,1010.8913879394531,12466.666666666668,2,0.40625,906.1839141845703,12466.666666666668,2,0.40625,7839.8472900390625,12466.666666666668,0,0.40625,5878.868515014648,12466.666666666668,2,0.40625,30515.040557861328,605,1715,3552,5157,605,605,605,605,0,5,0,0,0,0,100,0,32353087488,8589930496,2983362560,0
199,1786321453515,1010.8951416015625,13533.333333333334,2,0.375,906.1901397705078,13533.333333333334,2,0.375,7842.05712890625,13533.333333333334,0,0.375,5878.877365112305,13533.333333333334,2,0.375,30518.411590576172,605,1715,3552,5157,605,605,605,605,0,0,0,0,0,0,100,0,32353087488,8589930496,2983362560,0
199,1786321453715,1010.8988189697266,12466.666666666668,2,0.40625,906.196044921875,12466.666666666668,2,0.40625,7844.294967651367,12466.666666666668,0,0.40625,5878.889144897461,12466.666666666668,2,0.40625,30521.840713500977,605,1715,3552,5157,605,605,605,605,0,0,0,0,0,0,100,0,32353087488,8589930496,2983362560,0
199,1786321453915,1010.904296875,12533.333333333332,2,0.40625,906.2007751464844,12533.333333333332,2,0.40625,7846.504425048828,12533.333333333332,0,0.40625,5878.895553588867,12533.333333333332,2,0.40625,30525.23597717285,605,1715,3552,5157,605,605,605,605,0,0,0,0,0,0,100,0,32353087488,8589930496,2983362560,0
199,1786321454115,1011.0856323242188,12333.333333333332,2,0.40625,906.3476409912109,12333.333333333332,2,0.40625,7846.804458618164,12333.333333333332,2,0.40625,5880.555953979492,12333.333333333332,0,0.40625,30528.66423034668,605,1715,3552,5157,605,605,605,605,9.523809432983398,0,10,73.68421173095703,0,0,10,0,32353087488,8589930496,2990465024,0
199,1786321454315,1011.0897369384766,12533.333333333332,2,0.3999999999999999,906.3511962890625,12533.333333333332,2,0.3999999999999999,7846.812255859375,12533.333333333332,2,0.3999999999999999,5882.789047241211,12533.333333333332,0,0.3999999999999999,30532.0694732666,605,1715,3552,5157,605,605,605,605,0,0,0,100,0,0,0,0,32353087488,8589930496,2990522368,0
199,1786321454516,1011.0938873291016,12533.333333333332,2,0.3999999999999999,906.3547515869141,12533.333333333332,2,0.3999999999999999,7846.821319580078,12533.333333333332,2,0.3999999999999999,5885.017135620117,12533.333333333332,0,0.3999999999999999,30535.465133666992,605,1715,3552,5157,605,605,605,605,0,0,0,100,0,0,0,0,32353087488,8589930496,2990522368,0
199,1786321454716,1011.0978698730469,12400,2,0.40625,906.3580017089844,12400,2,0.40625,7846.8302001953125,12400,2,0.40625,5887.245391845703,12400,0,0.40625,30538.866256713867,605,1715,3552,5157,605,605,605,605,0,0,0,100,0,0,0,0,32353087488,8589930496,2990522368,0
199,1786321454916,1011.1017913818359,12266.666666666668,2,0.4125000000000001,906.3612518310547,12266.666666666668,2,0.4125000000000001,7846.837814331055,12266.666666666668,2,0.4125000000000001,5889.475677490234,12266.666666666668,0,0.4125000000000001,30542.266204833984,605,1715,3552,5157,605,605,605,605,0,4.761904716491699,0,100,0,0,0,0,32353087488,8589930496,2990522368,0
199,1786321455116,1011.1057891845703,12466.666666666668,2,0.40625,906.3644714355469,12466.666666666668,2,0.40625,7846.845443725586,12466.666666666668,2,0.40625,5891.70378112793,12466.666666666668,0,0.40625,30545.65882873535,605,1715,3552,5157,605,605,605,605,0,0,0,100,0,0,0,0,32353087488,8589930496,2990522368,0
199,1786321455316,1011.1104583740234,12533.333333333332,2,0.40625,906.3683319091797,12533.333333333332,0,0.40625,7846.852142333984,12533.333333333332,0,0.40625,5893.936813354492,12533.333333333332,0,0.40625,30549.057022094727,605,1715,3552,5157,605,605,605,605,0,0,0,100,0,0,0,0,32353087488,8589930496,2990522368,0
199,1786321455516,1011.1153869628906,12866.666666666666,2,0.39375000000000004,906.372802734375,12866.666666666666,2,0.39375000000000004,7846.858963012695,12866.666666666666,0,0.39375000000000004,5896.179870605469,12866.666666666666,0,0.39375000000000004,30552.446548461914,605,1715,3552,5157,605,605,605,605,0,0,0,100,0,0,0,0,32353087488,8589930496,2990522368,0
199,1786321455716,1011.1193389892578,12533.333333333332,2,0.3999999999999999,906.3760070800781,12533.333333333332,2,0.3999999999999999,7846.865417480469,12533.333333333332,2,0.3999999999999999,5898.4144287109375,12533.333333333332,0,0.3999999999999999,30555.855712890625,605,1715,3552,5157,605,605,605,605,0,0,0,100,0,0,0,0,32353087488,8589930496,2990522368,0
199,1786321455916,1011.123291015625,12533.333333333332,2,0.40625,906.3792266845703,12533.333333333332,2,0.40625,7846.873748779297,12533.333333333332,2,0.40625,5900.639617919922,12533.333333333332,0,0.40625,30559.2529296875,605,1715,3552,5157,605,605,605,605,0,0,0,100,0,0,0,0,32353087488,8589930496,2990522368,0
199,1786321456116,1011.1279449462891,12466.666666666668,2,0.40625,906.3826904296875,12466.666666666668,2,0.40625,7846.880615234375,12466.666666666668,2,0.40625,5902.865280151367,12466.666666666668,0,0.40625,30562.651809692383,605,1715,3552,5157,605,605,605,605,0,0,0,100,0,0,0,0,32353087488,8589930496,2990522368,0
199,1786321456316,1011.1320190429688,12466.666666666668,2,0.40625,906.3858947753906,12466.666666666668,2,0.40625,7846.889007568359,12466.666666666668,2,0.40625,5905.086578369141,12466.666666666668,0,0.40625,30566.050888061523,605,1715,3552,5157,605,605,605,605,0,0,0,100,0,0,0,0,32353087488,8589930496,2990522368,0
199,1786321456516,1011.135986328125,12466.666666666668,2,0.40625,906.3892517089844,12466.666666666668,2,0.40625,7846.895965576172,12466.666666666668,2,0.40625,5907.311370849609,12466.666666666668,0,0.40625,30569.44856262207,605,1715,3552,5157,605,605,605,605,0,0,0,100,0,0,0,0,32353087488,8589930496,2990522368,0
199,1786321456716,1011.1399688720703,12466.666666666668,2,0.40625,906.3924713134766,12466.666666666668,2,0.40625,7846.902847290039,12466.666666666668,2,0.40625,5909.537384033203,12466.666666666668,0,0.40625,30572.847930908203,605,1715,3552,5157,605,605,605,605,0,0,0,100,0,0,0,0,32353087488,8589930496,2990522368,0
199,1786321456917,1011.1439819335938,12466.666666666668,2,0.40625,906.3956909179688,12466.666666666668,2,0.40625,7846.90983581543,12466.666666666668,2,0.40625,5911.767776489258,12466.666666666668,0,0.40625,30576.261505126953,605,1715,3552,5157,605,605,605,605,0,0,0,100,0,0,0,0,32353087488,8589930496,2990522368,0
199,1786321457117,1011.1482391357422,12466.666666666668,2,0.40625,906.3991546630859,12466.666666666668,2,0.40625,7846.916595458984,12466.666666666668,2,0.40625,5913.987869262695,12466.666666666668,0,0.40625,30579.65965270996,605,1715,3552,5157,605,605,605,605,0,0,4.761904716491699,100,0,0,0,0,32353087488,8589930496,2990522368,0
199,1786321457317,1011.2267456054688,12600,2,0.40625,906.4103393554688,12600,2,0.40625,7847.0914306640625,12600,0,0.40625,5915.940032958984,12600,2,0.40625,30583.056549072266,605,1715,3552,5157,605,605,605,605,5,0,10,90,0,0,0,0,32353087488,8589930496,2991026176,0
199,1786321457517,1011.2309265136719,12533.333333333332,2,0.40625,906.4156036376953,12533.333333333332,2,0.40625,7849.30110168457,12533.333333333332,0,0.40625,5915.948776245117,12533.333333333332,2,0.40625,30586.457138061523,605,1715,3552,5157,605,605,605,605,0,0,100,0,0,0,0,0,32353087488,8589930496,2991026176,0
199,1786321457717,1011.2351531982422,12400,2,0.40625,906.4212188720703,12400,2,0.40625,7851.511734008789,12400,0,0.40625,5915.95539855957,12400,0,0.40625,30589.857971191406,605,1715,3552,5157,605,605,605,605,0,0,100,0,0,0,0,4.761904716491699,32353087488,8589930496,2991026176,0
199,1786321457917,1011.2392120361328,12466.666666666668,2,0.4125000000000001,906.4269256591797,12466.666666666668,0,0.4125000000000001,7853.71907043457,12466.666666666668,0,0.4125000000000001,5915.9644775390625,12466.666666666668,0,0.4125000000000001,30593.2550201416,605,1715,3552,5157,605,605,605,605,0,0,100,0,0,0,0,0,32353087488,8589930496,2991026176,0
199,1786321458117,1011.2435455322266,12466.666666666668,2,0.40625,906.4330139160156,12466.666666666668,2,0.40625,7855.928741455078,12466.666666666668,0,0.40625,5915.970901489258,12466.666666666668,0,0.40625,30596.654495239258,605,1715,3552,5157,605,605,605,605,0,0,100,0,0,0,0,0,32353087488,8589930496,2991026176,0
199,1786321458317,1011.2477416992188,12466.666666666668,2,0.40625,906.4392242431641,12466.666666666668,2,0.40625,7858.13883972168,12466.666666666668,0,0.40625,5915.977676391602,12466.666666666668,2,0.40625,30600.053115844727,605,1715,3552,5157,605,605,605,605,0,0,100,0,0,0,0,0,32353087488,8589930496,2991026176,0
199,1786321458517,1011.2518463134766,12466.666666666668,2,0.40625,906.445068359375,12466.666666666668,2,0.40625,7860.3482666015625,12466.666666666668,0,0.40625,5915.984603881836,12466.666666666668,2,0.40625,30603.451950073242,605,1715,3552,5157,605,605,605,605,0,0,100,0,0,0,0,0,32353087488,8589930496,2991026176,0
199,1786321458717,1011.2559051513672,12466.666666666668,2,0.40625,906.4511413574219,12466.666666666668,2,0.40625,7862.559051513672,12466.666666666668,0,0.40625,5915.99299621582,12466.666666666668,2,0.40625,30606.851455688477,605,1715,3552,5157,605,605,605,605,0,0,100,0,0,0,0,0,32353087488,8589930496,2991026176,0
199,1786321458917,1011.260009765625,12466.666666666668,2,0.40625,906.4572448730469,12466.666666666668,2,0.40625,7864.769561767578,12466.666666666668,0,0.40625,5916.001327514648,12466.666666666668,2,0.40625,30610.25048828125,605,1715,3552,5157,605,605,605,605,0,0,100,0,0,0,0,0,32353087488,8589930496,2991026176,0
199,1786321459117,1011.2647247314453,12466.666666666668,2,0.40625,906.4646759033203,12466.666666666668,2,0.40625,7866.995529174805,12466.666666666668,0,0.40625,5916.008331298828,12466.666666666668,2,0.40625,30613.667404174805,605,1715,3552,5157,605,605,605,605,0,0,100,0,0,0,0,0,32353087488,8589930496,2991026176,0
199,1786321459318,1011.2692718505859,12400,2,0.4125000000000001,906.4700317382813,12400,2,0.4125000000000001,7869.16650390625,12400,0,0.4125000000000001,5916.061614990234,12400,2,0.4125000000000001,30617.06593322754,605,1715,3552,5157,605,605,605,605,0,0,100,5,0,0,0,0,32353087488,8589930496,2991022080,0
199,1786321459518,1011.2738494873047,13000,2,0.39375000000000004,906.4761199951172,13000,2,0.39375000000000004,7871.376007080078,13000,0,0.39375000000000004,5916.070098876953,13000,2,0.39375000000000004,30620.448211669922,605,1715,3552,5157,605,605,605,605,0,0,100,0,0,0,0,0,32353087488,8589930496,2991022080,0
199,1786321459718,1011.2779541015625,12466.666666666668,2,0.40625,906.4822082519531,12466.666666666668,2,0.40625,7873.59553527832,12466.666666666668,0,0.40625,5916.076889038086,12466.666666666668,2,0.40625,30623.863220214844,605,1715,3552,5157,605,605,605,605,0,0,100,4.761904716491699,0,0,0,0,32353087488,8589930496,2991022080,0
199,1786321459918,1011.2820739746094,12533.333333333332,2,0.40625,906.4882659912109,12533.333333333332,2,0.40625,7875.806655883789,12533.333333333332,0,0.40625,5916.084533691406,12533.333333333332,2,0.40625,30627.26121520996,605,1715,3552,5157,605,605,605,605,0,0,100,0,0,0,0,0,32353087488,8589930496,2991022080,0
199,1786321460118,1011.2860717773438,12400,2,0.4125000000000001,906.4943542480469,12400,2,0.4125000000000001,7878.017028808594,12400,0,0.4125000000000001,5916.09342956543,12400,2,0.4125000000000001,30630.66273498535,605,1715,3552,5157,605,605,605,605,0,0,100,0,0,0,0,0,32353087488,8589930496,2991022080,0
199,1786321460318,1011.2901763916016,12533.333333333332,2,0.40625,906.5001678466797,12533.333333333332,2,0.40625,7880.218704223633,12466.666666666668,0,0.40625,5916.099914550781,12466.666666666668,0,0.40625,30634.05889892578,605,1715,3552,5157,605,605,605,605,0,0,100,0,0,0,0,0,32353087488,8589930496,2991022080,0
199,1786321460518,1011.2942352294922,12400,2,0.4125000000000001,906.5063934326172,12400,0,0.4125000000000001,7882.426315307617,12400,0,0.4125000000000001,5916.107971191406,12400,0,0.4125000000000001,30637.46127319336,605,1715,3552,5157,605,605,605,605,0,0,100,0,0,0,0,0,32353087488,8589930496,2991022080,0
199,1786321460718,1011.2983093261719,12400,2,0.40625,906.5124206542969,12400,2,0.40625,7884.633193969727,12400,0,0.40625,5916.114318847656,12400,0,0.40625,30640.858612060547,605,1715,3552,5157,605,605,605,605,0,0,100,0,0,0,0,0,32353087488,8589930496,2991022080,0
199,1786321460918,1011.3022003173828,12466.666666666668,2,0.4125000000000001,906.5183258056641,12466.666666666668,2,0.4125000000000001,7886.840225219727,12466.666666666668,0,0.4125000000000001,5916.120758056641,12466.666666666668,2,0.4125000000000001,30644.258010864258,605,1715,3552,5157,605,605,605,605,0,0,100,0,0,0,0,0,32353087488,8589930496,2991022080,0
199,1786321461118,1011.3062896728516,12466.666666666668,2,0.40625,906.5244140625,12466.666666666668,2,0.40625,7889.048522949219,12466.666666666668,0,0.40625,5916.127212524414,12466.666666666668,2,0.40625,30647.6544342041,605,1715,3552,5157,605,605,605,605,0,0,100,0,0,0,0,0,32353087488,8589930496,2991022080,0
199,1786321461318,1011.3165283203125,12266.666666666668,2,0.4125000000000001,906.5341186523438,12266.666666666668,2,0.4125000000000001,7891.232818603516,12266.666666666668,0,0.4125000000000001,5916.14013671875,12266.666666666668,2,0.4125000000000001,30651.059997558594,605,1715,3552,5157,605,605,605,605,0,0,100,0,0,0,0,0,32353087488,8589930496,2991022080,0
199,1786321461518,1011.3216857910156,12466.666666666668,2,0.40625,906.5403137207031,12466.666666666668,2,0.40625,7893.429016113281,12466.666666666668,0,0.40625,5916.147003173828,12466.666666666668,2,0.40625,30654.452529907227,605,1715,3552,5157,605,605,605,605,0,0,100,4.761904716491699,0,0,0,0,32353087488,8589930496,2991022080,0
199,1786321461719,1011.3257446289063,12400,2,0.40625,906.5464172363281,12400,2,0.40625,7895.635955810547,12400,0,0.40625,5916.153732299805,12400,2,0.40625,30657.853256225586,605,1715,3552,5157,605,605,605,605,0,0,100,0,0,0,0,0,32353087488,8589930496,2991022080,0
199,1786321461919,1011.3297882080078,12466.666666666668,2,0.4125000000000001,906.5524139404297,12466.666666666668,2,0.4125000000000001,7897.840545654297,12466.666666666668,0,0.4125000000000001,5916.161117553711,12466.666666666668,2,0.4125000000000001,30661.250885009766,605,1715,3552,5157,605,605,605,605,0,0,100,0,0,0,0,0,32353087488,8589930496,2991022080,0
199,1786321462119,1011.3339691162109,12466.666666666668,2,0.40625,906.5586242675781,12466.666666666668,2,0.40625,7900.058547973633,12466.666666666668,0,0.40625,5916.168014526367,12466.666666666668,2,0.40625,30664.666213989258,605,1715,3552,5157,605,605,605,605,0,0,100,0,0,0,0,0,32353087488,8589930496,2991022080,0
199,1786321462319,1011.3380889892578,12466.666666666668,2,0.40625,906.5650634765625,12466.666666666668,2,0.40625,7902.267608642578,12466.666666666668,0,0.40625,5916.175765991211,12466.666666666668,2,0.40625,30668.065216064453,605,1715,3552,5157,605,605,605,605,0,0,100,0,0,0,0,0,32353087488,8589930496,2991022080,0
199,1786321462519,1011.34228515625,12400,2,0.40625,906.5708312988281,12400,2,0.40625,7904.476364135742,12400,0,0.40625,5916.185028076172,12400,2,0.40625,30671.467163085938,605,1715,3552,5157,605,605,605,605,0,0,100,0,0,0,0,0,32353087488,8589930496,2991022080,0
199,1786321462719,1011.3462982177734,12533.333333333332,2,0.4125000000000001,906.5768737792969,12533.333333333332,2,0.4125000000000001,7906.679107666016,12533.333333333332,0,0.4125000000000001,5916.1915283203125,12533.333333333332,2,0.40625,30674.862091064453,605,1715,3552,5157,605,605,605,605,0,0,100,0,0,0,0,0,32353087488,8589930496,2991022080,0
199,1786321462919,1011.3502655029297,12333.333333333332,2,0.40625,906.5830078125,12333.333333333332,2,0.40625,7908.885589599609,12333.333333333332,0,0.40625,5916.19938659668,12333.333333333332,2,0.40625,30678.265365600586,605,1715,3552,5157,605,605,605,605,0,0,100,0,0,0,0,0,32353087488,8589930496,2991022080,0
199,1786321463119,1011.3543548583984,12333.333333333332,2,0.40625,906.5890808105469,12333.333333333332,0,0.40625,7911.093292236328,12333.333333333332,0,0.40625,5916.207626342773,12333.333333333332,0,0.40625,30681.663696289063,605,1715,3552,5157,605,605,605,605,0,0,100,0,0,0,0,0,32353087488,8589930496,2991022080,0
199,1786321463319,1011.3583831787109,12466.666666666668,2,0.40625,906.5954437255859,12466.666666666668,2,0.40625,7913.300186157227,12466.666666666668,0,0.40625,5916.214508056641,12466.666666666668,0,0.40625,30685.05908203125,605,1715,3552,5157,605,605,605,605,0,0,100,0,0,0,0,0,32353087488,8589930496,2991022080,0
199,1786321463519,1011.3625946044922,12466.666666666668,2,0.4125000000000001,906.6016540527344,12466.666666666668,2,0.4125000000000001,7915.5107421875,12466.666666666668,0,0.4125000000000001,5916.223114013672,12466.666666666668,2,0.4125000000000001,30688.459701538086,605,1715,3552,5157,605,605,605,605,0,0,100,0,0,0,0,0,32353087488,8589930496,2991022080,0
199,1786321463719,1011.3666839599609,12333.333333333332,2,0.40625,906.6077423095703,12333.333333333332,2,0.40625,7917.718460083008,12333.333333333332,0,0.40625,5916.230163574219,12333.333333333332,2,0.40625,30691.86212158203,605,1715,3552,5157,605,605,605,605,0,0,100,0,0,0,0,0,32353087488,8589930496,2991022080,0
199,1786321463920,1011.3707580566406,12333.333333333332,2,0.4125000000000001,906.6138153076172,12333.333333333332,2,0.4125000000000001,7919.923889160156,12333.333333333332,0,0.4125000000000001,5916.237030029297,12333.333333333332,2,0.4125000000000001,30695.25944519043,605,1715,3552,5157,605,605,605,605,0,0,100,0,0,0,0,0,32353087488,8589930496,2991022080,0
199,1786321464120,1011.3749389648438,12400,2,0.4125000000000001,906.6195831298828,12400,2,0.4125000000000001,7922.127593994141,12400,0,0.4125000000000001,5916.246063232422,12400,2,0.4125000000000001,30698.657653808594,605,1715,3552,5157,605,605,605,605,0,0,100,0,0,0,0,0,32353087488,8589930496,2991022080,0
199,1786321464320,1011.3792419433594,12333.333333333332,2,0.4125000000000001,906.6251678466797,12333.333333333332,2,0.4125000000000001,7924.341323852539,12333.333333333332,0,0.4125000000000001,5916.253326416016,12333.333333333332,2,0.4125000000000001,30702.07405090332,605,1715,3552,5157,605,605,605,605,0,0,100,0,0,0,0,0,32353087488,8589930496,2991022080,0
199,1786321464520,1011.3834991455078,12333.333333333332,2,0.40625,906.6311645507813,12333.333333333332,2,0.40625,7926.546844482422,12333.333333333332,0,0.40625,5916.260147094727,12333.333333333332,2,0.40625,30705.47264099121,605,1715,3552,5157,605,605,605,605,0,0,100,0,0,0,0,0,32353087488,8589930496,2991022080,0
199,1786321464720,1011.3876342773438,12466.666666666668,2,0.40625,906.6368865966797,12466.666666666668,2,0.40625,7928.7557373046875,12466.666666666668,0,0.40625,5916.2666015625,12466.666666666668,2,0.40625,30708.86932373047,605,1715,3552,5157,605,605,605,605,0,0,100,0,4.761904716491699,0,0,0,32353087488,8589930496,2991022080,0
199,1786321464920,1011.3916625976563,12400,2,0.40625,906.64306640625,12400,2,0.40625,7930.961639404297,12400,0,0.40625,5916.2730712890625,12400,2,0.40625,30712.269943237305,605,1715,3552,5157,605,605,605,605,0,0,100,0,0,0,0,0,32353087488,8589930496,2991022080,0
199,1786321465120,1011.3957824707031,12400,2,0.40625,906.6491546630859,12400,2,0.40625,7933.163848876953,12400,0,0.40625,5916.281448364258,12400,0,0.40625,30715.667282104492,605,1715,3552,5157,605,605,605,605,0,0,100,0,0,0,0,0,32353087488,8589930496,2991022080,0
199,1786321465320,1011.4002380371094,12400,2,0.4125000000000001,906.6575927734375,12400,0,0.4125000000000001,7935.3642578125,12400,0,0.4125000000000001,5916.289794921875,12400,0,0.4125000000000001,30719.067474365234,605,1715,3552,5157,605,605,605,605,0,0,100,0,0,0,0,0,32353087488,8589930496,2991022080,0
199,1786321465520,1011.4061889648438,12866.666666666666,2,0.39375000000000004,906.6637878417969,12866.666666666666,0,0.39375000000000004,7937.594711303711,12866.666666666666,0,0.39375000000000004,5916.296310424805,12866.666666666666,0,0.39375000000000004,30722.456115722656,605,1715,3552,5157,605,605,605,605,0,0,100,0,0,0,0,0,32353087488,8589930496,2991022080,0
199,1786321465720,1011.410888671875,12333.333333333332,2,0.4125000000000001,906.6699523925781,12333.333333333332,2,0.4125000000000001,7939.81819152832,12333.333333333332,0,0.4125000000000001,5916.302749633789,12333.333333333332,0,0.4125000000000001,30725.872177124023,605,1715,3552,5157,605,605,605,605,0,0,100,0,0,0,0,0,32353087488,8589930496,2991022080,0
199,1786321465920,1011.4149017333984,12333.333333333332,2,0.40625,906.6755828857422,12333.333333333332,2,0.40625,7942.021377563477,12333.333333333332,0,0.40625,5916.311126708984,12333.333333333332,2,0.40625,30729.271270751953,605,1715,3552,5157,605,605,605,605,0,0,100,0,0,0,0,0,32353087488,8589930496,2991022080,0
199,1786321466120,1011.4189758300781,12400,2,0.4125000000000001,906.6815948486328,12400,2,0.4125000000000001,7944.223526000977,12400,0,0.4125000000000001,5916.318603515625,12400,2,0.4125000000000001,30732.6668548584,605,1715,3552,5157,605,605,605,605,0,0,100,0,0,0,0,0,32353087488,8589930496,2991022080,0
199,1786321466321,1011.4231262207031,12400,2,0.4125000000000001,906.6880187988281,12400,2,0.4125000000000001,7946.425430297852,12400,0,0.4125000000000001,5916.328231811523,12400,2,0.4125000000000001,30736.064910888672,605,1715,3552,5157,605,605,605,605,0,0,100,0,0,0,0,0,32353087488,8589930496,2991022080,0
199,1786321466521,1011.4273681640625,12333.333333333332,2,0.40625,906.6939239501953,12333.333333333332,2,0.40625,7948.627838134766,12333.333333333332,0,0.40625,5916.335189819336,12333.333333333332,2,0.40625,30739.46453857422,605,1715,3552,5157,605,605,605,605,0,0,100,4.761904716491699,0,0,0,0,32353087488,8589930496,2991022080,0
199,1786321466721,1011.4349822998047,12333.333333333332,2,0.41874999999999996,906.6999206542969,12333.333333333332,2,0.41874999999999996,7950.830001831055,12333.333333333332,0,0.41874999999999996,5916.3414306640625,12333.333333333332,2,0.41874999999999996,30742.863647460938,605,1715,3552,5157,605,605,605,605,0,0,100,0,0,0,0,0,32353087488,8589930496,2991022080,0
199,1786321466921,1011.4391937255859,12400,2,0.40625,906.7059631347656,12400,2,0.40625,7953.035232543945,12400,0,0.40625,5916.347900390625,12400,2,0.40625,30746.259368896484,605,1715,3552,5157,605,605,605,605,0,0,100,0,0,0,0,0,32353087488,8589930496,2991022080,0
199,1786321467121,1011.4433746337891,12333.333333333332,2,0.4125000000000001,906.7117919921875,12333.333333333332,2,0.4125000000000001,7955.256118774414,12333.333333333332,0,0.4125000000000001,5916.354583740234,12333.333333333332,2,0.4125000000000001,30749.676651000977,605,1715,3552,5157,605,605,605,605,0,0,100,0,0,0,0,0,32353087488,8589930496,2991022080,0
200,1786321467321,1011.4475708007813,12200,0,0.4125000000000001,906.7180480957031,12200,2,0.4125000000000001,7957.454849243164,12200,0,0.4125000000000001,5916.36100769043,12200,2,0.4125000000000001,30753.060806274414,605,1715,3552,5157,605,605,605,605,0,0,100,0,0,0,0,0,32353087488,8589930496,2991022080,0
199,1786321467521,1011.4541168212891,12333.333333333332,2,0.40625,906.7240600585938,12333.333333333332,2,0.40625,7959.666488647461,12333.333333333332,0,0.40625,5916.367599487305,12333.333333333332,2,0.40625,30756.474517822266,605,1715,3552,5157,605,605,605,605,0,0,100,0,0,0,0,0,32353087488,8589930496,2991022080,0
199,1786321467721,1011.4618530273438,12866.666666666666,2,0.39375000000000004,906.7302703857422,12866.666666666666,2,0.39375000000000004,7961.880630493164,12866.666666666666,0,0.39375000000000004,5916.37385559082,12866.666666666666,2,0.39375000000000004,30759.858657836914,605,1715,3552,5157,605,605,605,605,0,0,100,0,0,0,0,0,32353087488,8589930496,2991022080,0
199,1786321467921,1011.4692535400391,12400,2,0.4125000000000001,906.7365112304688,12400,2,0.4125000000000001,7964.095855712891,12400,0,0.4125000000000001,5916.380294799805,12333.333333333332,2,0.4125000000000001,30763.27407836914,605,1715,3552,5157,605,605,605,605,0,0,100,0,0,0,0,0,32353087488,8589930496,2991022080,0
199,1786321468121,1011.4768676757813,12333.333333333332,2,0.4125000000000001,906.7427062988281,12333.333333333332,0,0.40625,7966.301803588867,12333.333333333332,0,0.40625,5916.386428833008,12333.333333333332,2,0.40625,30766.673461914063,605,1715,3552,5157,605,605,605,605,0,0,100,0,0,0,0,0,32353087488,8589930496,2991022080,0
199,1786321468321,1011.4814147949219,12333.333333333332,0,0.40625,906.7488861083984,12333.333333333332,2,0.40625,7968.505172729492,12333.333333333332,0,0.40625,5916.392791748047,12333.333333333332,2,0.40625,30770.07147216797,605,1715,3552,5157,605,605,605,605,0,0,100,0,4.761904716491699,0,0,0,32353087488,8589930496,2991022080,0
199,1786321468521,1011.4878082275391,12333.333333333332,2,0.40625,906.7552032470703,12333.333333333332,2,0.40625,7970.710021972656,12333.333333333332,0,0.40625,5916.399200439453,12333.333333333332,2,0.40625,30773.469345092773,605,1715,3552,5157,605,605,605,605,0,0,100,0,0,0,0,0,32353087488,8589930496,2991022080,0
199,1786321468722,1011.4921112060547,12333.333333333332,2,0.40625,906.7612762451172,12333.333333333332,2,0.40625,7972.910797119141,12333.333333333332,0,0.40625,5916.407531738281,12333.333333333332,2,0.40625,30776.869354248047,605,1715,3552,5157,605,605,605,605,0,0,100,0,0,0,0,0,32353087488,8589930496,2991022080,0
199,1786321468922,1011.4961090087891,12333.333333333332,2,0.40625,906.7673645019531,12333.333333333332,2,0.40625,7975.1103515625,12333.333333333332,0,0.40625,5916.414367675781,12333.333333333332,2,0.40625,30780.267379760742,605,1715,3552,5157,605,605,605,605,0,0,100,0,0,0,0,0,32353087488,8589930496,2991022080,0
199,1786321469122,1011.5004577636719,12333.333333333332,2,0.4125000000000001,906.7736053466797,12333.333333333332,2,0.4125000000000001,7977.312744140625,12333.333333333332,0,0.4125000000000001,5916.421981811523,12333.333333333332,2,0.4125000000000001,30783.66651916504,605,1715,3552,5157,605,605,605,605,0,0,100,0,0,0,0,0,32353087488,8589930496,2991022080,0
199,1786321469322,1011.5066833496094,12266.666666666668,2,0.4125000000000001,906.7829132080078,12266.666666666668,2,0.4125000000000001,7979.502243041992,12266.666666666668,0,0.4125000000000001,5916.434295654297,12266.666666666668,2,0.4125000000000001,30787.067504882813,605,1715,3552,5157,605,605,605,605,0,0,100,5,0,0,0,0,32353087488,8589930496,2990985216,0
199,1786321469522,1011.5113525390625,12466.666666666668,2,0.4125000000000001,906.7892150878906,12466.666666666668,2,0.4125000000000001,7981.701919555664,12466.666666666668,0,0.4125000000000001,5916.440841674805,12466.666666666668,2,0.4125000000000001,30790.461624145508,605,1715,3552,5157,605,605,605,605,0,0,100,0,0,0,0,0,32353087488,8589930496,2990985216,0
199,1786321469722,1011.5163879394531,12333.333333333332,2,0.40625,906.7954254150391,12333.333333333332,2,0.40625,7983.915588378906,12333.333333333332,0,0.40625,5916.447036743164,12333.333333333332,2,0.40625,30793.864013671875,605,1715,3552,5157,605,605,605,605,0,0,100,0,0,0,0,0,32353087488,8589930496,2990985216,0
199,1786321469922,1011.5208435058594,12333.333333333332,2,0.4125000000000001,906.8016510009766,12333.333333333332,2,0.4125000000000001,7986.1339111328125,12333.333333333332,0,0.4125000000000001,5916.4532470703125,12333.333333333332,2,0.4125000000000001,30797.280242919922,605,1715,3552,5157,605,605,605,605,0,0,100,0,0,0,0,0,32353087488,8589930496,2990985216,0
199,1786321470122,1011.5254974365234,12333.333333333332,2,0.40625,906.8079681396484,12333.333333333332,2,0.40625,7988.337677001953,12333.333333333332,0,0.40625,5916.459548950195,12333.333333333332,2,0.40625,30800.680282592773,605,1715,3552,5157,605,605,605,605,0,0,100,0,0,0,0,0,32353087488,8589930496,2990985216,0
199,1786321470322,1011.5314178466797,12333.333333333332,2,0.4125000000000001,906.8143463134766,12333.333333333332,2,0.4125000000000001,7990.550079345703,12333.333333333332,0,0.4125000000000001,5916.465927124023,12333.333333333332,2,0.4125000000000001,30804.079528808594,605,1715,3552,5157,605,605,605,605,0,0,100,0,0,0,0,0,32353087488,8589930496,2990985216,0
199,1786321470522,1011.5369873046875,12400,2,0.40625,906.8206176757813,12400,2,0.40625,7992.751678466797,12400,0,0.40625,5916.472152709961,12400,2,0.40625,30807.47590637207,605,1715,3552,5157,605,605,605,605,0,0,100,0,0,0,0,0,32353087488,8589930496,2990985216,0
199,1786321470722,1011.5411834716797,12333.333333333332,2,0.40625,906.8267669677734,12333.333333333332,0,0.40625,7994.957138061523,12333.333333333332,0,0.40625,5916.478439331055,12333.333333333332,0,0.40625,30810.876083374023,605,1715,3552,5157,605,605,605,605,0,0,100,0,0,0,0,0,32353087488,8589930496,2990985216,0
199,1786321470922,1011.5452270507813,12266.666666666668,2,0.4125000000000001,906.8329315185547,12266.666666666668,2,0.4125000000000001,7997.159866333008,12266.666666666668,0,0.4125000000000001,5916.4849853515625,12266.666666666668,0,0.4125000000000001,30814.27523803711,605,1715,3552,5157,605,605,605,605,0,0,100,0,0,0,0,0,32353087488,8589930496,2990985216,0
199,1786321471123,1011.5493927001953,12266.666666666668,2,0.4125000000000001,906.8390350341797,12266.666666666668,2,0.4125000000000001,7999.358840942383,12266.666666666668,0,0.4125000000000001,5916.491470336914,12266.666666666668,2,0.4125000000000001,30817.674240112305,605,1715,3552,5157,605,605,605,605,0,0,100,0,0,0,0,0,32353087488,8589930496,2990985216,0
199,1786321471323,1011.5912933349609,12333.333333333332,2,0.40625,906.8449249267578,12333.333333333332,2,0.40625,8001.521057128906,12333.333333333332,0,0.40625,5916.50260925293,12333.333333333332,2,0.40625,30821.07098388672,605,1715,3552,5157,605,605,605,605,0,0,100,0,5,0,0,0,32353087488,8589930496,2990985216,0
199,1786321471523,1011.5948028564453,12333.333333333332,2,0.4125000000000001,906.8519287109375,12333.333333333332,2,0.4125000000000001,8003.723419189453,12333.333333333332,0,0.4125000000000001,5916.51123046875,12333.333333333332,2,0.4125000000000001,30824.470306396484,605,1715,3552,5157,605,605,605,605,0,0,100,0,0,0,0,0,32353087488,8589930496,2990985216,0
199,1786321471723,1011.5985717773438,12333.333333333332,2,0.40625,906.8580780029297,12333.333333333332,2,0.40625,8005.932418823242,12333.333333333332,0,0.40625,5916.518463134766,12333.333333333332,2,0.40625,30827.868728637695,605,1715,3552,5157,605,605,605,605,0,0,100,0,4.761904716491699,0,0,0,32353087488,8589930496,2990985216,0
199,1786321471923,1011.6018218994141,12600,2,0.3999999999999999,906.8642272949219,12600,2,0.3999999999999999,8008.138916015625,12600,0,0.3999999999999999,5916.52653503418,12600,2,0.3999999999999999,30831.261016845703,605,1715,3552,5157,605,605,605,605,0,0,100,0,0,0,0,0,32353087488,8589930496,2990985216,0
199,1786321472123,1011.6051330566406,12333.333333333332,2,0.4125000000000001,906.8704681396484,12333.333333333332,2,0.4125000000000001,8010.3521728515625,12333.333333333332,0,0.4125000000000001,5916.534286499023,12333.333333333332,2,0.4125000000000001,30834.68441772461,605,1715,3552,5157,605,605,605,605,0,0,100,0,0,0,0,0,32353087488,8589930496,2990985216,0
199,1786321472323,1011.6085662841797,12333.333333333332,2,0.40625,906.8770446777344,12333.333333333332,2,0.40625,8012.570053100586,12333.333333333332,0,0.40625,5916.542831420898,12333.333333333332,2,0.40625,30838.082809448242,605,1715,3552,5157,605,605,605,605,0,0,100,0,0,0,0,0,32353087488,8589930496,2990985216,0
199,1786321472523,1011.6119079589844,12333.333333333332,2,0.4125000000000001,906.8834991455078,12333.333333333332,2,0.4125000000000001,8014.778472900391,12333.333333333332,0,0.4125000000000001,5916.550796508789,12333.333333333332,2,0.4125000000000001,30841.48161315918,605,1715,3552,5157,605,605,605,605,0,0,100,0,0,0,0,0,32353087488,8589930496,2990985216,0
199,1786321472723,1011.6156158447266,13533.333333333334,2,0.375,906.8896942138672,13533.333333333334,2,0.375,8016.980453491211,13533.333333333334,0,0.375,5916.558441162109,13533.333333333334,2,0.375,30844.849670410156,605,1715,3552,5157,605,605,605,605,0,0,100,0,0,0,0,0,32353087488,8589930496,2990985216,0
199,1786321472923,1011.6193389892578,12266.666666666668,2,0.4125000000000001,906.8959503173828,12266.666666666668,2,0.4125000000000001,8019.2191162109375,12266.666666666668,0,0.4125000000000001,5916.566635131836,12266.666666666668,2,0.4125000000000001,30848.283905029297,605,1715,3552,5157,605,605,605,605,0,0,100,0,0,0,0,0,32353087488,8589930496,2990985216,0
199,1786321473123,1011.6226501464844,12466.666666666668,2,0.40625,906.9021606445313,12400,2,0.40625,8021.42692565918,12400,0,0.40625,5916.574432373047,12400,0,0.40625,30851.67823791504,605,1715,3552,5157,605,605,605,605,0,0,100,0,0,0,0,0,32353087488,8589930496,2990985216,0
199,1786321473324,1011.6279144287109,12533.333333333332,0,0.3999999999999999,906.9125213623047,12533.333333333332,2,0.3999999999999999,8023.641220092773,12533.333333333332,0,0.3999999999999999,5916.581329345703,12533.333333333332,2,0.3999999999999999,30855.07585144043,605,1715,3552,5157,605,605,605,605,0,0,100,4.761904716491699,0,0,0,0,32353087488,8589930496,2990985216,0
199,1786321473524,1011.6314544677734,12400,2,0.4125000000000001,906.9193572998047,12400,2,0.4125000000000001,8025.85758972168,12400,0,0.4125000000000001,5916.58854675293,12400,2,0.4125000000000001,30858.478622436523,605,1715,3552,5157,605,605,605,605,0,0,100,0,0,0,0,0,32353087488,8589930496,2990985216,0
199,1786321473724,1011.6348266601563,12266.666666666668,2,0.4125000000000001,906.9255218505859,12266.666666666668,2,0.4125000000000001,8028.064071655273,12266.666666666668,0,0.4125000000000001,5916.597351074219,12266.666666666668,2,0.4125000000000001,30861.87857055664,605,1715,3552,5157,605,605,605,605,0,0,100,0,0,0,0,0,32353087488,8589930496,2990985216,0
199,1786321473924,1011.6381683349609,12333.333333333332,2,0.4125000000000001,906.9317779541016,12333.333333333332,2,0.4125000000000001,8030.270614624023,12333.333333333332,0,0.4125000000000001,5916.60383605957,12333.333333333332,2,0.4125000000000001,30865.275360107422,605,1715,3552,5157,605,605,605,605,0,0,100,0,0,0,0,0,32353087488,8589930496,2990985216,0
199,1786321474124,1011.6414489746094,12333.333333333332,2,0.40625,906.9380798339844,12333.333333333332,2,0.40625,8032.477264404297,12333.333333333332,0,0.40625,5916.610412597656,12333.333333333332,2,0.40625,30868.67543029785,605,1715,3552,5157,605,605,605,605,0,0,100,0,0,0,0,0,32353087488,8589930496,2990985216,0
199,1786321474324,1011.6447906494141,12333.333333333332,2,0.40625,906.9446563720703,12333.333333333332,2,0.40625,8034.683624267578,12333.333333333332,0,0.40625,5916.618011474609,12333.333333333332,2,0.40625,30872.073852539063,605,1715,3552,5157,605,605,605,605,0,0,100,0,0,0,0,0,32353087488,8589930496,2990985216,0
199,1786321474524,1011.6481323242188,12266.666666666668,2,0.4125000000000001,906.9512786865234,12266.666666666668,2,0.4125000000000001,8036.903396606445,12266.666666666668,0,0.4125000000000001,5916.625442504883,12266.666666666668,2,0.4125000000000001,30875.48959350586,605,1715,3552,5157,605,605,605,605,0,0,100,0,0,0,0,0,32353087488,8589930496,2990985216,0
199,1786321474724,1011.6514434814453,12333.333333333332,2,0.40625,906.95751953125,12333.333333333332,2,0.40625,8039.112976074219,12333.333333333332,0,0.40625,5916.632278442383,12333.333333333332,2,0.40625,30878.888107299805,605,1715,3552,5157,605,605,605,605,0,0,100,0,0,0,0,0,32353087488,8589930496,2990985216,0
200,1786321474924,1011.7956085205078,13666.666666666666,0,0.3812500000000001,907.0835113525391,13666.666666666666,0,0.3812500000000001,8040.959609985352,13666.666666666666,0,0.3812500000000001,5916.761123657227,13666.666666666666,0,0.3812500000000001,30882.241653442383,605,1715,3552,5157,605,605,605,605,0,0,100,0,0,0,0,0,32353087488,8589930496,2764312576,0
199,1786321475124,1011.9090881347656,12400,0,0.4125000000000001,907.1459655761719,12400,2,0.4125000000000001,8041.028533935547,12400,2,0.4125000000000001,5918.804473876953,12400,0,0.4125000000000001,30885.694931030273,605,1715,3552,5157,605,605,605,605,7.142857551574707,4.761904716491699,42.5,47.619049072265625,0,4.878048419952393,2.5,2.5,32353087488,8589930496,2995134464,0
199,1786321475324,1011.9130249023438,12400,2,0.40625,907.1493072509766,12400,2,0.40625,8041.035110473633,12400,0,0.40625,5921.026260375977,12400,0,0.40625,30889.092330932617,605,1715,3552,5157,605,605,605,605,0,0,0,100,0,0,0,0,32353087488,8589930496,2995134464,0
199,1786321475524,1011.9168548583984,12400,2,0.40625,907.1530151367188,12400,2,0.40625,8041.044250488281,12400,0,0.40625,5923.241851806641,12400,0,0.40625,30892.490951538086,605,1715,3552,5157,605,605,605,605,0,0,4.761904716491699,100,0,0,0,0,32353087488,8589930496,2995134464,0
199,1786321475725,1011.9202728271484,12333.333333333332,2,0.40625,907.15625,12400,2,0.40625,8041.050704956055,12400,2,0.40625,5925.4615478515625,12400,0,0.40625,30895.888427734375,605,1715,3552,5157,605,605,605,605,0,0,0,100,0,0,0,0,32353087488,8589930496,2995134464,0
199,1786321475925,1011.9236145019531,12200,2,0.40625,907.1593475341797,12200,2,0.40625,8041.057205200195,12200,0,0.40625,5927.6822509765625,12200,0,0.40625,30899.29083251953,605,1715,3552,5157,605,605,605,605,0,0,0,100,0,0,0,0,32353087488,8589930496,2995134464,0
199,1786321476125,1011.9271240234375,12400,2,0.40625,907.1636352539063,12400,2,0.40625,8041.063583374023,12400,2,0.40625,5929.891998291016,12400,0,0.40625,30902.684051513672,605,1715,3552,5157,605,605,605,605,0,0,0,100,0,0,0,0,32353087488,8589930496,2995134464,0
199,1786321476325,1011.9310913085938,12266.666666666668,2,0.41874999999999996,907.1669616699219,12266.666666666668,2,0.41874999999999996,8041.070343017578,12266.666666666668,2,0.41874999999999996,5932.111740112305,12266.666666666668,0,0.41874999999999996,30906.08757019043,605,1715,3552,5157,605,605,605,605,0,0,0,100,0,0,0,0,32353087488,8589930496,2995134464,0
199,1786321476525,1011.9388427734375,13800,2,0.36250000000000004,907.1727752685547,13800,2,0.36250000000000004,8041.076568603516,13800,2,0.36250000000000004,5934.346527099609,13800,0,0.36250000000000004,30909.44644165039,605,1715,3552,5157,605,605,605,605,0,0,0,100,0,0,0,0,32353087488,8589930496,2995462144,0
199,1786321476725,1011.9446411132813,12333.333333333332,2,0.4125000000000001,907.1779937744141,12333.333333333332,2,0.4125000000000001,8041.082748413086,12333.333333333332,2,0.4125000000000001,5936.614883422852,12333.333333333332,0,0.4125000000000001,30912.89256286621,605,1715,3552,5157,605,605,605,605,0,0,0,100,0,0,0,0,32353087488,8589930496,2995462144,0
199,1786321476925,1011.9481811523438,12400,2,0.4125000000000001,907.1811676025391,12400,2,0.4125000000000001,8041.088943481445,12400,2,0.4125000000000001,5938.832473754883,12400,0,0.4125000000000001,30916.287979125977,605,1715,3552,5157,605,605,605,605,0,0,0,100,0,0,0,0,32353087488,8589930496,2995462144,0
199,1786321477125,1011.9518432617188,12266.666666666668,2,0.4125000000000001,907.1844329833984,12266.666666666668,2,0.4125000000000001,8041.095153808594,12266.666666666668,2,0.4125000000000001,5941.067245483398,12266.666666666668,0,0.4125000000000001,30919.704803466797,605,1715,3552,5157,605,605,605,605,0,0,0,100,0,0,0,0,32353087488,8589930496,2995462144,0
199,1786321477325,1011.9615173339844,12200,2,0.4125000000000001,907.1932067871094,12200,2,0.4125000000000001,8041.106063842773,12200,2,0.4125000000000001,5943.266448974609,12200,0,0.4125000000000001,30923.10597229004,605,1715,3552,5157,605,605,605,605,5,0,0,100,0,0,0,0,32353087488,8589930496,2995458048,0
199,1786321477525,1011.9651031494141,12400,2,0.40625,907.1967163085938,12400,2,0.40625,8041.1143798828125,12400,2,0.40625,5945.4739990234375,12400,0,0.40625,30926.496490478516,605,1715,3552,5157,605,605,605,605,0,0,0,100,0,0,0,0,32353087488,8589930496,2995458048,0
199,1786321477725,1011.9689483642578,12266.666666666668,2,0.40625,907.2005615234375,12266.666666666668,2,0.40625,8041.1226806640625,12266.666666666668,2,0.40625,5947.694137573242,12266.666666666668,0,0.40625,30929.898193359375,605,1715,3552,5157,605,605,605,605,0,0,0,100,0,0,0,0,32353087488,8589930496,2995458048,0
199,1786321477926,1011.9723815917969,12200,2,0.4125000000000001,907.2037963867188,12200,0,0.4125000000000001,8041.12922668457,12200,0,0.4125000000000001,5949.914810180664,12200,0,0.4125000000000001,30933.299270629883,605,1715,3552,5157,605,605,605,605,0,0,0,100,0,0,0,0,32353087488,8589930496,2995458048,0
199,1786321478126,1011.9757080078125,12266.666666666668,2,0.4125000000000001,907.2069091796875,12266.666666666668,0,0.4125000000000001,8041.135665893555,12266.666666666668,0,0.4125000000000001,5952.137512207031,12266.666666666668,0,0.4125000000000001,30936.696014404297,605,1715,3552,5157,605,605,605,605,0,4.761904716491699,0,100,0,0,0,0,32353087488,8589930496,2995458048,0
199,1786321478326,1011.9795074462891,12333.333333333332,2,0.40625,907.2107391357422,12333.333333333332,2,0.40625,8041.142669677734,12333.333333333332,0,0.40625,5954.351364135742,12333.333333333332,0,0.40625,30940.09309387207,605,1715,3552,5157,605,605,605,605,0,0,0,100,0,0,0,0,32353087488,8589930496,2995458048,0
199,1786321478526,1011.9830932617188,12266.666666666668,2,0.4125000000000001,907.2140502929688,12266.666666666668,2,0.4125000000000001,8041.149230957031,12266.666666666668,2,0.4125000000000001,5956.572082519531,12266.666666666668,0,0.4125000000000001,30943.492752075195,605,1715,3552,5157,605,605,605,605,0,0,0,100,0,0,0,0,32353087488,8589930496,2995458048,0
199,1786321478726,1011.9866180419922,12400,2,0.4125000000000001,907.2174530029297,12400,2,0.4125000000000001,8041.155731201172,12400,2,0.4125000000000001,5958.785202026367,12400,0,0.4125000000000001,30946.887237548828,605,1715,3552,5157,605,605,605,605,0,0,0,100,0,0,0,0,32353087488,8589930496,2995458048,0
199,1786321478926,1011.9898986816406,12466.666666666668,2,0.40625,907.220703125,12466.666666666668,2,0.40625,8041.163040161133,12466.666666666668,2,0.40625,5961.001983642578,12466.666666666668,0,0.40625,30950.28517150879,605,1715,3552,5157,605,605,605,605,0,0,0,100,0,0,0,0,32353087488,8589930496,2995458048,0
199,1786321479126,1011.9935150146484,12466.666666666668,2,0.3999999999999999,907.2247314453125,12466.666666666668,2,0.3999999999999999,8041.170227050781,12466.666666666668,2,0.3999999999999999,5963.228240966797,12466.666666666668,0,0.3999999999999999,30953.685302734375,605,1715,3552,5157,605,605,605,605,0,0,0,100,0,0,0,0,32353087488,8589930496,2995458048,0
199,1786321479326,1011.9972229003906,12333.333333333332,2,0.40625,907.2281799316406,12333.333333333332,2,0.40625,8041.17805480957,12333.333333333332,2,0.40625,5965.454086303711,12333.333333333332,0,0.40625,30957.088668823242,605,1715,3552,5157,605,605,605,605,0,0,0,100,0,0,0,0,32353087488,8589930496,2995458048,0
199,1786321479526,1012.0008087158203,12400,2,0.40625,907.2316741943359,12400,2,0.40625,8041.185485839844,12400,2,0.40625,5967.68440246582,12400,0,0.40625,30960.50115966797,605,1715,3552,5157,605,605,605,605,0,0,0,100,0,0,0,0,32353087488,8589930496,2995458048,0
199,1786321479726,1012.0044708251953,12333.333333333332,2,0.40625,907.2353668212891,12333.333333333332,2,0.40625,8041.191940307617,12333.333333333332,2,0.40625,5969.9141845703125,12333.333333333332,0,0.40625,30963.903610229492,605,1715,3552,5157,605,605,605,605,0,0,0,100,0,0,0,0,32353087488,8589930496,2995458048,0
199,1786321479926,1012.0079193115234,12333.333333333332,2,0.4125000000000001,907.2386474609375,12333.333333333332,2,0.4125000000000001,8041.198455810547,12333.333333333332,2,0.4125000000000001,5972.134719848633,12333.333333333332,0,0.4125000000000001,30967.301788330078,605,1715,3552,5157,605,605,605,605,0,0,4.761904716491699,100,0,0,0,0,32353087488,8589930496,2995458048,0
199,1786321480127,1012.0120849609375,12333.333333333332,2,0.40625,907.2419586181641,12333.333333333332,2,0.40625,8041.211654663086,12333.333333333332,0,0.40625,5974.348861694336,12333.333333333332,0,0.40625,30970.698776245117,605,1715,3552,5157,605,605,605,605,4.761904716491699,0,4.761904716491699,100,4.761904716491699,0,0,0,32353087488,8589930496,2995458048,0
199,1786321480327,1012.0157928466797,12266.666666666668,2,0.4125000000000001,907.2451477050781,12266.666666666668,2,0.4125000000000001,8041.218185424805,12266.666666666668,0,0.4125000000000001,5976.572372436523,12266.666666666668,0,0.4125000000000001,30974.100357055664,605,1715,3552,5157,605,605,605,605,0,0,0,100,0,0,0,0,32353087488,8589930496,2995458048,0
199,1786321480527,1012.0201416015625,12266.666666666668,2,0.4125000000000001,907.2485504150391,12200,0,0.4125000000000001,8041.2265625,12200,0,0.4125000000000001,5978.78938293457,12200,0,0.4125000000000001,30977.499237060547,605,1715,3552,5157,605,605,605,605,0,0,0,20,0,0,0,76.19047546386719,32353087488,8589930496,2995458048,0
199,1786321480727,1012.0242462158203,12200,2,0.41874999999999996,907.2518463134766,12200,2,0.41874999999999996,8041.233108520508,12200,0,0.41874999999999996,5981.005584716797,12200,0,0.41874999999999996,30980.898971557617,605,1715,3552,5157,605,605,605,605,0,0,0,0,0,0,0,100,32353087488,8589930496,2995458048,0
199,1786321480927,1012.0283508300781,12400,2,0.40625,907.2550506591797,12400,2,0.40625,8041.239669799805,12400,2,0.40625,5983.218276977539,12400,0,0.40625,30984.291458129883,605,1715,3552,5157,605,605,605,605,0,0,0,0,0,0,0,100,32353087488,8589930496,2995458048,0
199,1786321481127,1012.0325164794922,12333.333333333332,2,0.4125000000000001,907.2583160400391,12333.333333333332,2,0.4125000000000001,8041.246856689453,12333.333333333332,2,0.4125000000000001,5985.442291259766,12333.333333333332,0,0.4125000000000001,30987.693588256836,605,1715,3552,5157,605,605,605,605,0,0,0,0,0,0,0,100,32353087488,8589930496,2995458048,0
199,1786321481327,1012.0414886474609,12200,2,0.4125000000000001,907.2665100097656,12200,2,0.4125000000000001,8041.254989624023,12200,2,0.4125000000000001,5987.646148681641,12200,0,0.4125000000000001,30991.094940185547,605,1715,3552,5157,605,605,605,605,0,0,0,0,0,0,0,100,32353087488,8589930496,2995458048,0
199,1786321481527,1012.0457611083984,12266.666666666668,2,0.40625,907.2698669433594,12266.666666666668,2,0.40625,8041.263198852539,12266.666666666668,2,0.40625,5989.85400390625,12266.666666666668,0,0.40625,30994.49220275879,605,1715,3552,5157,605,605,605,605,0,0,0,0,0,0,0,100,32353087488,8589930496,2995458048,0
199,1786321481727,1012.0501556396484,12266.666666666668,2,0.4125000000000001,907.2733612060547,12266.666666666668,2,0.4125000000000001,8041.270111083984,12266.666666666668,2,0.4125000000000001,5992.065734863281,12266.666666666668,0,0.4125000000000001,30997.892044067383,605,1715,3552,5157,605,605,605,605,0,0,0,0,0,0,0,100,32353087488,8589930496,2995458048,0
199,1786321481927,1012.0541687011719,12266.666666666668,2,0.4125000000000001,907.2766876220703,12266.666666666668,2,0.4125000000000001,8041.278869628906,12266.666666666668,2,0.4125000000000001,5994.27897644043,12266.666666666668,0,0.4125000000000001,31001.290420532227,605,1715,3552,5157,605,605,605,605,0,0,0,0,0,0,0,100,32353087488,8589930496,2995458048,0
199,1786321482127,1012.0582885742188,12400,2,0.4125000000000001,907.2800445556641,12400,2,0.4125000000000001,8041.285980224609,12400,2,0.4125000000000001,5996.509048461914,12400,0,0.4125000000000001,31004.702529907227,605,1715,3552,5157,605,605,605,605,0,0,0,0,0,0,0,100,32353087488,8589930496,2995458048,0
199,1786321482327,1012.0626831054688,12333.333333333332,2,0.40625,907.2837677001953,12333.333333333332,2,0.40625,8041.293212890625,12333.333333333332,2,0.40625,5998.727157592773,12333.333333333332,0,0.40625,31008.10432434082,605,1715,3552,5157,605,605,605,605,0,0,0,0,0,0,0,100,32353087488,8589930496,2995458048,0
199,1786321482528,1012.0668792724609,12266.666666666668,2,0.40625,907.2872467041016,12266.666666666668,2,0.40625,8041.299896240234,12266.666666666668,2,0.40625,6000.935531616211,12266.666666666668,0,0.40625,31011.505096435547,605,1715,3552,5157,605,605,605,605,0,0,0,0,0,0,0,100,32353087488,8589930496,2995458048,0
199,1786321482728,1012.0714111328125,12333.333333333332,2,0.40625,907.2907867431641,12333.333333333332,2,0.40625,8041.307601928711,12333.333333333332,2,0.40625,6003.151184082031,12333.333333333332,0,0.40625,31014.901931762695,605,1715,3552,5157,605,605,605,605,0,0,0,0,0,0,0,100,32353087488,8589930496,2995458048,0
199,1786321482928,1012.0756225585938,12533.333333333332,2,0.40625,907.2940826416016,12533.333333333332,2,0.40625,8041.31428527832,12533.333333333332,0,0.40625,6005.361480712891,12533.333333333332,0,0.40625,31018.295623779297,605,1715,3552,5157,605,605,605,605,0,0,0,0,0,0,0,100,32353087488,8589930496,2995458048,0
199,1786321483128,1012.0798645019531,12266.666666666668,2,0.4125000000000001,907.2975769042969,12266.666666666668,0,0.4125000000000001,8041.323486328125,12266.666666666668,0,0.4125000000000001,6007.583023071289,12266.666666666668,0,0.4125000000000001,31021.701873779297,605,1715,3552,5157,605,605,605,605,0,0,0,0,0,0,0,100,32353087488,8589930496,2995458048,0
199,1786321483328,1012.0847473144531,12266.666666666668,2,0.40625,907.3009490966797,12266.666666666668,2,0.40625,8041.37629699707,12266.666666666668,0,0.40625,6009.759490966797,12266.666666666668,0,0.40625,31025.099884033203,605,1715,3552,5157,605,605,605,605,0,0,5,0,0,0,0,100,32353087488,8589930496,2995458048,0
199,1786321483528,1012.0889892578125,12266.666666666668,2,0.4125000000000001,907.3043823242188,12266.666666666668,2,0.4125000000000001,8041.38298034668,12266.666666666668,2,0.4125000000000001,6011.9697265625,12266.666666666668,0,0.4125000000000001,31028.49821472168,605,1715,3552,5157,605,605,605,605,0,0,0,0,0,0,0,100,32353087488,8589930496,2995458048,0
199,1786321483728,1012.09326171875,12266.666666666668,2,0.4125000000000001,907.3076324462891,12266.666666666668,2,0.4125000000000001,8041.394378662109,12266.666666666668,2,0.4125000000000001,6014.180389404297,12266.666666666668,0,0.4125000000000001,31031.896575927734,605,1715,3552,5157,605,605,605,605,0,0,0,0,0,0,0,100,32353087488,8589930496,2995458048,0
199,1786321483928,1012.0977325439453,12266.666666666668,2,0.40625,907.31103515625,12266.666666666668,2,0.40625,8041.401443481445,12266.666666666668,2,0.40625,6016.395355224609,12266.666666666668,0,0.40625,31035.29638671875,605,1715,3552,5157,605,605,605,605,0,0,0,0,0,0,0,100,32353087488,8589930496,2995458048,0
199,1786321484128,1012.1024169921875,12333.333333333332,2,0.4125000000000001,907.3153991699219,12333.333333333332,2,0.4125000000000001,8041.410064697266,12333.333333333332,2,0.4125000000000001,6018.614288330078,12333.333333333332,0,0.4125000000000001,31038.694564819336,605,1715,3552,5157,605,605,605,605,0,0,0,0,0,0,0,100,32353087488,8589930496,2995458048,0
199,1786321484328,1012.1066284179688,12266.666666666668,2,0.4125000000000001,907.3186950683594,12266.666666666668,2,0.4125000000000001,8041.416961669922,12266.666666666668,2,0.4125000000000001,6020.830947875977,12266.666666666668,0,0.4125000000000001,31042.094955444336,605,1715,3552,5157,605,605,605,605,0,0,0,0,0,0,0,100,32353087488,8589930496,2995458048,0
199,1786321484528,1012.1115264892578,12600,2,0.40625,907.3230285644531,12600,2,0.40625,8041.423522949219,12600,2,0.40625,6023.050277709961,12600,0,0.40625,31045.485305786133,605,1715,3552,5157,605,605,605,605,0,0,0,0,0,0,0,100,32353087488,8589930496,2995458048,0
199,1786321484728,1012.1160583496094,12266.666666666668,2,0.40625,907.3273773193359,12266.666666666668,2,0.40625,8041.430252075195,12266.666666666668,2,0.40625,6025.290557861328,12266.666666666668,0,0.40625,31048.912826538086,605,1715,3552,5157,605,605,605,605,0,0,0,0,0,0,0,100,32353087488,8589930496,2995458048,0
199,1786321484929,1012.1204681396484,12333.333333333332,2,0.4125000000000001,907.3307952880859,12333.333333333332,2,0.4125000000000001,8041.436950683594,12333.333333333332,2,0.4125000000000001,6027.500717163086,12333.333333333332,0,0.4125000000000001,31052.309158325195,605,1715,3552,5157,605,605,605,605,0,0,0,0,0,0,0,100,32353087488,8589930496,2995458048,0
199,1786321485129,1012.1246490478516,12200,2,0.4125000000000001,907.3340759277344,12200,2,0.4125000000000001,8041.445693969727,12200,2,0.4125000000000001,6029.721282958984,12200,0,0.4125000000000001,31055.709579467773,605,1715,3552,5157,605,605,605,605,0,0,4.761904716491699,0,0,0,0,100,32353087488,8589930496,2995458048,0
199,1786321485329,1012.1293334960938,12266.666666666668,2,0.40625,907.3398895263672,12266.666666666668,2,0.40625,8041.456893920898,12266.666666666668,2,0.40625,6031.9283447265625,12266.666666666668,0,0.40625,31059.106170654297,605,1715,3552,5157,605,605,605,605,0,0,4.761904716491699,0,0,0,0,100,32353087488,8589930496,2995445760,0
199,1786321485529,1012.133544921875,12333.333333333332,2,0.40625,907.3433990478516,12333.333333333332,0,0.4125000000000001,8041.463577270508,12333.333333333332,0,0.4125000000000001,6034.144943237305,12333.333333333332,0,0.4125000000000001,31062.50325012207,605,1715,3552,5157,605,605,605,605,0,0,0,0,0,0,0,100,32353087488,8589930496,2995445760,0
199,1786321485729,1012.1376495361328,12266.666666666668,2,0.40625,907.3465118408203,12266.666666666668,0,0.40625,8041.470077514648,12266.666666666668,0,0.40625,6036.3609619140625,12266.666666666668,0,0.40625,31065.904022216797,605,1715,3552,5157,605,605,605,605,0,0,0,0,0,0,0,100,32353087488,8589930496,2995445760,0
199,1786321485929,1012.1417083740234,12266.666666666668,2,0.40625,907.3497924804688,12266.666666666668,2,0.40625,8041.476623535156,12266.666666666668,0,0.40625,6038.574920654297,12266.666666666668,0,0.40625,31069.303497314453,605,1715,3552,5157,605,605,605,605,0,0,0,0,0,0,0,100,32353087488,8589930496,2995445760,0
199,1786321486129,1012.1466827392578,12266.666666666668,2,0.4125000000000001,907.3543701171875,12266.666666666668,2,0.4125000000000001,8041.483215332031,12266.666666666668,2,0.4125000000000001,6040.7999267578125,12266.666666666668,0,0.4125000000000001,31072.704956054688,605,1715,3552,5157,605,605,605,605,0,0,0,0,0,0,0,100,32353087488,8589930496,2995445760,0
199,1786321486329,1012.1509246826172,12266.666666666668,2,0.4125000000000001,907.3578948974609,12266.666666666668,2,0.4125000000000001,8041.491729736328,12266.666666666668,2,0.4125000000000001,6043.011276245117,12266.666666666668,0,0.4125000000000001,31076.102828979492,605,1715,3552,5157,605,605,605,605,0,0,0,0,0,0,0,100,32353087488,8589930496,2995445760,0
199,1786321486529,1012.1551971435547,12266.666666666668,2,0.40625,907.3615570068359,12266.666666666668,2,0.40625,8041.49870300293,12266.666666666668,2,0.40625,6045.222930908203,12266.666666666668,0,0.40625,31079.500213623047,605,1715,3552,5157,605,605,605,605,0,0,0,0,0,0,0,100,32353087488,8589930496,2995445760,0
199,1786321486729,1012.1603088378906,12866.666666666666,2,0.38749999999999996,907.3659820556641,12866.666666666666,2,0.38749999999999996,8041.505920410156,12866.666666666666,2,0.38749999999999996,6047.444732666016,12866.666666666666,0,0.38749999999999996,31082.885147094727,605,1715,3552,5157,605,605,605,605,0,0,0,0,0,0,0,100,32353087488,8589930496,2995445760,0
199,1786321486929,1012.1656646728516,12133.333333333332,2,0.4125000000000001,907.3705444335938,12133.333333333332,2,0.4125000000000001,8041.512893676758,12133.333333333332,2,0.4125000000000001,6049.690139770508,12133.333333333332,0,0.4125000000000001,31086.3065032959,605,1715,3552,5157,605,605,605,605,0,0,0,0,0,0,0,100,32353087488,8589930496,2995445760,0
199,1786321487129,1012.1698913574219,12266.666666666668,2,0.40625,907.3738708496094,12266.666666666668,2,0.40625,8041.521591186523,12266.666666666668,2,0.40625,6051.900115966797,12266.666666666668,0,0.40625,31089.699813842773,605,1715,3552,5157,605,605,605,605,0,0,0,0,0,0,0,100,32353087488,8589930496,2995445760,0
199,1786321487330,1012.1743774414063,12200,2,0.40625,907.3773040771484,12200,2,0.40625,8041.528671264648,12200,2,0.40625,6054.122817993164,12200,0,0.40625,31093.115829467773,605,1715,3552,5157,605,605,605,605,0,0,4.761904716491699,0,0,0,0,100,32353087488,8589930496,2995445760,0
199,1786321487530,1012.1788177490234,12200,2,0.41874999999999996,907.3810119628906,12200,2,0.41874999999999996,8041.535995483398,12200,2,0.41874999999999996,6056.334976196289,12200,0,0.41874999999999996,31096.514617919922,605,1715,3552,5157,605,605,605,605,0,0,0,0,0,0,0,100,32353087488,8589930496,2995445760,0
199,1786321487730,1012.1830444335938,12266.666666666668,2,0.4125000000000001,907.3843841552734,12266.666666666668,2,0.4125000000000001,8041.542724609375,12266.666666666668,2,0.4125000000000001,6058.539932250977,12266.666666666668,0,0.4125000000000001,31099.91192626953,605,1715,3552,5157,605,605,605,605,0,0,0,0,0,0,0,100,32353087488,8589930496,2995445760,0
199,1786321487930,1012.1898498535156,12333.333333333332,2,0.40625,907.3902587890625,12333.333333333332,2,0.40625,8041.550491333008,12333.333333333332,2,0.40625,6060.784942626953,12333.333333333332,0,0.40625,31103.313278198242,605,1715,3552,5157,605,605,605,605,0,0,0,0,0,0,0,100,32353087488,8589930496,2995445760,0
199,1786321488130,1012.1940460205078,12266.666666666668,2,0.40625,907.3937683105469,12266.666666666668,0,0.40625,8041.557540893555,12266.666666666668,0,0.40625,6062.995864868164,12266.666666666668,0,0.40625,31106.71319580078,605,1715,3552,5157,605,605,605,605,0,0,0,0,0,0,0,100,32353087488,8589930496,2995445760,0
199,1786321488330,1012.1992950439453,12666.666666666668,2,0.3999999999999999,907.3983001708984,12666.666666666668,2,0.3999999999999999,8041.564483642578,12666.666666666668,0,0.3999999999999999,6065.211563110352,12666.666666666668,0,0.3999999999999999,31110.10023498535,605,1715,3552,5157,605,605,605,605,0,0,0,0,0,0,0,100,32353087488,8589930496,2995445760,0
199,1786321488530,1012.2037811279297,12266.666666666668,2,0.41874999999999996,907.4023895263672,12266.666666666668,2,0.41874999999999996,8041.571044921875,12266.666666666668,2,0.41874999999999996,6067.433029174805,12266.666666666668,0,0.41874999999999996,31113.512008666992,605,1715,3552,5157,605,605,605,605,0,0,0,0,0,0,0,100,32353087488,8589930496,2995445760,0
199,1786321488730,1012.2079467773438,12200,2,0.4125000000000001,907.4057312011719,12200,2,0.4125000000000001,8041.577484130859,12200,2,0.4125000000000001,6069.643081665039,12200,0,0.4125000000000001,31116.909622192383,605,1715,3552,5157,605,605,605,605,0,0,0,0,0,0,0,100,32353087488,8589930496,2995445760,0
199,1786321488930,1012.2122344970703,12266.666666666668,2,0.40625,907.4092559814453,12266.666666666668,2,0.40625,8041.584457397461,12266.666666666668,2,0.40625,6071.854873657227,12266.666666666668,0,0.40625,31120.306838989258,605,1715,3552,5157,605,605,605,605,0,0,0,0,0,0,0,100,32353087488,8589930496,2995445760,0
199,1786321489130,1012.2167053222656,13266.666666666666,2,0.375,907.4130401611328,13266.666666666666,2,0.375,8041.59309387207,13266.666666666666,2,0.375,6074.056411743164,13266.666666666666,0,0.375,31123.677764892578,605,1715,3552,5157,605,605,605,605,4.761904716491699,0,0,0,0,0,0,100,32353087488,8589930496,2995445760,0
199,1786321489330,1012.2261962890625,12333.333333333332,2,0.40625,907.4210968017578,12333.333333333332,2,0.40625,8041.605926513672,12333.333333333332,2,0.40625,6076.274063110352,12333.333333333332,0,0.40625,31127.104248046875,605,1715,3552,5157,605,605,605,605,0,4.761904716491699,0,0,0,4.761904716491699,0,100,32353087488,8589930496,2995445760,0
199,1786321489530,1012.2298736572266,12200,2,0.4125000000000001,907.4254913330078,12200,2,0.4125000000000001,8041.614685058594,12200,2,0.4125000000000001,6078.486999511719,12200,0,0.4125000000000001,31130.50538635254,605,1715,3552,5157,605,605,605,605,0,0,0,0,0,0,0,100,32353087488,8589930496,2995445760,0
199,1786321489731,1012.2332305908203,12266.666666666668,2,0.4125000000000001,907.4298706054688,12266.666666666668,2,0.4125000000000001,8041.622497558594,12266.666666666668,2,0.4125000000000001,6080.699432373047,12266.666666666668,0,0.4125000000000001,31133.901779174805,605,1715,3552,5157,605,605,605,605,0,0,0,0,0,0,0,100,32353087488,8589930496,2995445760,0
199,1786321489931,1012.23681640625,12266.666666666668,2,0.4125000000000001,907.434326171875,12266.666666666668,2,0.4125000000000001,8041.629531860352,12266.666666666668,2,0.4125000000000001,6082.921249389648,12266.666666666668,0,0.4125000000000001,31137.316925048828,605,1715,3552,5157,605,605,605,605,0,0,0,0,0,0,0,100,32353087488,8589930496,2995445760,0
199,1786321490131,1012.2403411865234,12266.666666666668,2,0.4125000000000001,907.4387817382813,12266.666666666668,2,0.4125000000000001,8041.63671875,12266.666666666668,2,0.4125000000000001,6085.135314941406,12266.666666666668,0,0.4125000000000001,31140.716537475586,605,1715,3552,5157,605,605,605,605,0,0,0,0,0,0,0,100,32353087488,8589930496,2995445760,0
199,1786321490331,1012.2442626953125,12200,2,0.4125000000000001,907.4436187744141,12200,2,0.4125000000000001,8041.643890380859,12200,2,0.4125000000000001,6087.344940185547,12200,0,0.4125000000000001,31144.11538696289,605,1715,3552,5157,605,605,605,605,0,4.761904716491699,0,0,0,0,0,100,32353087488,8589930496,2995445760,0
199,1786321490531,1012.2482299804688,12266.666666666668,2,0.40625,907.4482116699219,12266.666666666668,2,0.40625,8041.650115966797,12266.666666666668,2,0.40625,6089.557189941406,12266.666666666668,0,0.40625,31147.51235961914,605,1715,3552,5157,605,605,605,605,0,0,0,0,0,0,0,100,32353087488,8589930496,2995445760,0
199,1786321490731,1012.2518920898438,12266.666666666668,2,0.4125000000000001,907.4525604248047,12266.666666666668,2,0.4125000000000001,8041.65625,12266.666666666668,2,0.4125000000000001,6091.767929077148,12200,0,0.4125000000000001,31150.91246032715,605,1715,3552,5157,605,605,605,605,0,0,0,0,0,0,0,100,32353087488,8589930496,2995445760,0
199,1786321490931,1012.2554931640625,12200,2,0.41874999999999996,907.4568634033203,12200,0,0.4125000000000001,8041.662628173828,12200,2,0.4125000000000001,6093.975051879883,12200,0,0.4125000000000001,31154.311935424805,605,1715,3552,5157,605,605,605,605,0,0,0,0,0,0,0,100,32353087488,8589930496,2995445760,0
199,1786321491131,1012.2590637207031,12266.666666666668,2,0.4125000000000001,907.4611053466797,12266.666666666668,2,0.4125000000000001,8041.668762207031,12266.666666666668,2,0.4125000000000001,6096.182571411133,12266.666666666668,0,0.4125000000000001,31157.71014404297,605,1715,3552,5157,605,605,605,605,0,0,0,0,0,0,0,100,32353087488,8589930496,2995445760,0
199,1786321491331,1012.2633514404297,12266.666666666668,2,0.40625,907.4655609130859,12266.666666666668,2,0.40625,8041.6754150390625,12266.666666666668,2,0.40625,6098.393280029297,12266.666666666668,0,0.40625,31161.10873413086,605,1715,3552,5157,605,605,605,605,0,0,0,0,0,0,0,100,32353087488,8589930496,2995445760,0
199,1786321491531,1012.2673187255859,12266.666666666668,2,0.40625,907.4703979492188,12266.666666666668,2,0.40625,8041.681732177734,12266.666666666668,2,0.40625,6100.608612060547,12266.666666666668,0,0.40625,31164.508071899414,605,1715,3552,5157,605,605,605,605,0,0,0,0,0,0,0,100,32353087488,8589930496,2995445760,0
199,1786321491731,1012.2707214355469,12200,2,0.4125000000000001,907.4745788574219,12200,2,0.4125000000000001,8041.688262939453,12200,2,0.4125000000000001,6102.82585144043,12200,0,0.4125000000000001,31167.90737915039,605,1715,3552,5157,605,605,605,605,0,0,4.761904716491699,0,0,0,0,100,32353087488,8589930496,2995445760,0
199,1786321491931,1012.2741394042969,12266.666666666668,2,0.4125000000000001,907.47900390625,12266.666666666668,2,0.4125000000000001,8041.694778442383,12266.666666666668,2,0.4125000000000001,6105.03662109375,12266.666666666668,0,0.4125000000000001,31171.30551147461,605,1715,3552,5157,605,605,605,605,0,0,0,0,0,0,0,100,32353087488,8589930496,2995445760,0
199,1786321492132,1012.2777404785156,12266.666666666668,2,0.4125000000000001,907.4837493896484,12266.666666666668,2,0.4125000000000001,8041.701248168945,12266.666666666668,2,0.4125000000000001,6107.250137329102,12266.666666666668,0,0.4125000000000001,31174.704208374023,605,1715,3552,5157,605,605,605,605,0,0,0,0,0,0,0,100,32353087488,8589930496,2995445760,0
199,1786321492332,1012.2812042236328,12266.666666666668,2,0.40625,907.4881134033203,12266.666666666668,2,0.40625,8041.707702636719,12266.666666666668,2,0.40625,6109.470199584961,12266.666666666668,0,0.40625,31178.119873046875,605,1715,3552,5157,605,605,605,605,0,0,0,0,0,0,0,100,32353087488,8589930496,2995445760,0
199,1786321492532,1012.2847595214844,12200,2,0.40625,907.4927978515625,12200,2,0.40625,8041.715591430664,12200,2,0.40625,6111.677444458008,12200,0,0.40625,31181.519653320313,605,1715,3552,5157,605,605,605,605,0,0,0,0,0,0,0,100,32353087488,8589930496,2995445760,0
199,1786321492732,1012.2881774902344,12266.666666666668,2,0.4125000000000001,907.4974060058594,12266.666666666668,2,0.4125000000000001,8041.722106933594,12266.666666666668,2,0.4125000000000001,6113.888534545898,12266.666666666668,0,0.4125000000000001,31184.91827392578,605,1715,3552,5157,605,605,605,605,0,0,0,0,0,0,0,100,32353087488,8589930496,2995445760,0
199,1786321492932,1012.2922973632813,13533.333333333334,2,0.3687499999999999,907.5024261474609,13533.333333333334,2,0.3687499999999999,8041.728729248047,13533.333333333334,2,0.3687499999999999,6116.088775634766,13533.333333333334,0,0.3687499999999999,31188.281814575195,605,1715,3552,5157,605,605,605,605,0,0,0,0,0,0,0,100,32353087488,8589930496,2995445760,0
199,1786321493132,1012.2982330322266,13266.666666666666,2,0.375,907.5093383789063,13266.666666666666,2,0.375,8041.735305786133,13266.666666666666,2,0.375,6118.338180541992,13266.666666666666,0,0.375,31191.693389892578,605,1715,3552,5157,605,605,605,605,0,0,0,0,0,0,0,100,32353087488,8589930496,2995445760,0
199,1786321493332,1012.3023529052734,12266.666666666668,2,0.40625,907.5169677734375,12266.666666666668,0,0.40625,8041.742370605469,12266.666666666668,0,0.40625,6120.558074951172,12266.666666666668,0,0.40625,31195.12144470215,605,1715,3552,5157,605,605,605,605,0,0,0,0,0,0,0,100,32353087488,8589930496,2995441664,0
199,1786321493532,1012.3059234619141,12266.666666666668,2,0.4125000000000001,907.5216979980469,12266.666666666668,2,0.4125000000000001,8041.748977661133,12266.666666666668,0,0.4125000000000001,6122.768768310547,12266.666666666668,0,0.4125000000000001,31198.5184173584,605,1715,3552,5157,605,605,605,605,0,0,0,0,0,0,0,100,32353087488,8589930496,2995441664,0
199,1786321493732,1012.3092956542969,12266.666666666668,2,0.40625,907.5264282226563,12266.666666666668,2,0.40625,8041.755447387695,12266.666666666668,2,0.40625,6124.980865478516,12266.666666666668,0,0.40625,31201.915725708008,605,1715,3552,5157,605,605,605,605,0,0,0,0,0,0,0,100,32353087488,8589930496,2995441664,0
199,1786321493932,1012.3127288818359,12400,2,0.40625,907.5311889648438,12400,2,0.40625,8041.762313842773,12400,2,0.40625,6127.190841674805,12400,0,0.40625,31205.31101989746,605,1715,3552,5157,605,605,605,605,0,0,4.761904716491699,0,0,0,0,100,32353087488,8589930496,2995441664,0
199,1786321494132,1012.3164825439453,12266.666666666668,2,0.4125000000000001,907.5362701416016,12266.666666666668,2,0.4125000000000001,8041.769134521484,12266.666666666668,2,0.4125000000000001,6129.407562255859,12266.666666666668,0,0.4125000000000001,31208.712509155273,605,1715,3552,5157,605,605,605,605,0,0,0,0,0,0,0,100,32353087488,8589930496,2995441664,0
199,1786321494333,1012.3199157714844,12266.666666666668,2,0.40625,907.5411529541016,12266.666666666668,2,0.40625,8041.775817871094,12266.666666666668,2,0.40625,6131.618713378906,12266.666666666668,0,0.40625,31212.111740112305,605,1715,3552,5157,605,605,605,605,0,0,0,0,0,0,0,100,32353087488,8589930496,2995441664,0
199,1786321494533,1012.3235778808594,12266.666666666668,2,0.40625,907.5461120605469,12266.666666666668,2,0.40625,8041.782363891602,12266.666666666668,2,0.40625,6133.830612182617,12266.666666666668,0,0.40625,31215.51025390625,605,1715,3552,5157,605,605,605,605,0,0,0,0,0,0,0,100,32353087488,8589930496,2995441664,0
199,1786321494733,1012.3270111083984,12266.666666666668,2,0.40625,907.55126953125,12266.666666666668,2,0.40625,8041.789764404297,12266.666666666668,2,0.40625,6136.048858642578,12266.666666666668,0,0.40625,31218.909423828125,605,1715,3552,5157,605,605,605,605,0,0,0,0,0,0,0,100,32353087488,8589930496,2995441664,0
199,1786321494933,1012.3304138183594,12200,2,0.41874999999999996,907.5561065673828,12200,2,0.41874999999999996,8041.797561645508,12200,2,0.41874999999999996,6138.272369384766,12200,0,0.41874999999999996,31222.325942993164,605,1715,3552,5157,605,605,605,605,0,0,0,0,0,0,0,100,32353087488,8589930496,2995441664,0
199,1786321495133,1012.33544921875,13466.666666666666,2,0.3687499999999999,907.5622253417969,13466.666666666666,2,0.3687499999999999,8041.804092407227,13466.666666666666,2,0.3687499999999999,6140.487564086914,13466.666666666666,0,0.3687499999999999,31225.69319152832,605,1715,3552,5157,605,605,605,605,0,0,0,0,0,0,0,100,32353087488,8589930496,2995441664,0
199,1786321495333,1012.3887023925781,12266.666666666668,2,0.4125000000000001,907.5677490234375,12266.666666666668,2,0.4125000000000001,8041.810195922852,12266.666666666668,2,0.4125000000000001,6142.687713623047,12266.666666666668,0,0.4125000000000001,31229.12661743164,605,1715,3552,5157,605,605,605,605,5,0,0,0,0,0,0,100,32353087488,8589930496,2995437568,0
199,1786321495533,1012.3923034667969,12133.333333333332,2,0.41874999999999996,907.5723266601563,12133.333333333332,2,0.41874999999999996,8041.818618774414,12133.333333333332,2,0.41874999999999996,6144.8995361328125,12133.333333333332,0,0.41874999999999996,31232.527267456055,605,1715,3552,5157,605,605,605,605,0,0,0,0,0,0,0,100,32353087488,8589930496,2995437568,0
199,1786321495733,1012.3956756591797,12266.666666666668,2,0.40625,907.5770111083984,12266.666666666668,0,0.40625,8041.825057983398,12266.666666666668,0,0.40625,6147.1044921875,12266.666666666668,0,0.40625,31235.921173095703,605,1715,3552,5157,605,605,605,605,0,0,0,0,0,0,0,100,32353087488,8589930496,2995437568,0
199,1786321495933,1012.3990020751953,12200,2,0.4125000000000001,907.5818176269531,12200,0,0.4125000000000001,8041.831604003906,12200,0,0.4125000000000001,6149.317718505859,12200,0,0.4125000000000001,31239.32147216797,605,1715,3552,5157,605,605,605,605,0,0,0,0,0,0,0,100,32353087488,8589930496,2995437568,0
199,1786321496133,1012.5269470214844,16666.666666666664,0,0.30000000000000004,907.7288208007813,16666.666666666664,2,0.30000000000000004,8042.062530517578,16666.666666666664,0,0.30000000000000004,6151.01237487793,16666.666666666664,0,0.30000000000000004,31242.6170501709,605,1715,3552,5157,605,605,605,605,5,0,5,0,5,0,10,78.94737243652344,32353087488,8589930496,2817024000,0
199,1786321496333,1012.5475006103516,11866.666666666668,2,0.42500000000000004,907.7358703613281,11866.666666666668,2,0.42500000000000004,8044.298004150391,11866.666666666668,0,0.42500000000000004,6151.057556152344,11800,0,0.42500000000000004,31246.144622802734,605,1715,3552,5157,605,605,605,605,0,0,4.761904716491699,4.761904716491699,0,0,100,0,32353087488,8589930496,2998951936,0
200,1786321496533,1012.552490234375,12200,2,0.4125000000000001,907.7419281005859,12200,2,0.4125000000000001,8046.491790771484,12200,0,0.4125000000000001,6151.075469970703,12200,2,0.4125000000000001,31249.53077697754,605,1715,3552,5157,605,605,605,605,0,0,0,0,0,0,100,0,32353087488,8589930496,2998951936,0
200,1786321496733,1012.5563201904297,12333.333333333332,2,0.4125000000000001,907.7483520507813,12333.333333333332,2,0.4125000000000001,8048.704177856445,12333.333333333332,0,0.4125000000000001,6151.081848144531,12333.333333333332,2,0.4125000000000001,31252.924530029297,605,1715,3552,5157,605,605,605,605,0,0,0,0,0,0,100,0,32353087488,8589930496,2998951936,0
199,1786321496934,1012.5602264404297,12400,2,0.40625,907.7563934326172,12400,2,0.40625,8050.914505004883,12400,0,0.40625,6151.088104248047,12400,2,0.40625,31256.319564819336,605,1715,3552,5157,605,605,605,605,0,0,0,0,0,0,100,0,32353087488,8589930496,2998951936,0
199,1786321497134,1012.5644836425781,12333.333333333332,2,0.40625,907.7630767822266,12333.333333333332,2,0.40625,8053.129623413086,12333.333333333332,0,0.40625,6151.09619140625,12333.333333333332,2,0.40625,31259.73469543457,605,1715,3552,5157,605,605,605,605,0,0,0,0,0,0,100,0,32353087488,8589930496,2999017472,0
199,1786321497334,1012.5696105957031,12266.666666666668,2,0.4125000000000001,907.7725067138672,12266.666666666668,2,0.4125000000000001,8055.333251953125,12266.666666666668,0,0.4125000000000001,6151.111022949219,12266.666666666668,2,0.4125000000000001,31263.13591003418,605,1715,3552,5157,605,605,605,605,0,0,0,0,0,0,100,0,32353087488,8589930496,2999017472,0
199,1786321497534,1012.5735931396484,12200,2,0.4125000000000001,907.7786712646484,12200,2,0.4125000000000001,8057.540679931641,12200,0,0.4125000000000001,6151.118209838867,12200,2,0.4125000000000001,31266.535125732422,605,1715,3552,5157,605,605,605,605,0,0,0,0,0,0,100,0,32353087488,8589930496,2999017472,0
199,1786321497734,1012.5774841308594,12333.333333333332,2,0.4125000000000001,907.7848052978516,12333.333333333332,2,0.4125000000000001,8059.752883911133,12333.333333333332,0,0.4125000000000001,6151.127212524414,12333.333333333332,2,0.4125000000000001,31269.929489135742,605,1715,3552,5157,605,605,605,605,0,0,0,0,0,0,100,0,32353087488,8589930496,2999017472,0
199,1786321497934,1012.5813446044922,12200,2,0.4125000000000001,907.7909393310547,12200,2,0.4125000000000001,8061.967788696289,12200,0,0.4125000000000001,6151.133743286133,12200,2,0.4125000000000001,31273.332611083984,605,1715,3552,5157,605,605,605,605,0,0,0,0,0,0,100,0,32353087488,8589930496,2999017472,0
199,1786321498134,1012.5853729248047,12266.666666666668,2,0.40625,907.79736328125,12266.666666666668,2,0.40625,8064.175796508789,12266.666666666668,0,0.40625,6151.1402587890625,12266.666666666668,2,0.40625,31276.728713989258,605,1715,3552,5157,605,605,605,605,0,0,0,0,0,0,100,0,32353087488,8589930496,2999017472,0
199,1786321498334,1012.5895233154297,12200,2,0.4125000000000001,907.8041076660156,12200,2,0.4125000000000001,8066.386337280273,12200,0,0.4125000000000001,6151.147018432617,12200,0,0.4125000000000001,31280.12776184082,605,1715,3552,5157,605,605,605,605,0,0,0,0,0,0,100,0,32353087488,8589930496,2999017472,0
199,1786321498534,1012.5935974121094,12266.666666666668,0,0.40625,907.8102416992188,12266.666666666668,2,0.40625,8068.595672607422,12266.666666666668,0,0.40625,6151.155242919922,12266.666666666668,0,0.40625,31283.526290893555,605,1715,3552,5157,605,605,605,605,0,0,0,0,0,0,100,0,32353087488,8589930496,2999017472,0
199,1786321498734,1012.5979919433594,12333.333333333332,2,0.4125000000000001,907.8163909912109,12333.333333333332,2,0.4125000000000001,8070.806503295898,12333.333333333332,0,0.4125000000000001,6151.161972045898,12333.333333333332,0,0.4125000000000001,31286.922271728516,605,1715,3552,5157,605,605,605,605,0,0,0,0,0,0,100,0,32353087488,8589930496,2999017472,0
199,1786321498934,1012.6019744873047,12133.333333333332,2,0.41874999999999996,907.822509765625,12133.333333333332,2,0.41874999999999996,8073.024398803711,12133.333333333332,0,0.41874999999999996,6151.168548583984,12133.333333333332,2,0.41874999999999996,31290.32814025879,605,1715,3552,5157,605,605,605,605,0,0,0,4.761904716491699,0,0,100,0,32353087488,8589930496,2999017472,0
199,1786321499135,1012.6060485839844,12266.666666666668,2,0.4125000000000001,907.8286437988281,12266.666666666668,2,0.4125000000000001,8075.230316162109,12266.666666666668,0,0.4125000000000001,6151.175476074219,12266.666666666668,2,0.4125000000000001,31293.721145629883,605,1715,3552,5157,605,605,605,605,0,0,0,0,0,0,100,0,32353087488,8589930496,2999017472,0
199,1786321499335,1012.6101837158203,12200,2,0.40625,907.835205078125,12200,2,0.40625,8077.435241699219,12200,0,0.40625,6151.182723999023,12200,2,0.40625,31297.121673583984,605,1715,3552,5157,605,605,605,605,0,0,0,0,0,0,100,0,32353087488,8589930496,2999017472,0
199,1786321499535,1012.6143341064453,12266.666666666668,2,0.40625,907.8414154052734,12266.666666666668,2,0.40625,8079.645065307617,12266.666666666668,0,0.40625,6151.190017700195,12266.666666666668,2,0.40625,31300.52067565918,605,1715,3552,5157,605,605,605,605,0,0,0,4.761904716491699,0,0,100,0,32353087488,8589930496,2999017472,0
199,1786321499735,1012.6180572509766,12266.666666666668,2,0.4125000000000001,907.8475646972656,12266.666666666668,2,0.4125000000000001,8081.8597412109375,12266.666666666668,0,0.4125000000000001,6151.196640014648,12266.666666666668,2,0.4125000000000001,31303.919219970703,605,1715,3552,5157,605,605,605,605,0,0,0,0,0,0,100,0,32353087488,8589930496,2999017472,0
199,1786321499935,1012.6220703125,12333.333333333332,2,0.40625,907.8536987304688,12333.333333333332,2,0.40625,8084.077682495117,12333.333333333332,0,0.40625,6151.204010009766,12333.333333333332,2,0.40625,31307.333908081055,605,1715,3552,5157,605,605,605,605,0,0,0,0,0,0,100,0,32353087488,8589930496,2999017472,0
199,1786321500135,1012.6261901855469,12200,2,0.4125000000000001,907.8605041503906,12200,2,0.4125000000000001,8086.28190612793,12200,0,0.4125000000000001,6151.214218139648,12200,2,0.4125000000000001,31310.734802246094,605,1715,3552,5157,605,605,605,605,0,0,0,0,0,0,100,0,32353087488,8589930496,2999017472,0
199,1786321500335,1012.6303100585938,12266.666666666668,2,0.40625,907.8671875,12266.666666666668,2,0.40625,8088.490905761719,12266.666666666668,0,0.40625,6151.222366333008,12266.666666666668,2,0.40625,31314.13330078125,605,1715,3552,5157,605,605,605,605,0,0,0,0,0,0,100,0,32353087488,8589930496,2999017472,0
199,1786321500535,1012.6347198486328,12266.666666666668,2,0.4125000000000001,907.8733215332031,12266.666666666668,2,0.4125000000000001,8090.700378417969,12266.666666666668,0,0.4125000000000001,6151.22917175293,12266.666666666668,2,0.4125000000000001,31317.53173828125,605,1715,3552,5157,605,605,605,605,0,0,0,0,0,0,100,0,32353087488,8589930496,2999017472,0
199,1786321500735,1012.6389923095703,12400,2,0.40625,907.8794555664063,12400,2,0.40625,8092.913375854492,12400,0,0.40625,6151.235595703125,12400,2,0.40625,31320.927352905273,605,1715,3552,5157,605,605,605,605,0,0,0,0,0,0,100,0,32353087488,8589930496,2999017472,0
199,1786321500935,1012.6438446044922,12266.666666666668,0,0.4125000000000001,907.8861846923828,12266.666666666668,2,0.4125000000000001,8095.1346435546875,12266.666666666668,0,0.4125000000000001,6151.242095947266,12266.666666666668,0,0.4125000000000001,31324.330444335938,605,1715,3552,5157,605,605,605,605,0,0,0,0,0,0,100,0,32353087488,8589930496,2999017472,0
199,1786321501135,1012.6480407714844,12200,2,0.4125000000000001,907.892333984375,12200,2,0.4125000000000001,8097.35400390625,12200,0,0.4125000000000001,6151.248718261719,12200,0,0.4125000000000001,31327.730438232422,605,1715,3552,5157,605,605,605,605,0,0,4.761904716491699,0,0,0,100,0,32353087488,8589930496,2999017472,0
199,1786321501336,1012.6527099609375,12066.666666666668,2,0.41874999999999996,907.9064025878906,12066.666666666668,2,0.41874999999999996,8099.550689697266,12066.666666666668,0,0.41874999999999996,6151.260162353516,12066.666666666668,2,0.41874999999999996,31331.13247680664,605,1715,3552,5157,605,605,605,605,0,0,0,0,0,0,100,0,32353087488,8589930496,2999017472,0
199,1786321501536,1012.6580963134766,12200,2,0.4125000000000001,907.9125366210938,12200,2,0.4125000000000001,8101.769729614258,12200,0,0.4125000000000001,6151.267486572266,12200,2,0.4125000000000001,31334.529586791992,605,1715,3552,5157,605,605,605,605,0,0,0,0,0,0,100,0,32353087488,8589930496,2999017472,0
199,1786321501736,1012.6623382568359,12266.666666666668,2,0.40625,907.9187164306641,12266.666666666668,2,0.40625,8103.982376098633,12266.666666666668,0,0.40625,6151.274398803711,12266.666666666668,2,0.40625,31337.925064086914,605,1715,3552,5157,605,605,605,605,0,0,0,0,0,0,100,0,32353087488,8589930496,2999017472,0
199,1786321501936,1012.6671752929688,12400,2,0.40625,907.9248504638672,12400,2,0.40625,8106.195114135742,12400,0,0.40625,6151.280853271484,12400,2,0.40625,31341.320861816406,605,1715,3552,5157,605,605,605,605,0,0,0,0,0,0,100,0,32353087488,8589930496,2999017472,0
199,1786321502136,1012.6717376708984,12266.666666666668,2,0.4125000000000001,907.9309844970703,12266.666666666668,2,0.4125000000000001,8108.404220581055,12266.666666666668,0,0.4125000000000001,6151.287551879883,12266.666666666668,2,0.4125000000000001,31344.723892211914,605,1715,3552,5157,605,605,605,605,0,0,0,0,0,0,100,0,32353087488,8589930496,2999017472,0
199,1786321502336,1012.6757507324219,12200,2,0.4125000000000001,907.9384765625,12200,2,0.4125000000000001,8110.622222900391,12200,0,0.4125000000000001,6151.294570922852,12200,2,0.4125000000000001,31348.140426635742,605,1715,3552,5157,605,605,605,605,0,0,0,0,0,0,100,0,32353087488,8589930496,2999017472,0
199,1786321502536,1012.6802520751953,12200,2,0.41874999999999996,907.9446411132813,12200,2,0.41874999999999996,8112.837112426758,12200,0,0.41874999999999996,6151.301513671875,12200,2,0.41874999999999996,31351.5390625,605,1715,3552,5157,605,605,605,605,0,0,0,0,0,0,100,0,32353087488,8589930496,2999017472,0
199,1786321502736,1012.6845703125,12133.333333333332,2,0.4125000000000001,907.9507904052734,12133.333333333332,2,0.4125000000000001,8115.044815063477,12133.333333333332,0,0.4125000000000001,6151.309051513672,12133.333333333332,2,0.4125000000000001,31354.940460205078,605,1715,3552,5157,605,605,605,605,0,0,0,0,0,0,100,0,32353087488,8589930496,2999017472,0
199,1786321502936,1012.6885070800781,12400,2,0.4125000000000001,907.9569244384766,12400,2,0.4125000000000001,8117.252304077148,12400,0,0.4125000000000001,6151.316619873047,12400,2,0.4125000000000001,31358.331802368164,605,1715,3552,5157,605,605,605,605,0,0,0,0,0,0,100,0,32353087488,8589930496,2999017472,0
199,1786321503136,1012.6925201416016,12266.666666666668,2,0.40625,907.9630584716797,12266.666666666668,2,0.4125000000000001,8119.46240234375,12266.666666666668,0,0.4125000000000001,6151.323181152344,12266.666666666668,0,0.4125000000000001,31361.734405517578,605,1715,3552,5157,605,605,605,605,0,0,0,0,0,0,100,0,32353087488,8589930496,2999017472,0
199,1786321503336,1012.6971588134766,12266.666666666668,0,0.4125000000000001,907.9699249267578,12266.666666666668,0,0.4125000000000001,8121.667343139648,12266.666666666668,0,0.4125000000000001,6151.329864501953,12266.666666666668,2,0.4125000000000001,31365.133575439453,605,1715,3552,5157,605,605,605,605,0,0,0,0,0,0,100,0,32353087488,8589930496,2999017472,0
199,1786321503537,1012.7046966552734,12266.666666666668,0,0.40625,907.9762115478516,12266.666666666668,2,0.40625,8123.873336791992,12266.666666666668,0,0.40625,6151.336395263672,12266.666666666668,2,0.40625,31368.531204223633,605,1715,3552,5157,605,605,605,605,0,0,0,4.761904716491699,0,0,100,0,32353087488,8589930496,2999017472,0
199,1786321503737,1012.7102203369141,12200,2,0.41874999999999996,907.9824523925781,12200,2,0.41874999999999996,8126.095260620117,12200,0,0.41874999999999996,6151.343292236328,12200,2,0.41874999999999996,31371.93504333496,605,1715,3552,5157,605,605,605,605,0,0,0,0,0,0,100,0,32353087488,8589930496,2999017472,0
199,1786321503937,1012.7152099609375,12266.666666666668,2,0.40625,907.989013671875,12266.666666666668,2,0.40625,8128.310287475586,12266.666666666668,0,0.40625,6151.349761962891,12266.666666666668,2,0.40625,31375.332550048828,605,1715,3552,5157,605,605,605,605,0,0,0,4.761904716491699,0,0,100,0,32353087488,8589930496,2999017472,0
199,1786321504137,1012.7194213867188,12400,2,0.40625,907.9952239990234,12400,2,0.40625,8130.515106201172,12400,0,0.40625,6151.356369018555,12400,2,0.40625,31378.726989746094,605,1715,3552,5157,605,605,605,605,0,0,0,0,0,0,100,0,32353087488,8589930496,2999017472,0
199,1786321504337,1012.7236328125,12133.333333333332,2,0.4125000000000001,908.0017852783203,12133.333333333332,2,0.4125000000000001,8132.725173950195,12133.333333333332,0,0.4125000000000001,6151.363754272461,12133.333333333332,2,0.4125000000000001,31382.132614135742,605,1715,3552,5157,605,605,605,605,0,0,0,0,0,0,100,0,32353087488,8589930496,2999017472,0
199,1786321504537,1012.7274627685547,12200,2,0.4125000000000001,908.0079956054688,12200,2,0.4125000000000001,8134.934051513672,12200,0,0.4125000000000001,6151.370803833008,12200,2,0.4125000000000001,31385.528244018555,605,1715,3552,5157,605,605,605,605,0,0,0,0,0,0,100,0,32353087488,8589930496,2999017472,0
199,1786321504737,1012.7321166992188,13333.333333333334,2,0.3812500000000001,908.0142059326172,13333.333333333334,2,0.3812500000000001,8137.135070800781,13333.333333333334,0,0.3812500000000001,6151.37776184082,13333.333333333334,2,0.3812500000000001,31388.914459228516,605,1715,3552,5157,605,605,605,605,0,0,0,0,0,0,100,0,32353087488,8589930496,2999017472,0
199,1786321504937,1012.7375030517578,12266.666666666668,2,0.40625,908.0205383300781,12266.666666666668,2,0.40625,8139.366348266602,12266.666666666668,0,0.40625,6151.384582519531,12266.666666666668,2,0.40625,31392.34358215332,605,1715,3552,5157,605,605,605,605,0,0,0,0,0,0,100,0,32353087488,8589930496,2999017472,0
199,1786321505137,1012.7419128417969,12200,2,0.4125000000000001,908.0267333984375,12200,2,0.4125000000000001,8141.579208374023,12200,0,0.4125000000000001,6151.392013549805,12200,2,0.4125000000000001,31395.7449798584,605,1715,3552,5157,605,605,605,605,0,0,0,0,0,0,100,0,32353087488,8589930496,2999017472,0
199,1786321505337,1012.7463073730469,12266.666666666668,2,0.40625,908.0356597900391,12266.666666666668,2,0.4125000000000001,8143.77717590332,12266.666666666668,0,0.4125000000000001,6151.400787353516,12266.666666666668,0,0.4125000000000001,31399.140625,605,1715,3552,5157,605,605,605,605,0,4.761904716491699,0,0,0,0,100,0,32353087488,8589930496,2999017472,0
199,1786321505537,1012.7517242431641,12266.666666666668,2,0.40625,908.0418548583984,12266.666666666668,2,0.40625,8145.986312866211,12266.666666666668,0,0.40625,6151.409484863281,12266.666666666668,0,0.40625,31402.540252685547,605,1715,3552,5157,605,605,605,605,0,0,0,0,0,0,100,0,32353087488,8589930496,2999017472,0
199,1786321505738,1012.7563934326172,12266.666666666668,2,0.40625,908.0480194091797,12333.333333333332,2,0.40625,8148.192230224609,12333.333333333332,0,0.40625,6151.417587280273,12333.333333333332,0,0.40625,31405.9376373291,605,1715,3552,5157,605,605,605,605,0,0,0,0,0,0,100,0,32353087488,8589930496,2999017472,0
199,1786321505938,1012.7603759765625,12133.333333333332,2,0.41874999999999996,908.0542144775391,12133.333333333332,2,0.41874999999999996,8150.404281616211,12133.333333333332,0,0.41874999999999996,6151.425643920898,12133.333333333332,0,0.41874999999999996,31409.340225219727,605,1715,3552,5157,605,605,605,605,0,0,0,0,0,0,100,0,32353087488,8589930496,2999017472,0
199,1786321506138,1012.7648620605469,12266.666666666668,2,0.4125000000000001,908.0603942871094,12266.666666666668,2,0.4125000000000001,8152.607131958008,12266.666666666668,0,0.4125000000000001,6151.433822631836,12266.666666666668,2,0.4125000000000001,31412.735443115234,605,1715,3552,5157,605,605,605,605,0,0,0,0,0,0,100,0,32353087488,8589930496,2999017472,0
199,1786321506338,1012.7705993652344,12333.333333333332,2,0.4125000000000001,908.0671234130859,12333.333333333332,2,0.4125000000000001,8154.813140869141,12333.333333333332,0,0.4125000000000001,6151.440582275391,12333.333333333332,2,0.4125000000000001,31416.133590698242,605,1715,3552,5157,605,605,605,605,0,0,0,0,0,0,100,0,32353087488,8589930496,2998996992,0
199,1786321506538,1012.7751770019531,12200,2,0.4125000000000001,908.0733642578125,12200,2,0.4125000000000001,8157.020523071289,12200,0,0.4125000000000001,6151.446990966797,12200,2,0.4125000000000001,31419.534774780273,605,1715,3552,5157,605,605,605,605,0,0,0,0,0,0,100,0,32353087488,8589930496,2998996992,0
199,1786321506738,1012.7808685302734,12266.666666666668,2,0.40625,908.0795593261719,12266.666666666668,2,0.40625,8159.231719970703,12266.666666666668,0,0.40625,6151.4532470703125,12266.666666666668,2,0.40625,31422.934158325195,605,1715,3552,5157,605,605,605,605,0,0,0,0,0,0,100,0,32353087488,8589930496,2998996992,0
199,1786321506938,1012.7853088378906,12200,2,0.41874999999999996,908.0857696533203,12200,2,0.41874999999999996,8161.441711425781,12200,0,0.41874999999999996,6151.459548950195,12200,2,0.41874999999999996,31426.334228515625,605,1715,3552,5157,605,605,605,605,0,0,0,0,0,0,100,0,32353087488,8589930496,2998996992,0
199,1786321507138,1012.7913513183594,12200,2,0.40625,908.0919799804688,12200,2,0.40625,8163.64128112793,12200,0,0.40625,6151.465835571289,12200,2,0.40625,31429.748626708984,605,1715,3552,5157,605,605,605,605,0,0,0,0,0,0,100,0,32353087488,8589930496,2998996992,0
199,1786321507338,1012.7960205078125,12266.666666666668,2,0.41874999999999996,908.100341796875,12266.666666666668,2,0.41874999999999996,8165.814712524414,12266.666666666668,0,0.41874999999999996,6151.521759033203,12266.666666666668,2,0.41874999999999996,31433.14515686035,605,1715,3552,5157,605,605,605,605,0,0,0,5,0,0,100,0,32353087488,8589930496,2998996992,0
199,1786321507538,1012.8005523681641,12200,2,0.4125000000000001,908.1069793701172,12200,2,0.4125000000000001,8168.013397216797,12200,0,0.4125000000000001,6151.530532836914,12200,2,0.4125000000000001,31436.545455932617,605,1715,3552,5157,605,605,605,605,0,4.761904716491699,0,0,0,0,100,0,32353087488,8589930496,2998996992,0
199,1786321507738,1012.8052825927734,12266.666666666668,2,0.4125000000000001,908.1131591796875,12266.666666666668,2,0.4125000000000001,8170.213516235352,12266.666666666668,0,0.4125000000000001,6151.539642333984,12266.666666666668,2,0.4125000000000001,31439.943908691406,605,1715,3552,5157,605,605,605,605,0,0,0,0,0,0,100,0,32353087488,8589930496,2998996992,0
199,1786321507939,1012.8096313476563,12200,2,0.4125000000000001,908.1193084716797,12200,2,0.4125000000000001,8172.418533325195,12200,0,0.4125000000000001,6151.547500610352,12200,0,0.4125000000000001,31443.34294128418,605,1715,3552,5157,605,605,605,605,0,0,0,0,0,0,100,0,32353087488,8589930496,2998996992,0
199,1786321508139,1012.8147735595703,12333.333333333332,0,0.40625,908.1254425048828,12333.333333333332,2,0.40625,8174.62336730957,12333.333333333332,0,0.40625,6151.555419921875,12333.333333333332,0,0.40625,31446.738708496094,605,1715,3552,5157,605,605,605,605,0,0,0,0,0,0,100,0,32353087488,8589930496,2998099968,0
199,1786321508339,1012.8200836181641,12266.666666666668,2,0.40625,908.1318206787109,12266.666666666668,2,0.40625,8176.828765869141,12266.666666666668,0,0.40625,6151.562149047852,12266.666666666668,0,0.40625,31450.14126586914,605,1715,3552,5157,605,605,605,605,0,0,0,0,0,0,100,4.761904716491699,32353087488,8589930496,2997903360,0
199,1786321508539,1012.8292236328125,12000,2,0.41874999999999996,908.1484680175781,12000,2,0.41874999999999996,8179.000061035156,12000,0,0.41874999999999996,6151.587997436523,12000,2,0.41874999999999996,31453.544921875,605,1715,3552,5157,605,605,605,605,0,0,0,0,0,9.090909004211426,100,0,32353087488,8589930496,2998145024,0
199,1786321508739,1012.8345642089844,12266.666666666668,2,0.40625,908.1548309326172,12266.666666666668,2,0.40625,8181.193130493164,12266.666666666668,0,0.40625,6151.596466064453,12266.666666666668,2,0.40625,31456.937301635742,605,1715,3552,5157,605,605,605,605,0,0,0,0,0,0,100,0,32353087488,8589930496,2998145024,0
199,1786321508939,1012.8392333984375,12266.666666666668,2,0.40625,908.1610412597656,12266.666666666668,2,0.40625,8183.393615722656,12266.666666666668,0,0.40625,6151.605316162109,12266.666666666668,2,0.40625,31460.336959838867,605,1715,3552,5157,605,605,605,605,0,0,0,0,0,0,100,0,32353087488,8589930496,2998145024,0
199,1786321509139,1012.8438720703125,12266.666666666668,2,0.4125000000000001,908.1672515869141,12266.666666666668,2,0.4125000000000001,8185.595703125,12266.666666666668,0,0.4125000000000001,6151.612564086914,12266.666666666668,2,0.4125000000000001,31463.73715209961,605,1715,3552,5157,605,605,605,605,0,0,0,0,0,0,100,0,32353087488,8589930496,2998145024,0
199,1786321509339,1012.8483428955078,12200,2,0.41874999999999996,908.1744384765625,12200,2,0.41874999999999996,8187.803161621094,12200,0,0.41874999999999996,6151.6239013671875,12200,2,0.41874999999999996,31467.153579711914,605,1715,3552,5157,605,605,605,605,0,0,0,0,0,0,100,0,32353087488,8589930496,2997526528,0
199,1786321509539,1012.8533020019531,12266.666666666668,2,0.40625,908.1811676025391,12266.666666666668,2,0.40625,8190.002990722656,12266.666666666668,0,0.40625,6151.631973266602,12266.666666666668,2,0.40625,31470.55145263672,605,1715,3552,5157,605,605,605,605,0,0,0,0,0,0,100,0,32353087488,8589930496,2997526528,0
199,1786321509739,1012.8580169677734,12266.666666666668,2,0.40625,908.1874542236328,12266.666666666668,2,0.40625,8192.203125,12266.666666666668,0,0.40625,6151.639572143555,12266.666666666668,2,0.40625,31473.949417114258,605,1715,3552,5157,605,605,605,605,0,0,0,0,0,0,100,0,32353087488,8589930496,2997526528,0
199,1786321509939,1012.8623657226563,12066.666666666668,2,0.4125000000000001,908.1936798095703,12066.666666666668,2,0.4125000000000001,8194.415069580078,12066.666666666668,0,0.4125000000000001,6151.647506713867,12066.666666666668,2,0.4125000000000001,31477.35418701172,605,1715,3552,5157,605,605,605,605,0,0,0,0,0,0,100,0,32353087488,8589930496,2997526528,0
199,1786321510140,1012.8672027587891,12200,2,0.4125000000000001,908.2000122070313,12200,2,0.4125000000000001,8196.614776611328,12200,0,0.4125000000000001,6151.656539916992,12200,0,0.4125000000000001,31480.74952697754,605,1715,3552,5157,605,605,605,605,0,0,0,0,4.761904716491699,0,100,0,32353087488,8589930496,2997526528,0
199,1786321510340,1012.8715515136719,12200,2,0.40625,908.2073364257813,12200,2,0.40625,8198.811080932617,12200,0,0.40625,6151.663192749023,12200,0,0.4125000000000001,31484.14779663086,605,1715,3552,5157,605,605,605,605,0,0,0,0,0,0,100,4.761904716491699,32353087488,8589930496,2997526528,0
199,1786321510540,1012.8761444091797,12200,0,0.4125000000000001,908.2140655517578,12200,0,0.4125000000000001,8201.015090942383,12200,0,0.4125000000000001,6151.671691894531,12200,0,0.4125000000000001,31487.54722595215,605,1715,3552,5157,605,605,605,605,0,0,0,0,0,0,100,0,32353087488,8589930496,2997526528,0
199,1786321510740,1012.8807220458984,12333.333333333332,2,0.40625,908.2202758789063,12333.333333333332,2,0.40625,8203.218383789063,12333.333333333332,0,0.40625,6151.67822265625,12333.333333333332,0,0.40625,31490.943252563477,605,1715,3552,5157,605,605,605,605,0,0,0,0,0,0,100,0,32353087488,8589930496,2997526528,0
199,1786321510940,1012.8857574462891,12333.333333333332,2,0.4125000000000001,908.2265472412109,12333.333333333332,2,0.4125000000000001,8205.429138183594,12333.333333333332,0,0.4125000000000001,6151.68473815918,12333.333333333332,2,0.4125000000000001,31494.341537475586,605,1715,3552,5157,605,605,605,605,0,0,0,0,0,0,100,0,32353087488,8589930496,2997526528,0
199,1786321511140,1012.8909149169922,12333.333333333332,2,0.40625,908.2327728271484,12333.333333333332,2,0.40625,8207.635971069336,12333.333333333332,0,0.40625,6151.6923828125,12333.333333333332,2,0.40625,31497.740447998047,605,1715,3552,5157,605,605,605,605,0,0,0,0,0,0,100,0,32353087488,8589930496,2997526528,0
199,1786321511340,1012.8962554931641,12266.666666666668,2,0.40625,908.2393341064453,12266.666666666668,2,0.40625,8209.839584350586,12266.666666666668,0,0.40625,6151.701675415039,12266.666666666668,2,0.40625,31501.141876220703,605,1715,3552,5157,605,605,605,605,0,0,0,0,0,0,100,0,32353087488,8589930496,2997526528,0
199,1786321511540,1012.9019012451172,12266.666666666668,2,0.4125000000000001,908.2456970214844,12266.666666666668,2,0.4125000000000001,8212.046432495117,12266.666666666668,0,0.4125000000000001,6151.709030151367,12266.666666666668,2,0.4125000000000001,31504.542236328125,605,1715,3552,5157,605,605,605,605,0,0,0,0,0,0,100,0,32353087488,8589930496,2997526528,0
199,1786321511740,1012.9071655273438,12333.333333333332,2,0.40625,908.2519073486328,12333.333333333332,2,0.40625,8214.251266479492,12333.333333333332,0,0.40625,6151.715911865234,12333.333333333332,2,0.40625,31507.939239501953,605,1715,3552,5157,605,605,605,605,0,0,0,0,0,0,100,0,32353087488,8589930496,2997526528,0
199,1786321511940,1012.9119720458984,12333.333333333332,2,0.40625,908.2581481933594,12333.333333333332,2,0.40625,8216.458679199219,12333.333333333332,0,0.40625,6151.723876953125,12333.333333333332,2,0.40625,31511.354598999023,605,1715,3552,5157,605,605,605,605,0,0,0,0,0,0,100,0,32353087488,8589930496,2997526528,0
199,1786321512140,1012.9170837402344,12333.333333333332,2,0.40625,908.264404296875,12333.333333333332,2,0.40625,8218.67642211914,12333.333333333332,0,0.40625,6151.730743408203,12333.333333333332,2,0.40625,31514.75358581543,605,1715,3552,5157,605,605,605,605,0,0,0,0,0,0,100,0,32353087488,8589930496,2997526528,0
199,1786321512340,1012.9225006103516,12266.666666666668,2,0.40625,908.2706298828125,12266.666666666668,2,0.40625,8220.883972167969,12266.666666666668,0,0.40625,6151.738952636719,12266.666666666668,2,0.40625,31518.153884887695,605,1715,3552,5157,605,605,605,605,0,0,0,0,0,0,100,0,32353087488,8589930496,2997526528,0
199,1786321512541,1012.9272613525391,12266.666666666668,2,0.40625,908.2774353027344,12266.666666666668,2,0.40625,8223.090194702148,12266.666666666668,0,0.40625,6151.747375488281,12266.666666666668,2,0.40625,31521.55288696289,605,1715,3552,5157,605,605,605,605,0,0,0,0,0,0,100,0,32353087488,8589930496,2997526528,0
199,1786321512741,1012.9331359863281,12466.666666666668,2,0.3999999999999999,908.2835998535156,12466.666666666668,2,0.3999999999999999,8225.308181762695,12466.666666666668,0,0.3999999999999999,6151.756042480469,12466.666666666668,0,0.3999999999999999,31524.94906616211,605,1715,3552,5157,605,605,605,605,0,0,0,0,0,0,100,0,32353087488,8589930496,2997526528,0
199,1786321512941,1012.9373016357422,12266.666666666668,0,0.40625,908.2898101806641,12266.666666666668,2,0.40625,8227.514999389648,12266.666666666668,0,0.40625,6151.765182495117,12266.666666666668,0,0.40625,31528.353515625,605,1715,3552,5157,605,605,605,605,0,0,0,0,0,0,100,4.761904716491699,32353087488,8589930496,2997526528,0
199,1786321513141,1012.9417266845703,12333.333333333332,2,0.40625,908.2960510253906,12333.333333333332,2,0.4125000000000001,8229.721069335938,12333.333333333332,0,0.4125000000000001,6151.771713256836,12333.333333333332,0,0.4125000000000001,31531.750366210938,605,1715,3552,5157,605,605,605,605,0,0,0,0,0,0,100,0,32353087488,8589930496,2997526528,0
199,1786321513341,1012.9475555419922,12400,2,0.40625,908.3038482666016,12400,2,0.40625,8231.934005737305,12400,0,0.40625,6151.781234741211,12400,2,0.40625,31535.147079467773,605,1715,3552,5157,605,605,605,605,0,0,0,0,0,0,100,0,32353087488,8589930496,2997526528,0
199,1786321513541,1012.9535217285156,12333.333333333332,2,0.40625,908.3104553222656,12333.333333333332,2,0.40625,8234.141876220703,12333.333333333332,0,0.40625,6151.790191650391,12333.333333333332,2,0.40625,31538.548553466797,605,1715,3552,5157,605,605,605,605,0,0,0,0,0,0,100,0,32353087488,8589930496,2997526528,0
199,1786321513741,1012.9580841064453,12133.333333333332,2,0.41874999999999996,908.3165893554688,12133.333333333332,2,0.41874999999999996,8236.341278076172,12133.333333333332,0,0.41874999999999996,6151.802474975586,12133.333333333332,2,0.41874999999999996,31541.953216552734,605,1715,3552,5157,605,605,605,605,0,0,4.761904716491699,0,0,0,100,0,32353087488,8589930496,2997526528,0
199,1786321513941,1012.9624633789063,12200,2,0.41874999999999996,908.3230743408203,12200,2,0.41874999999999996,8238.544799804688,12200,0,0.41874999999999996,6151.810211181641,12200,2,0.41874999999999996,31545.349319458008,605,1715,3552,5157,605,605,605,605,0,0,0,0,0,0,100,0,32353087488,8589930496,2997526528,0
199,1786321514141,1012.9673461914063,12466.666666666668,2,0.40625,908.3292999267578,12466.666666666668,2,0.40625,8240.748474121094,12466.666666666668,0,0.40625,6151.818359375,12466.666666666668,2,0.40625,31548.741973876953,605,1715,3552,5157,605,605,605,605,0,0,0,0,0,0,100,0,32353087488,8589930496,2997526528,0
199,1786321514341,1012.972900390625,12400,2,0.3999999999999999,908.3360443115234,12400,2,0.3999999999999999,8242.97769165039,12400,0,0.3999999999999999,6151.8275146484375,12400,2,0.3999999999999999,31552.159759521484,605,1715,3552,5157,605,605,605,605,0,0,0,0,0,0,100,4.761904716491699,32353087488,8589930496,2997526528,0
199,1786321514541,1012.9776916503906,12200,2,0.4125000000000001,908.3426055908203,12200,2,0.4125000000000001,8245.182647705078,12200,0,0.4125000000000001,6151.836868286133,12200,2,0.4125000000000001,31555.564498901367,605,1715,3552,5157,605,605,605,605,0,0,0,0,0,0,100,0,32353087488,8589930496,2997526528,0
199,1786321514742,1012.9819946289063,12133.333333333332,2,0.4125000000000001,908.3488616943359,12133.333333333332,2,0.4125000000000001,8247.382827758789,12133.333333333332,0,0.4125000000000001,6151.845123291016,12133.333333333332,2,0.4125000000000001,31558.964080810547,605,1715,3552,5157,605,605,605,605,0,0,0,0,0,0,100,0,32353087488,8589930496,2997526528,0
199,1786321514942,1012.9875030517578,12333.333333333332,2,0.40625,908.3550415039063,12333.333333333332,2,0.40625,8249.586395263672,12333.333333333332,0,0.40625,6151.85334777832,12333.333333333332,0,0.40625,31562.357131958008,605,1715,3552,5157,605,605,605,605,0,0,0,0,0,0,100,0,32353087488,8589930496,2997526528,0
199,1786321515142,1012.9922790527344,12133.333333333332,2,0.41874999999999996,908.3612976074219,12133.333333333332,2,0.41874999999999996,8251.797225952148,12133.333333333332,0,0.4125000000000001,6151.861633300781,12133.333333333332,0,0.4125000000000001,31565.761428833008,605,1715,3552,5157,605,605,605,605,0,0,0,0,0,0,100,0,32353087488,8589930496,2997526528,0
199,1786321515342,1012.9975433349609,12200,2,0.4125000000000001,908.36767578125,12200,2,0.4125000000000001,8254.00407409668,12200,0,0.4125000000000001,6151.868118286133,12200,0,0.4125000000000001,31569.157791137695,605,1715,3552,5157,605,605,605,605,0,0,0,0,0,0,100,0,32353087488,8589930496,2997526528,0
199,1786321515542,1013.0030517578125,12266.666666666668,2,0.40625,908.3740844726563,12266.666666666668,2,0.40625,8256.208419799805,12266.666666666668,0,0.40625,6151.874725341797,12266.666666666668,0,0.40625,31572.555450439453,605,1715,3552,5157,605,605,605,605,0,0,0,0,0,0,100,0,32353087488,8589930496,2997526528,0
199,1786321515742,1013.0082244873047,12133.333333333332,2,0.4125000000000001,908.3804321289063,12133.333333333332,2,0.4125000000000001,8258.414749145508,12133.333333333332,0,0.4125000000000001,6151.881622314453,12133.333333333332,2,0.4125000000000001,31575.958114624023,605,1715,3552,5157,605,605,605,605,0,0,0,0,0,0,100,0,32353087488,8589930496,2997526528,0
199,1786321515942,1013.0128021240234,12066.666666666668,2,0.4125000000000001,908.3865814208984,12066.666666666668,2,0.4125000000000001,8260.624603271484,12066.666666666668,0,0.4125000000000001,6151.88818359375,12066.666666666668,2,0.4125000000000001,31579.358428955078,605,1715,3552,5157,605,605,605,605,0,0,0,0,0,0,100,0,32353087488,8589930496,2997526528,0
199,1786321516142,1013.0171203613281,12200,2,0.4125000000000001,908.3930511474609,12200,2,0.4125000000000001,8262.821365356445,12200,0,0.4125000000000001,6151.894714355469,12200,2,0.4125000000000001,31582.752868652344,605,1715,3552,5157,605,605,605,605,0,0,0,0,0,0,100,0,32353087488,8589930496,2997526528,0
199,1786321516342,1013.0213623046875,12266.666666666668,2,0.4125000000000001,908.3998565673828,12266.666666666668,2,0.4125000000000001,8265.020690917969,12266.666666666668,0,0.4125000000000001,6151.901428222656,12266.666666666668,2,0.4125000000000001,31586.15037536621,605,1715,3552,5157,605,605,605,605,0,0,0,0,0,0,100,0,32353087488,8589930496,2997526528,0
199,1786321516542,1013.0250854492188,12066.666666666668,2,0.4125000000000001,908.4062347412109,12066.666666666668,2,0.4125000000000001,8267.227462768555,12066.666666666668,0,0.4125000000000001,6151.90803527832,12066.666666666668,2,0.4125000000000001,31589.552810668945,605,1715,3552,5157,605,605,605,605,0,0,0,0,0,0,100,0,32353087488,8589930496,2997526528,0
199,1786321516742,1013.0289916992188,12200,2,0.4125000000000001,908.4125061035156,12200,2,0.4125000000000001,8269.427627563477,12200,0,0.4125000000000001,6151.91487121582,12200,2,0.4125000000000001,31592.965103149414,605,1715,3552,5157,605,605,605,605,0,0,0,0,0,0,100,0,32353087488,8589930496,2997526528,0
199,1786321516943,1013.0332489013672,12200,2,0.4125000000000001,908.4186859130859,12200,2,0.4125000000000001,8271.642456054688,12200,0,0.4125000000000001,6151.922393798828,12200,2,0.4125000000000001,31596.36427307129,605,1715,3552,5157,605,605,605,605,0,0,0,4.761904716491699,0,0,100,0,32353087488,8589930496,2997526528,0
199,1786321517143,1013.038818359375,12333.333333333332,2,0.40625,908.4252471923828,12333.333333333332,2,0.40625,8273.865905761719,12333.333333333332,0,0.40625,6151.930374145508,12333.333333333332,2,0.40625,31599.763793945313,605,1715,3552,5157,605,605,605,605,0,0,0,0,0,0,100,0,32353087488,8589930496,2997526528,0
199,1786321517343,1013.2075805664063,12400,2,0.40625,908.6105499267578,12400,2,0.40625,8275.622360229492,12400,0,0.40625,6152.123687744141,12400,0,0.40625,31603.173461914063,605,1715,3552,5157,605,605,605,605,0,0,0,5,0,0,80.95238494873047,5.263157844543457,32353087488,8589930496,3003981824,0
199,1786321517543,1013.2129974365234,12200,2,0.4125000000000001,908.6170959472656,12200,2,0.4125000000000001,8277.822036743164,12200,0,0.4125000000000001,6152.13134765625,12200,0,0.4125000000000001,31606.574768066406,605,1715,3552,5157,605,605,605,605,0,0,0,0,0,0,100,0,32353087488,8589930496,3003981824,0
199,1786321517743,1013.2183074951172,12200,0,0.4125000000000001,908.6262512207031,12200,2,0.4125000000000001,8280.01937866211,12200,0,0.4125000000000001,6152.138610839844,12200,0,0.4125000000000001,31609.972763061523,605,1715,3552,5157,605,605,605,605,0,0,0,0,0,0,100,0,32353087488,8589930496,3003981824,0
199,1786321517943,1013.2234954833984,12066.666666666668,2,0.41874999999999996,908.6325225830078,12066.666666666668,2,0.41874999999999996,8282.223434448242,12066.666666666668,0,0.41874999999999996,6152.147567749023,12066.666666666668,0,0.41874999999999996,31613.374481201172,605,1715,3552,5157,605,605,605,605,0,0,0,0,0,0,100,0,32353087488,8589930496,3003981824,0
199,1786321518143,1013.2285308837891,12266.666666666668,2,0.40625,908.6386413574219,12266.666666666668,2,0.40625,8284.423828125,12266.666666666668,0,0.40625,6152.154067993164,12266.666666666668,2,0.40625,31616.766998291016,605,1715,3552,5157,605,605,605,605,0,0,0,0,0,0,100,0,32353087488,8589930496,3004100608,0
199,1786321518343,1013.2341461181641,12266.666666666668,2,0.4125000000000001,908.6454772949219,12266.666666666668,2,0.4125000000000001,8286.623947143555,12266.666666666668,0,0.4125000000000001,6152.161331176758,12266.666666666668,2,0.4125000000000001,31620.163955688477,605,1715,3552,5157,605,605,605,605,0,0,0,0,0,0,100,0,32353087488,8589930496,3004100608,0
199,1786321518543,1013.2393188476563,12200,2,0.4125000000000001,908.6522369384766,12200,2,0.4125000000000001,8288.825012207031,12200,0,0.4125000000000001,6152.169479370117,12200,2,0.4125000000000001,31623.563018798828,605,1715,3552,5157,605,605,605,605,0,0,0,0,0,0,100,0,32353087488,8589930496,3004100608,0
199,1786321518743,1013.2443695068359,12266.666666666668,2,0.40625,908.6585693359375,12266.666666666668,2,0.40625,8291.030502319336,12266.666666666668,0,0.40625,6152.176895141602,12266.666666666668,2,0.40625,31626.959991455078,605,1715,3552,5157,605,605,605,605,0,0,0,0,0,0,100,0,32353087488,8589930496,3004100608,0
199,1786321518943,1013.2498168945313,12200,2,0.4125000000000001,908.6647491455078,12200,2,0.4125000000000001,8293.237686157227,12200,0,0.4125000000000001,6152.18391418457,12200,2,0.4125000000000001,31630.360153198242,605,1715,3552,5157,605,605,605,605,0,0,0,0,0,0,100,0,32353087488,8589930496,3004100608,0
199,1786321519143,1013.2557067871094,12266.666666666668,2,0.4125000000000001,908.6708831787109,12266.666666666668,2,0.4125000000000001,8295.444732666016,12266.666666666668,0,0.4125000000000001,6152.191070556641,12266.666666666668,2,0.4125000000000001,31633.775360107422,605,1715,3552,5157,605,605,605,605,0,0,0,4.761904716491699,0,0,100,0,32353087488,8589930496,3004100608,0
199,1786321519344,1013.2613677978516,13333.333333333334,2,0.375,908.6807098388672,13333.333333333334,2,0.375,8296.430053710938,13333.333333333334,2,0.375,6153.417739868164,13333.333333333334,0,0.375,31637.14324951172,605,1715,3552,5157,605,605,605,605,0,4.761904716491699,5,57.142860412597656,0,0,42.105262756347656,0,32353087488,8589930496,3004100608,0
199,1786321519544,1013.2702178955078,12266.666666666668,2,0.40625,908.6869049072266,12266.666666666668,2,0.40625,8296.436294555664,12266.666666666668,2,0.40625,6155.653823852539,12266.666666666668,0,0.40625,31640.573348999023,605,1715,3552,5157,605,605,605,605,0,0,0,100,4.761904716491699,0,0,0,32353087488,8589930496,3004100608,0
199,1786321519744,1013.2775573730469,12333.333333333332,2,0.40625,908.6928253173828,12333.333333333332,2,0.40625,8296.442901611328,12333.333333333332,0,0.40625,6157.866912841797,12333.333333333332,0,0.40625,31643.969482421875,605,1715,3552,5157,605,605,605,605,0,0,0,100,0,0,0,0,32353087488,8589930496,3004100608,0
199,1786321519944,1013.2813720703125,12333.333333333332,2,0.4125000000000001,908.6982116699219,12333.333333333332,2,0.4125000000000001,8296.449478149414,12333.333333333332,2,0.4125000000000001,6160.085433959961,12333.333333333332,0,0.4125000000000001,31647.369583129883,605,1715,3552,5157,605,605,605,605,0,0,0,100,0,0,0,0,32353087488,8589930496,3004100608,0
199,1786321520144,1013.2850341796875,12400,2,0.40625,908.7042236328125,12400,2,0.40625,8296.45590209961,12400,0,0.4125000000000001,6162.299942016602,12400,0,0.4125000000000001,31650.766845703125,605,1715,3552,5157,605,605,605,605,0,0,0,100,0,0,0,0,32353087488,8589930496,3004100608,0
199,1786321520344,1013.2889404296875,12266.666666666668,0,0.4125000000000001,908.7098388671875,12266.666666666668,2,0.4125000000000001,8296.462539672852,12266.666666666668,0,0.4125000000000001,6164.517242431641,12266.666666666668,0,0.4125000000000001,31654.16862487793,605,1715,3552,5157,605,605,605,605,0,0,0,100,0,0,0,0,32353087488,8589930496,3004100608,0
200,1786321520544,1013.2931823730469,12400,2,0.40625,908.7160034179688,12400,2,0.40625,8296.471954345703,12400,0,0.40625,6166.738357543945,12400,0,0.40625,31657.56509399414,605,1715,3552,5157,605,605,605,605,0,0,0,100,0,0,0,0,32353087488,8589930496,3004100608,0
199,1786321520744,1013.2969818115234,12266.666666666668,2,0.4125000000000001,908.7222290039063,12266.666666666668,2,0.4125000000000001,8296.478713989258,12266.666666666668,2,0.4125000000000001,6168.956726074219,12266.666666666668,0,0.4125000000000001,31660.966827392578,605,1715,3552,5157,605,605,605,605,0,0,0,100,0,0,0,0,32353087488,8589930496,3004100608,0
199,1786321520944,1013.3005981445313,12133.333333333332,2,0.41874999999999996,908.7276611328125,12133.333333333332,2,0.41874999999999996,8296.4853515625,12133.333333333332,2,0.41874999999999996,6171.180313110352,12133.333333333332,0,0.41874999999999996,31664.369140625,605,1715,3552,5157,605,605,605,605,0,0,0,100,0,0,0,0,32353087488,8589930496,3004100608,0
199,1786321521144,1013.3043365478516,12200,2,0.4125000000000001,908.7330627441406,12200,2,0.4125000000000001,8296.491912841797,12200,2,0.4125000000000001,6173.3892822265625,12200,0,0.4125000000000001,31667.765335083008,605,1715,3552,5157,605,605,605,605,0,0,0,100,0,0,0,0,32353087488,8589930496,3004100608,0
199,1786321521345,1013.312255859375,12066.666666666668,2,0.41874999999999996,908.741455078125,12066.666666666668,2,0.41874999999999996,8296.506393432617,12066.666666666668,2,0.41874999999999996,6175.594924926758,12066.666666666668,0,0.41874999999999996,31671.18669128418,605,1715,3552,5157,605,605,605,605,4.761904716491699,0,9.090909004211426,100,5,0,0,0,32353087488,8589930496,3004100608,0
199,1786321521545,1013.3160858154297,12200,2,0.4125000000000001,908.7468566894531,12200,2,0.4125000000000001,8296.515579223633,12200,2,0.4125000000000001,6177.799423217773,12200,0,0.4125000000000001,31674.580200195313,605,1715,3552,5157,605,605,605,605,0,0,0,100,0,0,0,0,32353087488,8589930496,3004100608,0
199,1786321521745,1013.3198089599609,12333.333333333332,2,0.4125000000000001,908.7525177001953,12333.333333333332,2,0.4125000000000001,8296.52473449707,12333.333333333332,2,0.4125000000000001,6180.0133056640625,12333.333333333332,0,0.4125000000000001,31677.976333618164,605,1715,3552,5157,605,605,605,605,0,0,0,100,0,0,0,0,32353087488,8589930496,3004100608,0
199,1786321521945,1013.3238067626953,12266.666666666668,2,0.4125000000000001,908.7583770751953,12266.666666666668,2,0.4125000000000001,8296.531845092773,12266.666666666668,2,0.4125000000000001,6182.225738525391,12266.666666666668,0,0.4125000000000001,31681.3770904541,605,1715,3552,5157,605,605,605,605,0,0,0,100,0,0,0,0,32353087488,8589930496,3004100608,0
199,1786321522145,1013.3273620605469,12400,2,0.40625,908.7635192871094,12400,2,0.40625,8296.538635253906,12400,2,0.40625,6184.440765380859,12400,0,0.40625,31684.77262878418,605,1715,3552,5157,605,605,605,605,0,0,0,100,0,0,0,0,32353087488,8589930496,3004100608,0
199,1786321522345,1013.3310394287109,12200,2,0.4125000000000001,908.769287109375,12200,2,0.4125000000000001,8296.54525756836,12200,2,0.4125000000000001,6186.657302856445,12200,0,0.4125000000000001,31688.17543029785,605,1715,3552,5157,605,605,605,605,0,0,0,100,0,0,0,0,32353087488,8589930496,3004100608,0
199,1786321522545,1013.3345336914063,12133.333333333332,2,0.4125000000000001,908.7745056152344,12133.333333333332,0,0.4125000000000001,8296.552185058594,12133.333333333332,0,0.4125000000000001,6188.874771118164,12133.333333333332,0,0.4125000000000001,31691.576553344727,605,1715,3552,5157,605,605,605,605,0,0,0,100,0,0,0,0,32353087488,8589930496,3004100608,0
199,1786321522745,1013.3382263183594,12333.333333333332,2,0.4125000000000001,908.7799072265625,12333.333333333332,0,0.4125000000000001,8296.558715820313,12333.333333333332,0,0.4125000000000001,6191.088760375977,12333.333333333332,0,0.4125000000000001,31694.970016479492,605,1715,3552,5157,605,605,605,605,0,0,0,100,0,0,0,0,32353087488,8589930496,3004100608,0
199,1786321522945,1013.3422698974609,12333.333333333332,2,0.40625,908.7861022949219,12333.333333333332,2,0.40625,8296.565856933594,12333.333333333332,2,0.40625,6193.304122924805,12333.333333333332,0,0.40625,31698.37074279785,605,1715,3552,5157,605,605,605,605,0,0,0,100,0,0,0,0,32353087488,8589930496,3004100608,0
199,1786321523145,1013.3459777832031,12266.666666666668,2,0.40625,908.7922058105469,12266.666666666668,2,0.40625,8296.572845458984,12266.666666666668,2,0.40625,6195.514999389648,12266.666666666668,0,0.40625,31701.771697998047,605,1715,3552,5157,605,605,605,605,0,0,0,100,0,0,0,0,32353087488,8589930496,3004100608,0
199,1786321523345,1013.3501434326172,12333.333333333332,2,0.4125000000000001,908.7981719970703,12333.333333333332,2,0.4125000000000001,8296.579803466797,12333.333333333332,2,0.4125000000000001,6197.723159790039,12333.333333333332,0,0.4125000000000001,31705.167877197266,605,1715,3552,5157,605,605,605,605,0,0,0,100,0,0,0,4.761904716491699,32353087488,8589930496,3004100608,0
199,1786321523545,1013.3539276123047,12133.333333333332,2,0.4125000000000001,908.8036346435547,12133.333333333332,2,0.4125000000000001,8296.588073730469,12133.333333333332,2,0.4125000000000001,6199.937530517578,12133.333333333332,0,0.4125000000000001,31708.570678710938,605,1715,3552,5157,605,605,605,605,0,0,0,100,0,0,0,0,32353087488,8589930496,3004100608,0
199,1786321523746,1013.3577575683594,12200,2,0.4125000000000001,908.8090362548828,12200,2,0.4125000000000001,8296.596923828125,12200,2,0.4125000000000001,6202.146820068359,12200,0,0.4125000000000001,31711.968795776367,605,1715,3552,5157,605,605,605,605,0,0,0,100,0,0,0,0,32353087488,8589930496,3004100608,0
199,1786321523946,1013.3617706298828,12266.666666666668,2,0.40625,908.8147583007813,12266.666666666668,2,0.40625,8296.605361938477,12266.666666666668,2,0.40625,6204.365127563477,12266.666666666668,0,0.40625,31715.383422851563,605,1715,3552,5157,605,605,605,605,0,0,0,100,0,0,0,0,32353087488,8589930496,3004100608,0
199,1786321524146,1013.3654174804688,12133.333333333332,2,0.4125000000000001,908.8205718994141,12133.333333333332,2,0.4125000000000001,8296.612258911133,12133.333333333332,2,0.4125000000000001,6206.58251953125,12133.333333333332,0,0.4125000000000001,31718.784210205078,605,1715,3552,5157,605,605,605,605,0,0,0,100,0,0,0,0,32353087488,8589930496,3004100608,0
199,1786321524346,1013.3701019287109,12266.666666666668,2,0.40625,908.8265533447266,12266.666666666668,2,0.40625,8296.619094848633,12266.666666666668,2,0.40625,6208.793853759766,12266.666666666668,0,0.40625,31722.181610107422,605,1715,3552,5157,605,605,605,605,0,0,0,100,0,0,0,0,32353087488,8589930496,3004100608,0
199,1786321524546,1013.3740844726563,12333.333333333332,2,0.40625,908.8325805664063,12333.333333333332,2,0.40625,8296.625930786133,12333.333333333332,2,0.40625,6211.006637573242,12333.333333333332,0,0.40625,31725.578079223633,605,1715,3552,5157,605,605,605,605,0,0,0,100,0,0,0,0,32353087488,8589930496,3004100608,0
199,1786321524746,1013.3779754638672,12333.333333333332,2,0.40625,908.8388214111328,12333.333333333332,2,0.40625,8296.632553100586,12333.333333333332,2,0.40625,6213.221817016602,12333.333333333332,0,0.40625,31728.976638793945,605,1715,3552,5157,605,605,605,605,0,0,0,100,0,0,0,0,32353087488,8589930496,3004100608,0
199,1786321524946,1013.3821105957031,12266.666666666668,2,0.4125000000000001,908.8442687988281,12266.666666666668,0,0.4125000000000001,8296.642135620117,12266.666666666668,0,0.4125000000000001,6215.433380126953,12266.666666666668,0,0.4125000000000001,31732.378387451172,605,1715,3552,5157,605,605,605,605,0,0,0,100,0,0,0,0,32353087488,8589930496,3004100608,0
199,1786321525146,1013.38623046875,12333.333333333332,2,0.40625,908.85009765625,12333.333333333332,0,0.40625,8296.648681640625,12333.333333333332,0,0.40625,6217.6480712890625,12333.333333333332,0,0.40625,31735.775833129883,605,1715,3552,5157,605,605,605,605,0,0,0,100,0,0,0,0,32353087488,8589930496,3004100608,0
199,1786321525346,1013.3910522460938,12266.666666666668,2,0.40625,908.8595428466797,12266.666666666668,2,0.40625,8296.65591430664,12266.666666666668,2,0.40625,6219.8546142578125,12266.666666666668,0,0.40625,31739.17576599121,605,1715,3552,5157,605,605,605,605,0,0,0,100,0,0,0,0,32353087488,8589930496,3004100608,0
199,1786321525546,1013.3953857421875,12200,2,0.4125000000000001,908.8646087646484,12200,2,0.4125000000000001,8296.66340637207,12200,2,0.4125000000000001,6222.065689086914,12200,0,0.4125000000000001,31742.574996948242,605,1715,3552,5157,605,605,605,605,0,0,0,5.263157844543457,0,0,0,90,32353087488,8589930496,3004100608,0
199,1786321525746,1013.3995208740234,12133.333333333332,2,0.4125000000000001,908.8681793212891,12133.333333333332,2,0.4125000000000001,8296.671127319336,12133.333333333332,2,0.4125000000000001,6224.279891967773,12133.333333333332,0,0.4125000000000001,31745.97573852539,605,1715,3552,5157,605,605,605,605,0,0,0,0,0,0,0,100,32353087488,8589930496,3004100608,0
199,1786321525947,1013.4037170410156,12266.666666666668,2,0.40625,908.8732604980469,12266.666666666668,2,0.40625,8296.678344726563,12266.666666666668,2,0.40625,6226.483535766602,12266.666666666668,0,0.40625,31749.3712310791,605,1715,3552,5157,605,605,605,605,0,0,4.761904716491699,0,0,0,0,100,32353087488,8589930496,3004100608,0
199,1786321526147,1013.4080657958984,12200,2,0.4125000000000001,908.8785705566406,12200,2,0.4125000000000001,8296.685287475586,12200,2,0.4125000000000001,6228.692672729492,12200,0,0.4125000000000001,31752.772415161133,605,1715,3552,5157,605,605,605,605,0,0,0,0,0,0,0,100,32353087488,8589930496,3004100608,0
199,1786321526347,1013.4139251708984,12133.333333333332,2,0.41874999999999996,908.8840637207031,12133.333333333332,2,0.41874999999999996,8296.692138671875,12133.333333333332,2,0.41874999999999996,6230.913360595703,12133.333333333332,0,0.41874999999999996,31756.190231323242,605,1715,3552,5157,605,605,605,605,0,0,0,0,0,0,0,100,32353087488,8589930496,3004100608,0
199,1786321526547,1013.41943359375,12200,2,0.4125000000000001,908.8892669677734,12200,2,0.4125000000000001,8296.700912475586,12200,2,0.4125000000000001,6233.106536865234,12200,0,0.4125000000000001,31759.56967163086,605,1715,3552,5157,605,605,605,605,0,0,0,0,0,0,0,100,32353087488,8589930496,3004100608,0
199,1786321526747,1013.4237670898438,12133.333333333332,2,0.4125000000000001,908.8944549560547,12133.333333333332,2,0.4125000000000001,8296.709045410156,12133.333333333332,2,0.4125000000000001,6235.326675415039,12133.333333333332,0,0.4125000000000001,31762.98634338379,605,1715,3552,5157,605,605,605,605,0,0,0,0,0,0,0,100,32353087488,8589930496,3004100608,0
199,1786321526947,1013.4282073974609,12200,2,0.4125000000000001,908.8998870849609,12200,2,0.4125000000000001,8296.716537475586,12200,2,0.4125000000000001,6237.5355224609375,12200,0,0.4125000000000001,31766.38444519043,605,1715,3552,5157,605,605,605,605,0,0,0,0,0,0,0,100,32353087488,8589930496,3004100608,0
199,1786321527147,1013.4325561523438,12266.666666666668,2,0.40625,908.9056091308594,12266.666666666668,2,0.40625,8296.724151611328,12266.666666666668,2,0.40625,6239.748321533203,12266.666666666668,0,0.40625,31769.78187561035,605,1715,3552,5157,605,605,605,605,0,0,0,0,0,0,0,100,32353087488,8589930496,3004100608,0
199,1786321527347,1013.4370269775391,12133.333333333332,2,0.4125000000000001,908.9107971191406,12133.333333333332,2,0.4125000000000001,8296.730850219727,12133.333333333332,2,0.4125000000000001,6241.956970214844,12133.333333333332,0,0.4125000000000001,31773.18327331543,605,1715,3552,5157,605,605,605,605,0,0,0,0,0,0,0,100,32353087488,8589930496,3004076032,0
199,1786321527547,1013.4416198730469,12200,2,0.4125000000000001,908.9156494140625,12200,0,0.4125000000000001,8296.740432739258,12200,0,0.4125000000000001,6244.157180786133,12200,0,0.4125000000000001,31776.581130981445,605,1715,3552,5157,605,605,605,605,0,0,0,0,0,0,0,100,32353087488,8589930496,3004076032,0
199,1786321527747,1013.4461364746094,12200,2,0.4125000000000001,908.9210968017578,12200,2,0.4125000000000001,8296.747116088867,12200,0,0.4125000000000001,6246.361770629883,12200,0,0.4125000000000001,31779.97917175293,605,1715,3552,5157,605,605,605,605,0,0,0,0,0,0,0,100,32353087488,8589930496,3004076032,0
199,1786321527947,1013.4513397216797,12400,2,0.3999999999999999,908.9265594482422,12400,2,0.3999999999999999,8296.754425048828,12400,2,0.3999999999999999,6248.568801879883,12400,0,0.3999999999999999,31783.37274169922,605,1715,3552,5157,605,605,605,605,0,0,4.761904716491699,0,0,0,0,100,32353087488,8589930496,3004076032,0
199,1786321528147,1013.455810546875,12200,2,0.4125000000000001,908.9318695068359,12200,2,0.4125000000000001,8296.761825561523,12200,2,0.4125000000000001,6250.778381347656,12200,0,0.4125000000000001,31786.77830505371,605,1715,3552,5157,605,605,605,605,0,0,0,0,0,0,0,100,32353087488,8589930496,3004076032,0
199,1786321528348,1013.4603576660156,12266.666666666668,2,0.40625,908.9370422363281,12266.666666666668,2,0.40625,8296.768966674805,12266.666666666668,2,0.40625,6252.978897094727,12266.666666666668,0,0.40625,31790.176055908203,605,1715,3552,5157,605,605,605,605,0,0,0,0,0,0,0,100,32353087488,8589930496,3004076032,0
199,1786321528548,1013.4647979736328,12200,2,0.40625,908.9422607421875,12200,2,0.40625,8296.778671264648,12200,2,0.40625,6255.181594848633,12200,0,0.40625,31793.575469970703,605,1715,3552,5157,605,605,605,605,0,0,0,0,0,0,0,100,32353087488,8589930496,3004076032,0
199,1786321528748,1013.4692687988281,12200,2,0.40625,908.9474792480469,12200,2,0.40625,8296.786407470703,12200,2,0.40625,6257.389450073242,12200,0,0.40625,31796.97491455078,605,1715,3552,5157,605,605,605,605,0,0,0,0,0,0,0,100,32353087488,8589930496,3004076032,0
199,1786321528948,1013.4736175537109,12200,2,0.4125000000000001,908.9524993896484,12200,2,0.4125000000000001,8296.793350219727,12200,2,0.4125000000000001,6259.592803955078,12200,0,0.4125000000000001,31800.3741607666,605,1715,3552,5157,605,605,605,605,0,0,0,0,0,0,0,100,32353087488,8589930496,3004076032,0
199,1786321529148,1013.4780426025391,12066.666666666668,2,0.41874999999999996,908.9578094482422,12066.666666666668,2,0.41874999999999996,8296.801956176758,12066.666666666668,2,0.41874999999999996,6261.81315612793,12066.666666666668,0,0.41874999999999996,31803.79180908203,605,1715,3552,5157,605,605,605,605,0,0,0,0,0,0,0,100,32353087488,8589930496,3004076032,0
199,1786321529348,1013.4828338623047,12200,2,0.40625,908.9660797119141,12200,2,0.40625,8296.811889648438,12200,2,0.40625,6264.00505065918,12200,0,0.40625,31807.18765258789,605,1715,3552,5157,605,605,605,605,0,5,0,0,0,0,0,100,32353087488,8589930496,3004076032,0
199,1786321529548,1013.4874725341797,12266.666666666668,2,0.40625,908.9716796875,12266.666666666668,2,0.40625,8296.820541381836,12266.666666666668,2,0.40625,6266.2135009765625,12266.666666666668,0,0.40625,31810.586318969727,605,1715,3552,5157,605,605,605,605,0,0,0,0,0,0,0,100,32353087488,8589930496,3004076032,0
199,1786321529748,1013.4918670654297,12266.666666666668,2,0.4125000000000001,908.9766082763672,12266.666666666668,2,0.4125000000000001,8296.827011108398,12266.666666666668,2,0.4125000000000001,6268.420684814453,12266.666666666668,0,0.4125000000000001,31813.985397338867,605,1715,3552,5157,605,605,605,605,0,0,0,0,0,0,0,100,32353087488,8589930496,3004076032,0
199,1786321529948,1013.4962005615234,12066.666666666668,2,0.4125000000000001,908.9809722900391,12066.666666666668,2,0.4125000000000001,8296.835052490234,12066.666666666668,0,0.4125000000000001,6270.631423950195,12066.666666666668,0,0.4125000000000001,31817.38819885254,605,1715,3552,5157,605,605,605,605,0,0,0,0,0,0,0,100,32353087488,8589930496,3004076032,0
199,1786321530148,1013.5010528564453,12200,0,0.4125000000000001,908.9851989746094,12200,0,0.4125000000000001,8296.841384887695,12200,2,0.4125000000000001,6272.837539672852,12200,0,0.4125000000000001,31820.78416442871,605,1715,3552,5157,605,605,605,605,0,0,0,0,0,0,0,100,32353087488,8589930496,3004076032,0
199,1786321530348,1013.5056610107422,12133.333333333332,2,0.4125000000000001,908.9900970458984,12133.333333333332,2,0.4125000000000001,8296.848083496094,12133.333333333332,0,0.4125000000000001,6275.044052124023,12133.333333333332,0,0.4125000000000001,31824.18424987793,605,1715,3552,5157,605,605,605,605,0,0,0,0,0,0,0,100,32353087488,8589930496,3004076032,0
199,1786321530548,1013.5108489990234,13533.333333333334,2,0.375,908.9948577880859,13533.333333333334,2,0.375,8296.856384277344,13533.333333333334,2,0.375,6277.244003295898,13533.333333333334,0,0.375,31827.546340942383,605,1715,3552,5157,605,605,605,605,0,0,0,0,0,0,0,100,32353087488,8589930496,3004076032,0
199,1786321530749,1013.5160217285156,12133.333333333332,2,0.41874999999999996,909.0000762939453,12133.333333333332,2,0.41874999999999996,8296.865692138672,12133.333333333332,2,0.41874999999999996,6279.480758666992,12133.333333333332,0,0.41874999999999996,31830.984588623047,605,1715,3552,5157,605,605,605,605,0,0,0,0,0,0,0,100,32353087488,8589930496,3004076032,0
199,1786321530949,1013.5202941894531,12200,2,0.4125000000000001,909.0043640136719,12200,2,0.4125000000000001,8296.874114990234,12200,2,0.4125000000000001,6281.683349609375,12200,0,0.4125000000000001,31834.381408691406,605,1715,3552,5157,605,605,605,605,0,0,0,0,0,0,0,100,32353087488,8589930496,3004076032,0
199,1786321531149,1013.5245361328125,12133.333333333332,2,0.4125000000000001,909.0088653564453,12133.333333333332,2,0.4125000000000001,8296.882690429688,12133.333333333332,2,0.4125000000000001,6283.889617919922,12133.333333333332,0,0.4125000000000001,31837.78010559082,605,1715,3552,5157,605,605,605,605,0,0,4.761904716491699,0,0,0,0,100,32353087488,8589930496,3004076032,0
199,1786321531349,1013.5293884277344,12133.333333333332,2,0.41874999999999996,909.012939453125,12133.333333333332,2,0.41874999999999996,8296.938888549805,12133.333333333332,2,0.41874999999999996,6286.054824829102,12133.333333333332,0,0.41874999999999996,31841.17738342285,605,1715,3552,5157,605,605,605,605,0,0,5,0,0,0,0,100,32353087488,8589930496,3004076032,0
199,1786321531549,1013.5345764160156,12200,2,0.4125000000000001,909.0179290771484,12200,2,0.4125000000000001,8296.946182250977,12200,2,0.4125000000000001,6288.273834228516,12200,0,0.4125000000000001,31844.592727661133,605,1715,3552,5157,605,605,605,605,0,0,0,0,0,0,0,100,32353087488,8589930496,3004076032,0
199,1786321531749,1013.5388488769531,12133.333333333332,2,0.4125000000000001,909.0225067138672,12133.333333333332,2,0.4125000000000001,8296.95443725586,12133.333333333332,2,0.4125000000000001,6290.48112487793,12133.333333333332,0,0.4125000000000001,31847.993377685547,605,1715,3552,5157,605,605,605,605,0,0,0,0,0,0,0,100,32353087488,8589930496,3004076032,0
199,1786321531949,1013.5431671142578,12200,2,0.4125000000000001,909.02685546875,12200,2,0.4125000000000001,8296.963012695313,12200,2,0.4125000000000001,6292.686096191406,12200,0,0.4125000000000001,31851.390991210938,605,1715,3552,5157,605,605,605,605,0,0,0,0,0,0,0,100,32353087488,8589930496,3004076032,0
199,1786321532149,1013.5474243164063,12133.333333333332,2,0.4125000000000001,909.0313873291016,12133.333333333332,2,0.4125000000000001,8296.969467163086,12133.333333333332,2,0.4125000000000001,6294.895050048828,12133.333333333332,0,0.4125000000000001,31854.791275024414,605,1715,3552,5157,605,605,605,605,0,0,0,0,0,0,0,100,32353087488,8589930496,3004076032,0
199,1786321532349,1013.5520782470703,12133.333333333332,2,0.40625,909.0362701416016,12133.333333333332,2,0.40625,8296.977554321289,12133.333333333332,0,0.40625,6297.096725463867,12133.333333333332,0,0.40625,31858.189239501953,605,1715,3552,5157,605,605,605,605,0,0,0,0,0,0,0,100,32353087488,8589930496,3004076032,0
199,1786321532549,1013.5566711425781,12133.333333333332,2,0.41874999999999996,909.0408325195313,12133.333333333332,2,0.41874999999999996,8296.985534667969,12133.333333333332,2,0.41874999999999996,6299.299133300781,12133.333333333332,0,0.4125000000000001,31861.58822631836,605,1715,3552,5157,605,605,605,605,0,0,0,0,0,0,0,100,32353087488,8589930496,3004076032,0
199,1786321532749,1013.5611572265625,12133.333333333332,2,0.41874999999999996,909.0454864501953,12133.333333333332,0,0.41874999999999996,8296.993377685547,12133.333333333332,0,0.41874999999999996,6301.506729125977,12133.333333333332,0,0.41874999999999996,31864.987258911133,605,1715,3552,5157,605,605,605,605,0,0,4.761904716491699,0,4.761904716491699,0,0,100,32353087488,8589930496,3004076032,0
199,1786321532949,1013.5654907226563,12133.333333333332,0,0.41874999999999996,909.0502624511719,12133.333333333332,2,0.41874999999999996,8296.999954223633,12133.333333333332,0,0.41874999999999996,6303.712738037109,12133.333333333332,0,0.41874999999999996,31868.386627197266,605,1715,3552,5157,605,605,605,605,0,0,0,0,0,0,0,100,32353087488,8589930496,3004076032,0
199,1786321533150,1013.5697326660156,12133.333333333332,2,0.4125000000000001,909.0547790527344,12133.333333333332,2,0.4125000000000001,8297.008407592773,12133.333333333332,2,0.4125000000000001,6305.916397094727,12133.333333333332,0,0.4125000000000001,31871.785095214844,605,1715,3552,5157,605,605,605,605,0,0,0,0,0,0,0,100,32353087488,8589930496,3004076032,0
199,1786321533350,1013.5743103027344,12133.333333333332,2,0.41874999999999996,909.0596466064453,12133.333333333332,2,0.41874999999999996,8297.017715454102,12133.333333333332,2,0.41874999999999996,6308.111572265625,12133.333333333332,0,0.41874999999999996,31875.184051513672,605,1715,3552,5157,605,605,605,605,0,0,0,0,0,0,0,100,32353087488,8589930496,3004076032,0
199,1786321533550,1013.5787811279297,12133.333333333332,2,0.4125000000000001,909.0642395019531,12133.333333333332,2,0.4125000000000001,8297.02651977539,12133.333333333332,2,0.4125000000000001,6310.313568115234,12133.333333333332,0,0.4125000000000001,31878.58236694336,605,1715,3552,5157,605,605,605,605,0,0,0,0,0,0,0,100,32353087488,8589930496,3004076032,0
199,1786321533750,1013.5832366943359,12200,2,0.4125000000000001,909.0684051513672,12200,2,0.4125000000000001,8297.035278320313,12200,2,0.4125000000000001,6312.513977050781,12200,0,0.4125000000000001,31881.980911254883,605,1715,3552,5157,605,605,605,605,0,0,0,0,0,0,0,100,32353087488,8589930496,3004076032,0
199,1786321533950,1013.5875854492188,12200,2,0.40625,909.0731658935547,12200,2,0.40625,8297.042129516602,12200,2,0.40625,6314.718414306641,12200,0,0.40625,31885.379486083984,605,1715,3552,5157,605,605,605,605,0,0,0,0,0,0,0,100,32353087488,8589930496,3004076032,0
199,1786321534150,1013.5918426513672,12133.333333333332,2,0.4125000000000001,909.0773620605469,12133.333333333332,2,0.4125000000000001,8297.049758911133,12133.333333333332,2,0.4125000000000001,6316.930847167969,12133.333333333332,0,0.4125000000000001,31888.797622680664,605,1715,3552,5157,605,605,605,605,0,0,0,0,0,0,0,100,32353087488,8589930496,3004076032,0
199,1786321534350,1013.5962982177734,12200,2,0.41874999999999996,909.0820465087891,12200,2,0.41874999999999996,8297.05842590332,12200,2,0.41874999999999996,6319.132354736328,12200,0,0.41874999999999996,31892.19497680664,605,1715,3552,5157,605,605,605,605,0,0,0,0,0,0,0,100,32353087488,8589930496,3004076032,0
199,1786321534550,1013.6006774902344,12133.333333333332,2,0.4125000000000001,909.0864868164063,12133.333333333332,2,0.4125000000000001,8297.064971923828,12133.333333333332,2,0.4125000000000001,6321.334945678711,12133.333333333332,0,0.4125000000000001,31895.59474182129,605,1715,3552,5157,605,605,605,605,0,0,0,0,0,0,0,100,32353087488,8589930496,3004076032,0
199,1786321534750,1013.6053161621094,13200,2,0.3812500000000001,909.0912475585938,13200,2,0.3812500000000001,8297.072387695313,13200,2,0.3812500000000001,6323.526702880859,13200,0,0.3812500000000001,31898.96502685547,605,1715,3552,5157,605,605,605,605,0,0,0,0,0,0,0,100,32353087488,8589930496,3004076032,0
199,1786321534950,1013.6106872558594,12133.333333333332,2,0.4125000000000001,909.0966033935547,12133.333333333332,2,0.4125000000000001,8297.07894897461,12133.333333333332,2,0.4125000000000001,6325.757797241211,12133.333333333332,0,0.4125000000000001,31902.394592285156,605,1715,3552,5157,605,605,605,605,0,0,0,0,0,0,0,100,32353087488,8589930496,3004076032,0
199,1786321535150,1013.6150970458984,12200,2,0.41874999999999996,909.1013031005859,12133.333333333332,2,0.41874999999999996,8297.087280273438,12133.333333333332,0,0.41874999999999996,6327.9610595703125,12133.333333333332,0,0.41874999999999996,31905.79266357422,605,1715,3552,5157,605,605,605,605,0,0,0,0,0,0,0,100,32353087488,8589930496,3004076032,0
199,1786321535350,1013.6194000244141,12133.333333333332,2,0.4125000000000001,909.1050872802734,12133.333333333332,0,0.4125000000000001,8297.093841552734,12133.333333333332,0,0.4125000000000001,6330.166961669922,12133.333333333332,0,0.4125000000000001,31909.191986083984,605,1715,3552,5157,605,605,605,605,0,0,0,0,0,0,0,100,32353087488,8589930496,3004076032,0
199,1786321535551,1013.6237945556641,12133.333333333332,2,0.4125000000000001,909.1095123291016,12133.333333333332,2,0.4125000000000001,8297.102066040039,12133.333333333332,0,0.4125000000000001,6332.368576049805,12133.333333333332,0,0.4125000000000001,31912.59066772461,605,1715,3552,5157,605,605,605,605,0,0,0,0,0,0,0,100,32353087488,8589930496,3004076032,0
199,1786321535751,1013.6280822753906,12200,2,0.40625,909.1141357421875,12200,2,0.40625,8297.110260009766,12200,2,0.40625,6334.574203491211,12200,0,0.40625,31915.98844909668,605,1715,3552,5157,605,605,605,605,0,4.761904716491699,0,0,0,0,0,100,32353087488,8589930496,3004076032,0
199,1786321535951,1013.6324462890625,12000,2,0.4125000000000001,909.1181945800781,12000,2,0.4125000000000001,8297.117904663086,12000,2,0.4125000000000001,6336.78141784668,12000,0,0.4125000000000001,31919.391845703125,605,1715,3552,5157,605,605,605,605,0,0,0,0,0,0,0,100,32353087488,8589930496,3004076032,0
199,1786321536151,1013.6366882324219,12200,2,0.41874999999999996,909.1226043701172,12200,2,0.41874999999999996,8297.124969482422,12200,2,0.41874999999999996,6338.980987548828,12200,0,0.41874999999999996,31922.785125732422,605,1715,3552,5157,605,605,605,605,0,0,0,0,0,0,0,100,32353087488,8589930496,3004076032,0
199,1786321536351,1013.6411590576172,12133.333333333332,2,0.4125000000000001,909.1273498535156,12133.333333333332,2,0.4125000000000001,8297.131866455078,12133.333333333332,2,0.4125000000000001,6341.188537597656,12133.333333333332,0,0.4125000000000001,31926.186096191406,605,1715,3552,5157,605,605,605,605,0,0,0,0,0,0,0,100,32353087488,8589930496,3004076032,0
199,1786321536551,1013.6455993652344,12133.333333333332,2,0.4125000000000001,909.1319122314453,12133.333333333332,2,0.4125000000000001,8297.138366699219,12133.333333333332,2,0.4125000000000001,6343.395217895508,12133.333333333332,0,0.4125000000000001,31929.584732055664,605,1715,3552,5157,605,605,605,605,0,0,0,0,0,0,0,100,32353087488,8589930496,3004076032,0
199,1786321536751,1013.6503295898438,12133.333333333332,2,0.4125000000000001,909.135986328125,12133.333333333332,2,0.4125000000000001,8297.14486694336,12133.333333333332,2,0.4125000000000001,6345.599655151367,12133.333333333332,0,0.4125000000000001,31932.983474731445,605,1715,3552,5157,605,605,605,605,0,0,0,0,0,0,0,100,32353087488,8589930496,3004076032,0
199,1786321536951,1013.6546173095703,12200,2,0.4125000000000001,909.1400756835938,12200,2,0.4125000000000001,8297.151718139648,12200,2,0.4125000000000001,6347.816131591797,12200,0,0.4125000000000001,31936.399002075195,605,1715,3552,5157,605,605,605,605,0,0,0,0,0,0,0,100,32353087488,8589930496,3004076032,0
199,1786321537151,1013.6589050292969,12200,2,0.40625,909.1444854736328,12200,2,0.40625,8297.159927368164,12200,2,0.40625,6350.020126342773,12200,0,0.40625,31939.79734802246,605,1715,3552,5157,605,605,605,605,0,0,0,0,0,0,0,100,32353087488,8589930496,3004076032,0
199,1786321537351,1013.6633911132813,12133.333333333332,2,0.41874999999999996,909.1496734619141,12133.333333333332,2,0.41874999999999996,8297.167663574219,12133.333333333332,2,0.41874999999999996,6352.226913452148,12133.333333333332,0,0.41874999999999996,31943.197723388672,605,1715,3552,5157,605,605,605,605,0,0,0,0,0,0,0,100,32353087488,8589930496,3004076032,0
199,1786321537551,1013.6679229736328,12200,2,0.4125000000000001,909.1540374755859,12200,2,0.4125000000000001,8297.176239013672,12200,2,0.4125000000000001,6354.4288330078125,12200,0,0.4125000000000001,31946.595657348633,605,1715,3552,5157,605,605,605,605,0,0,4.761904716491699,0,0,0,0,100,32353087488,8589930496,3004076032,0
199,1786321537751,1013.6723785400391,12266.666666666668,2,0.4125000000000001,909.1586303710938,12266.666666666668,2,0.4125000000000001,8297.18490600586,12266.666666666668,2,0.4125000000000001,6356.6300048828125,12200,0,0.4125000000000001,31949.99282836914,605,1715,3552,5157,605,605,605,605,0,0,0,0,0,0,0,100,32353087488,8589930496,3004076032,0
199,1786321537952,1013.6767425537109,12200,2,0.4125000000000001,909.1634979248047,12200,0,0.4125000000000001,8297.191497802734,12200,0,0.4125000000000001,6358.837951660156,12200,0,0.4125000000000001,31953.39276123047,605,1715,3552,5157,605,605,605,605,0,0,0,0,0,0,0,100,32353087488,8589930496,3004076032,0
200,1786321538152,1013.6813507080078,12133.333333333332,2,0.4125000000000001,909.1686401367188,12133.333333333332,2,0.4125000000000001,8297.198593139648,12133.333333333332,0,0.4125000000000001,6361.047836303711,12133.333333333332,0,0.4125000000000001,31956.793563842773,605,1715,3552,5157,605,605,605,605,0,0,0,0,0,0,0,100,32353087488,8589930496,3004076032,0
0,1786321538352,1013.7602844238281,28800,0,1.11875,909.2304077148438,28800,0,1.11875,8297.275756835938,28800,0,1.11875,6361.969589233398,28800,0,1.11875,31958.85076904297,605,1715,3552,5157,605,605,605,605,5,0,4.761904716491699,4.761904716491699,9.090909004211426,0,4.761904716491699,38.88888931274414,32353087488,8589930496,2765148160,0
