Delta,Time,CORE0_ENERGY (J),CORE0_FREQ (MHZ),CORE0_PSTATE,CORE0_VOLT (V),CORE1_ENERGY (J),CORE1_FREQ (MHZ),CORE1_PSTATE,CORE1_VOLT (V),CORE2_ENERGY (J),CORE2_FREQ (MHZ),CORE2_PSTATE,CORE2_VOLT (V),CORE3_ENERGY (J),CORE3_FREQ (MHZ),CORE3_PSTATE,CORE3_VOLT (V),CPU_ENERGY (J),CPU_FREQUENCY_0,CPU_FREQUENCY_1,CPU_FREQUENCY_2,CPU_FREQUENCY_3,CPU_FREQUENCY_4,CPU_FREQUENCY_5,CPU_FREQUENCY_6,CPU_FREQUENCY_7,CPU_USAGE_0,CPU_USAGE_1,CPU_USAGE_2,CPU_USAGE_3,CPU_USAGE_4,CPU_USAGE_5,CPU_USAGE_6,CPU_USAGE_7,TOTAL_MEMORY,TOTAL_SWAP,USED_MEMORY,USED_SWAP
0,1786321140657,1003.3934020996094,300,0,0.7625,897.3613433837891,300,2,0.7625,6471.561874389648,300,0,0.7625,5059.055847167969,300,0,0.7625,26839.018173217773,3781,1825,3779,4154,3781,3781,3781,3781,3.5714287757873535,7.142857551574707,7.407407283782959,3.7037036418914795,7.142857551574707,0,0,0,32353087488,8589930496,2752348160,0
200,1786321140657,1003.3934020996094,300,0,0.7625,897.3613433837891,300,2,0.7625,6471.561874389648,300,0,0.7625,5059.055847167969,300,0,0.7625,26839.018173217773,3781,1825,3779,4154,3781,3781,3781,3781,3.5714287757873535,7.142857551574707,7.407407283782959,3.7037036418914795,7.142857551574707,0,0,0,32353087488,8589930496,2752348160,0
199,1786321140858,1003.6112670898438,16200,2,0.3062499999999999,897.5103149414063,16200,2,0.3062499999999999,6471.759811401367,16200,0,0.3062499999999999,5061.027847290039,16200,0,0.3062499999999999,26842.74006652832,3781,1825,3779,4154,3781,3781,3781,3781,10,0,5,80,0,9.523809432983398,9.523809432983398,9.523809432983398,32353087488,8589930496,2997686272,0
199,1786321141058,1003.6197967529297,15733.333333333334,2,0.3062499999999999,897.5175323486328,15733.333333333334,2,0.3062499999999999,6471.7706298828125,15733.333333333334,0,0.3062499999999999,5063.805145263672,15733.333333333334,0,0.3062499999999999,26846.94093322754,3781,1825,3779,4154,3781,3781,3781,3781,0,0,4.761904716491699,100,0,0,0,0,32353087488,8589930496,2997686272,0
199,1786321141258,1003.6287078857422,15866.666666666666,2,0.3062499999999999,897.5252685546875,15866.666666666666,2,0.3062499999999999,6471.783752441406,15866.666666666666,2,0.3062499999999999,5066.569198608398,15866.666666666666,0,0.3062499999999999,26851.140655517578,3781,1825,3779,4154,3781,3781,3781,3781,0,0,0,100,0,0,0,0,32353087488,8589930496,2997686272,0
199,1786321141458,1003.6367492675781,16000,2,0.30000000000000004,897.5388946533203,16000,2,0.30000000000000004,6473.993225097656,16000,0,0.30000000000000004,5067.112091064453,16000,2,0.30000000000000004,26855.339569091797,3781,1825,3779,4154,3781,3781,3781,3781,0,0,84.21052551269531,20,0,0,0,0,32353087488,8589930496,2997686272,0
199,1786321141658,1003.6450042724609,15800,2,0.3062499999999999,897.5468139648438,15800,2,0.3062499999999999,6476.74658203125,15800,0,0.3062499999999999,5067.120559692383,15800,2,0.3062499999999999,26859.54119873047,3781,1825,3779,4154,3781,3781,3781,3781,0,0,100,0,4.761904716491699,0,0,0,32353087488,8589930496,2997686272,0
199,1786321141858,1003.6522827148438,15800,2,0.3062499999999999,897.5531463623047,15800,2,0.3062499999999999,6479.505523681641,15800,0,0.3062499999999999,5067.128387451172,15800,2,0.3062499999999999,26863.740951538086,3781,1825,3779,4154,3781,3781,3781,3781,0,0,100,0,0,0,0,0,32353087488,8589930496,2997686272,0
199,1786321142058,1003.6599426269531,17000,2,0.26875000000000004,897.5603637695313,17000,2,0.26875000000000004,6482.276931762695,17000,0,0.26875000000000004,5067.136047363281,17000,2,0.26875000000000004,26867.934783935547,3781,1825,3779,4154,3781,3781,3781,3781,0,0,100,0,0,0,0,0,32353087488,8589930496,2997686272,0
199,1786321142258,1003.6686706542969,15000,2,0.3125,897.5688934326172,15000,2,0.3125,6485.053436279297,15000,0,0.3125,5067.144958496094,15000,2,0.3125,26872.166564941406,3781,1825,3779,4154,3781,3781,3781,3781,0,0,100,0,0,0,0,0,32353087488,8589930496,2998681600,0
199,1786321142458,1003.6761474609375,15733.333333333334,2,0.3062499999999999,897.5759124755859,15733.333333333334,2,0.3062499999999999,6487.807113647461,15733.333333333334,0,0.3062499999999999,5067.154083251953,15733.333333333334,2,0.3062499999999999,26876.362411499023,3781,1825,3779,4154,3781,3781,3781,3781,0,0,100,0,0,0,0,0,32353087488,8589930496,2998681600,0
199,1786321142658,1003.6833190917969,15600,2,0.3125,897.5822143554688,15600,2,0.3125,6490.564956665039,15600,0,0.3125,5067.164276123047,15600,2,0.3125,26880.562698364258,3781,1825,3779,4154,3781,3781,3781,3781,0,0,100,0,0,0,0,0,32353087488,8589930496,2998681600,0
199,1786321142858,1003.6915283203125,15800,2,0.3062499999999999,897.5889892578125,15800,2,0.3062499999999999,6493.313400268555,15800,0,0.3062499999999999,5067.174392700195,15800,2,0.3062499999999999,26884.76173400879,3781,1825,3779,4154,3781,3781,3781,3781,0,0,100,0,0,0,0,0,32353087488,8589930496,2998681600,0
199,1786321143058,1003.6988525390625,15733.333333333334,2,0.3062499999999999,897.5963592529297,15733.333333333334,2,0.3062499999999999,6496.068054199219,15733.333333333334,0,0.3062499999999999,5067.183380126953,15733.333333333334,2,0.3062499999999999,26888.9620513916,3781,1825,3779,4154,3781,3781,3781,3781,0,0,100,0,0,0,0,0,32353087488,8589930496,2998681600,0
199,1786321143259,1003.7065734863281,15733.333333333334,2,0.3125,897.6030578613281,15733.333333333334,2,0.3125,6498.802917480469,15733.333333333334,0,0.3125,5067.244979858398,15733.333333333334,0,0.3125,26893.161727905273,3781,1825,3779,4154,3781,3781,3781,3781,0,0,100,5,0,0,0,0,32353087488,8589930496,2998677504,0
199,1786321143459,1003.7145690917969,15666.666666666666,2,0.3125,897.6144104003906,15666.666666666666,2,0.3125,6501.543609619141,15666.666666666666,0,0.3125,5067.257705688477,15666.666666666666,0,0.3125,26897.36262512207,3781,1825,3779,4154,3781,3781,3781,3781,0,0,100,0,4.761904716491699,0,0,0,32353087488,8589930496,2998677504,0
199,1786321143659,1003.7220611572266,15733.333333333334,2,0.3062499999999999,897.62158203125,15733.333333333334,0,0.3062499999999999,6504.297622680664,15733.333333333334,0,0.3062499999999999,5067.264190673828,15733.333333333334,2,0.3062499999999999,26901.561950683594,3781,1825,3779,4154,3781,3781,3781,3781,0,0,100,0,4.761904716491699,0,0,0,32353087488,8589930496,2998677504,0
199,1786321143859,1003.7293853759766,15933.333333333334,2,0.3125,897.6299591064453,15933.333333333334,2,0.3125,6507.057281494141,15933.333333333334,0,0.3125,5067.27067565918,15933.333333333334,2,0.3125,26905.76239013672,3781,1825,3779,4154,3781,3781,3781,3781,0,0,100,0,0,0,0,0,32353087488,8589930496,2998677504,0
199,1786321144059,1003.737548828125,15600,2,0.3125,897.6380462646484,15600,2,0.3125,6509.80143737793,15600,0,0.3125,5067.278060913086,15600,2,0.3125,26909.962814331055,3781,1825,3779,4154,3781,3781,3781,3781,0,0,100,0,0,0,0,0,32353087488,8589930496,2998677504,0
199,1786321144259,1003.7450866699219,15800,2,0.3125,897.6450500488281,15800,2,0.3125,6512.5552978515625,15800,0,0.3125,5067.284652709961,15800,2,0.3125,26914.162170410156,3781,1825,3779,4154,3781,3781,3781,3781,0,0,100,0,0,0,0,0,32353087488,8589930496,2998677504,0
199,1786321144459,1003.7532501220703,15800,2,0.3062499999999999,897.6531829833984,15800,2,0.3062499999999999,6515.3240966796875,15800,0,0.3062499999999999,5067.291885375977,15800,2,0.3062499999999999,26918.361785888672,3781,1825,3779,4154,3781,3781,3781,3781,0,0,100,0,0,0,0,0,32353087488,8589930496,2998677504,0
199,1786321144659,1003.7615051269531,15666.666666666666,2,0.3125,897.6604919433594,15666.666666666666,2,0.3125,6518.067581176758,15666.666666666666,0,0.3125,5067.299606323242,15666.666666666666,2,0.3125,26922.562393188477,3781,1825,3779,4154,3781,3781,3781,3781,0,0,100,0,0,0,0,0,32353087488,8589930496,2998677504,0
199,1786321144859,1003.7687377929688,15600,2,0.3125,897.6684875488281,15600,2,0.3125,6520.821762084961,15600,0,0.3125,5067.305908203125,15600,2,0.3125,26926.762741088867,3781,1825,3779,4154,3781,3781,3781,3781,0,0,100,0,0,0,0,0,32353087488,8589930496,2998677504,0
199,1786321145059,1003.7799987792969,15866.666666666666,2,0.3062499999999999,897.6986999511719,15866.666666666666,2,0.3062499999999999,6523.558410644531,15866.666666666666,0,0.3062499999999999,5067.313766479492,15866.666666666666,2,0.3062499999999999,26930.982360839844,3781,1825,3779,4154,3781,3781,3781,3781,0,0,100,4.761904716491699,0,0,0,5,32353087488,8589930496,2998677504,0
199,1786321145259,1003.7912139892578,15600,2,0.3125,897.7086334228516,15600,2,0.3125,6526.293594360352,15600,0,0.3125,5067.329330444336,15600,2,0.3125,26935.183685302734,3781,1825,3779,4154,3781,3781,3781,3781,0,5,100,0,5,0,0,0,32353087488,8589930496,2998677504,0
199,1786321145460,1003.8001098632813,15600,2,0.3062499999999999,897.7155609130859,15600,2,0.3062499999999999,6529.015487670898,15600,0,0.3062499999999999,5067.350112915039,15600,2,0.3062499999999999,26939.363021850586,3781,1825,3779,4154,3781,3781,3781,3781,0,0,100,4.761904716491699,0,0,0,0,32353087488,8589930496,2998677504,0
199,1786321145660,1003.8076477050781,15733.333333333334,2,0.3125,897.7220306396484,15733.333333333334,2,0.3125,6531.773696899414,15733.333333333334,0,0.3125,5067.357192993164,15733.333333333334,2,0.3125,26943.56233215332,3781,1825,3779,4154,3781,3781,3781,3781,0,0,100,0,0,0,0,0,32353087488,8589930496,2998677504,0
199,1786321145860,1003.8161315917969,15466.666666666666,0,0.3125,897.7297515869141,15466.666666666666,2,0.3125,6534.532012939453,15466.666666666666,0,0.3125,5067.368591308594,15466.666666666666,0,0.3125,26947.763458251953,3781,1825,3779,4154,3781,3781,3781,3781,0,0,100,0,0,0,0,0,32353087488,8589930496,2998677504,0
199,1786321146060,1003.8236999511719,16933.333333333336,2,0.2749999999999999,897.7381744384766,16933.333333333336,0,0.2749999999999999,6537.282333374023,16933.333333333336,0,0.2749999999999999,5067.375244140625,16933.333333333336,2,0.2749999999999999,26951.954971313477,3781,1825,3779,4154,3781,3781,3781,3781,0,0,100,0,0,0,0,0,32353087488,8589930496,2998677504,0
199,1786321146260,1003.8318023681641,15800,2,0.3125,897.7516784667969,15800,2,0.3125,6540.063903808594,15800,0,0.3125,5067.383712768555,15800,2,0.3125,26956.162322998047,3781,1825,3779,4154,3781,3781,3781,3781,0,0,100,0,0,0,0,0,32353087488,8589930496,2998677504,0
199,1786321146460,1003.8425750732422,15733.333333333334,2,0.3062499999999999,897.7620544433594,15733.333333333334,2,0.3062499999999999,6542.805465698242,15733.333333333334,0,0.3062499999999999,5067.391632080078,15733.333333333334,2,0.3062499999999999,26960.361938476563,3781,1825,3779,4154,3781,3781,3781,3781,0,0,100,0,0,0,0,0,32353087488,8589930496,2998677504,0
199,1786321146660,1003.8500061035156,15466.666666666666,2,0.31874999999999987,897.7708892822266,15466.666666666666,2,0.31874999999999987,6545.574783325195,15466.666666666666,0,0.31874999999999987,5067.397903442383,15466.666666666666,2,0.31874999999999987,26964.564010620117,3781,1825,3779,4154,3781,3781,3781,3781,0,0,100,0,0,0,0,0,32353087488,8589930496,2998677504,0
199,1786321146860,1003.8573608398438,15600,2,0.3125,897.7776336669922,15600,2,0.3125,6548.329177856445,15600,0,0.3125,5067.404113769531,15600,2,0.3125,26968.762771606445,3781,1825,3779,4154,3781,3781,3781,3781,0,0,100,0,0,0,0,0,32353087488,8589930496,2998677504,0
199,1786321147060,1003.8651123046875,15733.333333333334,2,0.3062499999999999,897.7858123779297,15733.333333333334,2,0.3062499999999999,6551.074523925781,15733.333333333334,0,0.3062499999999999,5067.411682128906,15733.333333333334,2,0.3062499999999999,26972.962326049805,3781,1825,3779,4154,3781,3781,3781,3781,0,0,100,4.761904716491699,0,0,0,0,32353087488,8589930496,2998677504,0
199,1786321147260,1003.8717956542969,15666.666666666666,2,0.3125,897.7942657470703,15666.666666666666,2,0.3125,6553.8280029296875,15666.666666666666,0,0.3125,5067.41796875,15666.666666666666,2,0.3125,26977.162322998047,3781,1825,3779,4154,3781,3781,3781,3781,0,0,100,0,0,0,0,0,32353087488,8589930496,2998677504,0
199,1786321147460,1003.8792877197266,15666.666666666666,2,0.3125,897.8045806884766,15666.666666666666,2,0.3125,6556.583282470703,15666.666666666666,0,0.3125,5067.425384521484,15666.666666666666,2,0.3125,26981.383239746094,3781,1825,3779,4154,3781,3781,3781,3781,0,0,100,0,0,4.761904716491699,0,0,32353087488,8589930496,2998677504,0
199,1786321147660,1003.8870239257813,15666.666666666666,2,0.3125,897.8128509521484,15666.666666666666,2,0.3125,6559.329208374023,15666.666666666666,0,0.3125,5067.433822631836,15666.666666666666,2,0.3125,26985.583602905273,3781,1825,3779,4154,3781,3781,3781,3781,0,0,100,0,0,0,0,0,32353087488,8589930496,2998677504,0
199,1786321147861,1003.8937377929688,15600,2,0.3125,897.8204193115234,15600,2,0.3125,6562.081130981445,15600,0,0.3125,5067.443115234375,15600,2,0.3125,26989.783981323242,3781,1825,3779,4154,3781,3781,3781,3781,0,0,100,0,0,0,0,0,32353087488,8589930496,2998677504,0
199,1786321148061,1003.9002685546875,15600,2,0.3125,897.8277740478516,15600,2,0.3125,6564.834884643555,15600,0,0.3125,5067.453887939453,15600,2,0.3125,26993.983993530273,3781,1825,3779,4154,3781,3781,3781,3781,0,0,100,0,0,0,0,0,32353087488,8589930496,2998677504,0
199,1786321148261,1003.9054870605469,13066.666666666666,2,0.39375000000000004,897.8354339599609,13066.666666666666,2,0.38749999999999996,6567.245132446289,13066.666666666666,0,0.38749999999999996,5067.461471557617,13066.666666666666,0,0.38749999999999996,26997.68017578125,3781,1825,3779,4154,3781,3781,3781,3781,0,0,100,0,0,0,0,0,32353087488,8589930496,2998677504,0
199,1786321148461,1003.9161682128906,13066.666666666666,0,0.38749999999999996,897.8664855957031,13066.666666666666,2,0.38749999999999996,6569.487106323242,13066.666666666666,0,0.38749999999999996,5067.47282409668,13066.666666666666,0,0.38749999999999996,27001.16928100586,3781,1825,3779,4154,3781,3781,3781,3781,0,0,100,0,4.761904716491699,0,0,4.761904716491699,32353087488,8589930496,2998669312,0
199,1786321148661,1003.9201354980469,13066.666666666666,2,0.39375000000000004,897.8703002929688,13066.666666666666,2,0.39375000000000004,6571.749572753906,13066.666666666666,0,0.39375000000000004,5067.479385375977,13066.666666666666,0,0.39375000000000004,27004.636337280273,3781,1825,3779,4154,3781,3781,3781,3781,0,0,100,0,0,0,0,0,32353087488,8589930496,2998669312,0
199,1786321148861,1003.9247436523438,12933.333333333334,2,0.3999999999999999,897.8740539550781,12933.333333333334,2,0.3999999999999999,6573.992477416992,12933.333333333334,0,0.3999999999999999,5067.484909057617,12933.333333333334,2,0.3999999999999999,27008.086212158203,3781,1825,3779,4154,3781,3781,3781,3781,0,0,100,0,0,0,0,0,32353087488,8589930496,2998669312,0
199,1786321149061,1003.9287872314453,12933.333333333334,2,0.3999999999999999,897.8773193359375,12933.333333333334,2,0.3999999999999999,6576.231048583984,12933.333333333334,0,0.3999999999999999,5067.489151000977,12933.333333333334,2,0.3999999999999999,27011.521209716797,3781,1825,3779,4154,3781,3781,3781,3781,0,0,100,0,0,0,0,0,32353087488,8589930496,2998669312,0
199,1786321149261,1003.9378967285156,12666.666666666668,2,0.3999999999999999,897.8835144042969,12666.666666666668,2,0.3999999999999999,6578.458999633789,12666.666666666668,0,0.3999999999999999,5067.493728637695,12666.666666666668,2,0.3999999999999999,27014.954360961914,3781,1825,3779,4154,3781,3781,3781,3781,0,4.761904716491699,100,0,0,0,0,0,32353087488,8589930496,2998669312,0
199,1786321149461,1003.9424133300781,12733.333333333332,2,0.3999999999999999,897.8883056640625,12733.333333333332,2,0.3999999999999999,6580.673385620117,12733.333333333332,0,0.3999999999999999,5067.50325012207,12733.333333333332,2,0.3999999999999999,27018.370529174805,3781,1825,3779,4154,3781,3781,3781,3781,0,0,100,0,4.761904716491699,0,0,0,32353087488,8589930496,2998669312,0
199,1786321149661,1003.9457855224609,12866.666666666666,2,0.3999999999999999,897.8923187255859,12866.666666666666,2,0.3999999999999999,6582.899230957031,12866.666666666666,0,0.3999999999999999,5067.507507324219,12866.666666666666,2,0.3999999999999999,27021.778717041016,3781,1825,3779,4154,3781,3781,3781,3781,0,0,100,0,0,0,0,0,32353087488,8589930496,2998669312,0
199,1786321149861,1003.9499816894531,13000,2,0.3999999999999999,897.8976440429688,13000,2,0.3999999999999999,6585.155700683594,13000,0,0.3999999999999999,5067.51432800293,13000,2,0.3999999999999999,27025.204711914063,3781,1825,3779,4154,3781,3781,3781,3781,0,0,100,4.761904716491699,0,0,0,0,32353087488,8589930496,2998669312,0
199,1786321150062,1003.9542541503906,12666.666666666668,2,0.3999999999999999,897.9020080566406,12666.666666666668,2,0.3999999999999999,6587.380844116211,12666.666666666668,0,0.3999999999999999,5067.519989013672,12666.666666666668,2,0.3999999999999999,27028.619079589844,3781,1825,3779,4154,3781,3781,3781,3781,0,0,100,0,0,0,0,0,32353087488,8589930496,2998669312,0
199,1786321150262,1003.9577026367188,12600,2,0.40625,897.9063110351563,12600,2,0.40625,6589.612152099609,12600,0,0.40625,5067.525634765625,12600,2,0.40625,27032.025024414063,3781,1825,3779,4154,3781,3781,3781,3781,0,0,100,0,0,0,0,0,32353087488,8589930496,2998669312,0
199,1786321150462,1003.9611358642578,12733.333333333332,2,0.3999999999999999,897.9107513427734,12733.333333333332,2,0.3999999999999999,6591.8203125,12733.333333333332,0,0.3999999999999999,5067.532760620117,12733.333333333332,2,0.3999999999999999,27035.42510986328,3781,1825,3779,4154,3781,3781,3781,3781,0,0,100,0,0,0,0,0,32353087488,8589930496,2998669312,0
199,1786321150662,1003.9655456542969,12600,2,0.3999999999999999,897.9158782958984,12600,2,0.3999999999999999,6591.824966430664,12600,0,0.3999999999999999,5069.750885009766,12600,0,0.3999999999999999,27038.827209472656,3781,1825,3779,4154,3781,3781,3781,3781,0,0,0,100,0,0,0,0,32353087488,8589930496,2998669312,0
199,1786321150862,1003.9688110351563,12733.333333333332,2,0.3999999999999999,897.9197235107422,12800,2,0.3999999999999999,6591.830352783203,12800,2,0.3999999999999999,5071.982177734375,12800,0,0.3999999999999999,27042.22508239746,3781,1825,3779,4154,3781,3781,3781,3781,0,0,0,100,0,0,0,0,32353087488,8589930496,2998669312,0
199,1786321151062,1003.9720306396484,12733.333333333332,2,0.3999999999999999,897.9235076904297,12733.333333333332,2,0.3999999999999999,6591.833877563477,12733.333333333332,0,0.3999999999999999,5074.215576171875,12733.333333333332,0,0.3999999999999999,27045.626266479492,3781,1825,3779,4154,3781,3781,3781,3781,0,0,0,100,0,0,0,0,32353087488,8589930496,2998669312,0
199,1786321151262,1003.9757385253906,12600,2,0.40625,897.9278869628906,12600,2,0.40625,6591.83854675293,12600,2,0.40625,5076.443267822266,12600,0,0.40625,27049.030029296875,3781,1825,3779,4154,3781,3781,3781,3781,0,0,0,100,0,0,0,0,32353087488,8589930496,2998669312,0
199,1786321151462,1003.9793090820313,12800,2,0.3999999999999999,897.9317779541016,12800,2,0.3999999999999999,6591.844131469727,12800,2,0.3999999999999999,5078.669906616211,12800,0,0.3999999999999999,27052.424209594727,3781,1825,3779,4154,3781,3781,3781,3781,0,0,0,100,0,0,0,0,32353087488,8589930496,2998669312,0
199,1786321151662,1003.9831848144531,12666.666666666668,2,0.3999999999999999,897.9351348876953,12666.666666666668,2,0.3999999999999999,6591.848358154297,12666.666666666668,2,0.3999999999999999,5080.906982421875,12666.666666666668,0,0.3999999999999999,27055.82649230957,3781,1825,3779,4154,3781,3781,3781,3781,0,0,0,100,0,0,0,0,32353087488,8589930496,2998669312,0
199,1786321151862,1003.9870758056641,12733.333333333332,2,0.3999999999999999,897.9382934570313,12733.333333333332,2,0.3999999999999999,6591.852676391602,12733.333333333332,2,0.3999999999999999,5083.133407592773,12733.333333333332,0,0.3999999999999999,27059.224731445313,3781,1825,3779,4154,3781,3781,3781,3781,0,0,0,100,0,0,0,0,32353087488,8589930496,2998669312,0
199,1786321152062,1003.9910583496094,12666.666666666668,2,0.40625,897.9414520263672,12666.666666666668,2,0.40625,6591.85823059082,12666.666666666668,2,0.40625,5085.368087768555,12666.666666666668,0,0.40625,27062.62579345703,3781,1825,3779,4154,3781,3781,3781,3781,0,0,0,100,0,0,0,0,32353087488,8589930496,2998669312,0
199,1786321152262,1003.9950256347656,12800,2,0.40625,897.9446258544922,12800,2,0.40625,6591.8641357421875,12800,2,0.40625,5087.59602355957,12800,0,0.40625,27066.02264404297,3781,1825,3779,4154,3781,3781,3781,3781,0,0,0,100,0,0,0,0,32353087488,8589930496,2998669312,0
199,1786321152463,1003.9990234375,12733.333333333332,2,0.3999999999999999,897.9479064941406,12733.333333333332,2,0.3999999999999999,6591.869171142578,12733.333333333332,2,0.3999999999999999,5089.833938598633,12733.333333333332,0,0.3999999999999999,27069.439041137695,3781,1825,3779,4154,3781,3781,3781,3781,0,0,0,100,0,0,0,0,32353087488,8589930496,2998669312,0
199,1786321152663,1004.0038604736328,13866.666666666666,2,0.3687499999999999,897.9523315429688,13866.666666666666,2,0.3687499999999999,6591.876495361328,13866.666666666666,2,0.3687499999999999,5092.072540283203,13866.666666666666,0,0.3687499999999999,27072.80987548828,3781,1825,3779,4154,3781,3781,3781,3781,0,0,0,100,0,0,0,0,32353087488,8589930496,2998669312,0
199,1786321152863,1004.0083465576172,12800,2,0.3999999999999999,897.958740234375,12800,2,0.3999999999999999,6591.881927490234,12800,2,0.3999999999999999,5094.3369140625,12800,0,0.3999999999999999,27076.242614746094,3781,1825,3779,4154,3781,3781,3781,3781,0,0,0,100,0,0,0,0,32353087488,8589930496,2998669312,0
199,1786321153063,1004.0122680664063,12733.333333333332,2,0.3999999999999999,897.9633483886719,12733.333333333332,2,0.3999999999999999,6591.885635375977,12733.333333333332,2,0.3999999999999999,5096.569274902344,12733.333333333332,0,0.3999999999999999,27079.641387939453,3781,1825,3779,4154,3781,3781,3781,3781,0,0,0,100,0,0,0,0,32353087488,8589930496,2998669312,0
199,1786321153263,1004.0166473388672,12533.333333333332,2,0.40625,897.9686737060547,12533.333333333332,2,0.40625,6591.890594482422,12533.333333333332,2,0.40625,5098.793670654297,12533.333333333332,0,0.40625,27083.0450592041,3781,1825,3779,4154,3781,3781,3781,3781,0,0,0,100,0,0,0,0,32353087488,8589930496,2998669312,0
199,1786321153463,1004.0331115722656,12800,2,0.3999999999999999,897.9834899902344,12800,0,0.3999999999999999,6593.73258972168,12800,0,0.3999999999999999,5099.155334472656,12800,2,0.3999999999999999,27086.436447143555,3781,1825,3779,4154,3781,3781,3781,3781,0,0,0,15.000000953674316,0,0,85,0,32353087488,8589930496,2998980608,0
199,1786321153663,1004.0370788574219,12666.666666666668,2,0.40625,897.9898986816406,12666.666666666668,0,0.40625,6595.955596923828,12666.666666666668,0,0.40625,5099.16438293457,12666.666666666668,2,0.40625,27089.83952331543,3781,1825,3779,4154,3781,3781,3781,3781,0,0,0,0,0,0,100,0,32353087488,8589930496,2998980608,0
199,1786321153863,1004.041015625,12600,2,0.3999999999999999,897.9956970214844,12600,2,0.3999999999999999,6598.183029174805,12600,0,0.3999999999999999,5099.168365478516,12600,2,0.3999999999999999,27093.237197875977,3781,1825,3779,4154,3781,3781,3781,3781,0,0,0,0,0,0,100,0,32353087488,8589930496,2998980608,0
199,1786321154063,1004.0449676513672,12733.333333333332,2,0.3999999999999999,897.9995422363281,12733.333333333332,2,0.3999999999999999,6600.403335571289,12733.333333333332,0,0.3999999999999999,5099.17253112793,12733.333333333332,2,0.3999999999999999,27096.63298034668,3781,1825,3779,4154,3781,3781,3781,3781,0,4.761904716491699,0,0,0,0,100,0,32353087488,8589930496,2998980608,0
199,1786321154263,1004.0489501953125,12600,2,0.3999999999999999,898.0035400390625,12600,2,0.3999999999999999,6602.629196166992,12600,0,0.3999999999999999,5099.177642822266,12600,2,0.3999999999999999,27100.034713745117,3781,1825,3779,4154,3781,3781,3781,3781,0,0,0,0,0,0,100,0,32353087488,8589930496,2998980608,0
199,1786321154463,1004.0529479980469,12600,2,0.40625,898.0082550048828,12600,2,0.40625,6604.849822998047,12600,0,0.40625,5099.184524536133,12600,2,0.40625,27103.432723999023,3781,1825,3779,4154,3781,3781,3781,3781,0,0,0,0,0,0,100,0,32353087488,8589930496,2998980608,0
199,1786321154663,1004.0568389892578,12600,2,0.3999999999999999,898.0113525390625,12600,2,0.3999999999999999,6607.071716308594,12600,0,0.3999999999999999,5099.190505981445,12600,2,0.3999999999999999,27106.83184814453,3781,1825,3779,4154,3781,3781,3781,3781,0,0,0,0,0,0,100,0,32353087488,8589930496,2998980608,0
199,1786321154864,1004.060791015625,12666.666666666668,2,0.3999999999999999,898.0145416259766,12666.666666666668,2,0.3999999999999999,6609.295181274414,12666.666666666668,0,0.3999999999999999,5099.196029663086,12666.666666666668,2,0.3999999999999999,27110.230346679688,3781,1825,3779,4154,3781,3781,3781,3781,0,0,0,0,0,0,100,0,32353087488,8589930496,2998980608,0
199,1786321155064,1004.0643463134766,12600,2,0.3999999999999999,898.0186767578125,12600,2,0.3999999999999999,6611.529922485352,12600,0,0.3999999999999999,5099.2012939453125,12600,2,0.3999999999999999,27113.646118164063,3781,1825,3779,4154,3781,3781,3781,3781,0,0,0,4.761904716491699,0,0,100,0,32353087488,8589930496,2998980608,0
199,1786321155264,1004.0682678222656,12066.666666666668,2,0.42500000000000004,898.022705078125,12066.666666666668,2,0.42500000000000004,6613.72770690918,12066.666666666668,0,0.42500000000000004,5099.256881713867,12066.666666666668,2,0.42500000000000004,27117.059982299805,3781,1825,3779,4154,3781,3781,3781,3781,0,0,0,5.263157844543457,0,0,100,0,32353087488,8589930496,2998968320,0
199,1786321155464,1004.0720520019531,12600,2,0.40625,898.0272674560547,12600,2,0.40625,6615.935729980469,12600,0,0.40625,5099.263641357422,12600,2,0.40625,27120.442443847656,3781,1825,3779,4154,3781,3781,3781,3781,0,0,0,0,0,0,100,0,32353087488,8589930496,2998968320,0
199,1786321155664,1004.0754547119141,12533.333333333332,2,0.40625,898.0311889648438,12533.333333333332,2,0.40625,6618.158935546875,12533.333333333332,0,0.40625,5099.268646240234,12533.333333333332,2,0.40625,27123.843292236328,3781,1825,3779,4154,3781,3781,3781,3781,0,0,0,0,0,0,100,0,32353087488,8589930496,2998968320,0
199,1786321155864,1004.0787963867188,12666.666666666668,2,0.4125000000000001,898.0351104736328,12666.666666666668,2,0.4125000000000001,6620.378509521484,12666.666666666668,0,0.40625,5099.274566650391,12666.666666666668,0,0.40625,27127.23991394043,3781,1825,3779,4154,3781,3781,3781,3781,0,0,0,0,0,0,100,0,32353087488,8589930496,2998968320,0
199,1786321156064,1004.0820770263672,12600,2,0.40625,898.0391082763672,12600,2,0.40625,6622.599670410156,12600,0,0.40625,5099.280090332031,12600,0,0.40625,27130.63948059082,3781,1825,3779,4154,3781,3781,3781,3781,0,0,0,0,0,0,100,0,32353087488,8589930496,2998968320,0
199,1786321156264,1004.0854034423828,12666.666666666668,2,0.3999999999999999,898.0430450439453,12666.666666666668,2,0.3999999999999999,6624.821823120117,12666.666666666668,0,0.3999999999999999,5099.28564453125,12666.666666666668,0,0.3999999999999999,27134.0382232666,3781,1825,3779,4154,3781,3781,3781,3781,0,0,0,0,0,0,100,0,32353087488,8589930496,2998968320,0
199,1786321156464,1004.0888061523438,12600,2,0.40625,898.0475158691406,12600,2,0.40625,6627.040939331055,12600,0,0.40625,5099.290634155273,12600,2,0.40625,27137.437911987305,3781,1825,3779,4154,3781,3781,3781,3781,0,0,0,0,0,0,100,0,32353087488,8589930496,2998968320,0
199,1786321156664,1004.0921783447266,12466.666666666668,2,0.4125000000000001,898.0516052246094,12466.666666666668,2,0.4125000000000001,6629.267288208008,12466.666666666668,0,0.4125000000000001,5099.295150756836,12466.666666666668,2,0.4125000000000001,27140.842681884766,3781,1825,3779,4154,3781,3781,3781,3781,0,0,0,0,0,0,100,0,32353087488,8589930496,2998968320,0
199,1786321156864,1004.0954895019531,13400,2,0.3812500000000001,898.0556793212891,13400,2,0.3812500000000001,6631.483734130859,13400,0,0.3812500000000001,5099.300537109375,13400,2,0.3812500000000001,27144.216827392578,3781,1825,3779,4154,3781,3781,3781,3781,0,0,0,0,0,0,100,0,32353087488,8589930496,2998968320,0
199,1786321157064,1004.09912109375,12600,2,0.40625,898.0603637695313,12600,2,0.40625,6633.725143432617,12600,0,0.40625,5099.306457519531,12600,2,0.40625,27147.636810302734,3781,1825,3779,4154,3781,3781,3781,3781,0,0,0,0,0,0,100,0,32353087488,8589930496,2998968320,0
199,1786321157265,1004.1029052734375,12333.333333333332,2,0.4125000000000001,898.0779876708984,12333.333333333332,2,0.4125000000000001,6635.9384765625,12333.333333333332,0,0.4125000000000001,5099.31184387207,12333.333333333332,2,0.4125000000000001,27151.043502807617,3781,1825,3779,4154,3781,3781,3781,3781,0,0,0,0,0,0,100,0,32353087488,8589930496,2998902784,0
199,1786321157465,1004.1066131591797,12600,2,0.40625,898.0902252197266,12600,2,0.40625,6638.158386230469,12600,0,0.40625,5099.318267822266,12600,2,0.40625,27154.450485229492,3781,1825,3779,4154,3781,3781,3781,3781,0,0,0,0,0,0,100,0,32353087488,8589930496,2998902784,0
199,1786321157665,1004.1100158691406,12600,2,0.40625,898.0944213867188,12600,2,0.40625,6640.379196166992,12600,0,0.40625,5099.324035644531,12600,2,0.40625,27157.84895324707,3781,1825,3779,4154,3781,3781,3781,3781,0,0,0,0,0,0,100,0,32353087488,8589930496,2998902784,0
199,1786321157865,1004.1134490966797,12666.666666666668,2,0.40625,898.0983428955078,12666.666666666668,2,0.40625,6642.599380493164,12666.666666666668,0,0.40625,5099.329788208008,12666.666666666668,2,0.40625,27161.247497558594,3781,1825,3779,4154,3781,3781,3781,3781,0,0,0,0,0,0,100,0,32353087488,8589930496,2998902784,0
199,1786321158065,1004.1167907714844,12600,2,0.3999999999999999,898.1023864746094,12600,2,0.3999999999999999,6644.819290161133,12600,0,0.3999999999999999,5099.335388183594,12600,2,0.3999999999999999,27164.64680480957,3781,1825,3779,4154,3781,3781,3781,3781,0,0,0,0,0,0,100,0,32353087488,8589930496,2998902784,0
199,1786321158265,1004.1201629638672,12666.666666666668,2,0.3999999999999999,898.1065063476563,12666.666666666668,2,0.3999999999999999,6647.039260864258,12666.666666666668,0,0.3999999999999999,5099.341384887695,12666.666666666668,2,0.3999999999999999,27168.044647216797,3781,1825,3779,4154,3781,3781,3781,3781,0,0,0,0,0,0,100,0,32353087488,8589930496,2998902784,0
199,1786321158465,1004.1235809326172,12600,2,0.40625,898.1113128662109,12600,2,0.3999999999999999,6649.260406494141,12600,0,0.3999999999999999,5099.346496582031,12600,0,0.3999999999999999,27171.44432067871,3781,1825,3779,4154,3781,3781,3781,3781,0,0,0,0,0,0,100,0,32353087488,8589930496,2998902784,0
199,1786321158665,1004.1269378662109,12600,0,0.40625,898.1154327392578,12600,2,0.40625,6651.478500366211,12600,0,0.40625,5099.352081298828,12600,0,0.40625,27174.843704223633,3781,1825,3779,4154,3781,3781,3781,3781,0,0,0,0,0,0,100,0,32353087488,8589930496,2998902784,0
199,1786321158865,1004.1301727294922,12600,2,0.40625,898.1194000244141,12600,2,0.40625,6653.696212768555,12600,0,0.40625,5099.357482910156,12600,0,0.40625,27178.242874145508,3781,1825,3779,4154,3781,3781,3781,3781,0,0,0,0,0,0,100,0,32353087488,8589930496,2998902784,0
199,1786321159065,1004.1335754394531,12600,2,0.40625,898.1233520507813,12600,2,0.40625,6655.915557861328,12600,0,0.40625,5099.364608764648,12600,2,0.40625,27181.64256286621,3781,1825,3779,4154,3781,3781,3781,3781,0,0,0,0,0,0,100,0,32353087488,8589930496,2998902784,0
199,1786321159265,1004.1369171142578,12666.666666666668,2,0.3999999999999999,898.1273651123047,12666.666666666668,2,0.3999999999999999,6658.138290405273,12666.666666666668,0,0.3999999999999999,5099.370498657227,12666.666666666668,2,0.3999999999999999,27185.03923034668,3781,1825,3779,4154,3781,3781,3781,3781,0,0,0,4.761904716491699,0,0,100,0,32353087488,8589930496,2998902784,0
199,1786321159465,1004.1409301757813,12600,2,0.40625,898.1317291259766,12600,2,0.40625,6660.357894897461,12600,0,0.40625,5099.376281738281,12600,2,0.40625,27188.439880371094,3781,1825,3779,4154,3781,3781,3781,3781,0,0,0,0,0,0,100,0,32353087488,8589930496,2998902784,0
199,1786321159666,1004.1465148925781,12600,2,0.40625,898.1365203857422,12600,2,0.40625,6662.579864501953,12600,0,0.40625,5099.381851196289,12600,2,0.40625,27191.838455200195,3781,1825,3779,4154,3781,3781,3781,3781,0,0,0,0,0,0,100,0,32353087488,8589930496,2998902784,0
199,1786321159866,1004.1499786376953,12533.333333333332,2,0.3999999999999999,898.1406097412109,12533.333333333332,2,0.3999999999999999,6664.801452636719,12533.333333333332,0,0.3999999999999999,5099.387619018555,12533.333333333332,2,0.3999999999999999,27195.239028930664,3781,1825,3779,4154,3781,3781,3781,3781,0,0,0,0,0,0,100,0,32353087488,8589930496,2998902784,0
199,1786321160066,1004.1532745361328,12533.333333333332,2,0.40625,898.1446075439453,12533.333333333332,2,0.40625,6667.033966064453,12533.333333333332,0,0.40625,5099.393447875977,12533.333333333332,2,0.40625,27198.638244628906,3781,1825,3779,4154,3781,3781,3781,3781,0,0,0,0,0,0,100,0,32353087488,8589930496,2998902784,0
199,1786321160266,1004.1566314697266,12600,2,0.3999999999999999,898.1487884521484,12600,2,0.3999999999999999,6669.266448974609,12600,0,0.3999999999999999,5099.3994140625,12600,2,0.3999999999999999,27202.051834106445,3781,1825,3779,4154,3781,3781,3781,3781,0,0,0,0,0,0,100,0,32353087488,8589930496,2998902784,0
199,1786321160466,1004.1600189208984,12600,2,0.40625,898.1534271240234,12600,2,0.40625,6671.488861083984,12600,0,0.40625,5099.406448364258,12600,2,0.40625,27205.451782226563,3781,1825,3779,4154,3781,3781,3781,3781,0,0,0,0,0,0,100,0,32353087488,8589930496,2998902784,0
199,1786321160666,1004.1633605957031,12600,2,0.3999999999999999,898.1578979492188,12600,2,0.3999999999999999,6673.715194702148,12600,0,0.3999999999999999,5099.412536621094,12600,2,0.3999999999999999,27208.85025024414,3781,1825,3779,4154,3781,3781,3781,3781,0,0,0,0,0,0,100,0,32353087488,8589930496,2998902784,0
199,1786321160866,1004.1666717529297,12666.666666666668,2,0.3999999999999999,898.1622314453125,12666.666666666668,2,0.3999999999999999,6675.934829711914,12666.666666666668,0,0.3999999999999999,5099.418472290039,12666.666666666668,2,0.3999999999999999,27212.247100830078,3781,1825,3779,4154,3781,3781,3781,3781,0,0,0,0,0,0,100,0,32353087488,8589930496,2998902784,0
199,1786321161066,1004.169921875,12600,2,0.40625,898.1666564941406,12600,2,0.40625,6678.157135009766,12600,0,0.40625,5099.424285888672,12600,0,0.40625,27215.64698791504,3781,1825,3779,4154,3781,3781,3781,3781,0,0,0,0,0,0,100,0,32353087488,8589930496,2998902784,0
199,1786321161266,1004.1744079589844,13866.666666666666,2,0.3687499999999999,898.1733093261719,13800,0,0.3687499999999999,6680.374954223633,13800,0,0.3687499999999999,5099.430648803711,13800,0,0.3687499999999999,27219.014724731445,3781,1825,3779,4154,3781,3781,3781,3781,0,0,0,0,0,0,100,0,32353087488,8589930496,2998902784,0
199,1786321161466,1004.3798828125,14200,0,0.34375,898.369140625,14200,2,0.34375,6681.3873291015625,14200,2,0.34375,5100.348907470703,14200,0,0.34375,27222.4139251709,3781,1825,3779,4154,3781,3781,3781,3781,9.523809432983398,10,14.285715103149414,42.85714340209961,9.523809432983398,4.761904716491699,36.842105865478516,10,32353087488,8589930496,3003363328,0
199,1786321161666,1004.4024963378906,12533.333333333332,2,0.40625,898.3873748779297,12533.333333333332,2,0.40625,6681.410507202148,12533.333333333332,2,0.40625,5102.577285766602,12533.333333333332,0,0.40625,27225.860321044922,3781,1825,3779,4154,3781,3781,3781,3781,0,0,0,100,0,0,0,0,32353087488,8589930496,3003363328,0
199,1786321161867,1004.4062042236328,12533.333333333332,2,0.40625,898.3907012939453,12533.333333333332,2,0.40625,6681.418548583984,12533.333333333332,2,0.40625,5104.795547485352,12533.333333333332,0,0.40625,27229.256088256836,3781,1825,3779,4154,3781,3781,3781,3781,0,0,0,100,0,0,0,0,32353087488,8589930496,3003363328,0
199,1786321162067,1004.4096069335938,12533.333333333332,2,0.40625,898.3938903808594,12533.333333333332,2,0.40625,6681.42546081543,12533.333333333332,2,0.40625,5107.021636962891,12533.333333333332,0,0.40625,27232.654525756836,3781,1825,3779,4154,3781,3781,3781,3781,0,0,0,100,0,0,0,0,32353087488,8589930496,3003363328,0
199,1786321162267,1004.4130249023438,12533.333333333332,2,0.3999999999999999,898.3970947265625,12533.333333333332,2,0.3999999999999999,6681.432647705078,12533.333333333332,2,0.3999999999999999,5109.2469482421875,12533.333333333332,0,0.3999999999999999,27236.05322265625,3781,1825,3779,4154,3781,3781,3781,3781,0,0,0,100,0,0,0,0,32353087488,8589930496,3003428864,0
199,1786321162467,1004.4168853759766,12333.333333333332,2,0.40625,898.4008178710938,12333.333333333332,2,0.40625,6681.439498901367,12333.333333333332,2,0.40625,5111.484756469727,12333.333333333332,0,0.40625,27239.472259521484,3781,1825,3779,4154,3781,3781,3781,3781,0,0,0,100,0,0,0,0,32353087488,8589930496,3003269120,0
199,1786321162667,1004.4202728271484,12533.333333333332,2,0.40625,898.4039764404297,12533.333333333332,2,0.40625,6681.447814941406,12533.333333333332,2,0.40625,5113.706436157227,12533.333333333332,0,0.40625,27242.8641204834,3781,1825,3779,4154,3781,3781,3781,3781,0,0,0,100,0,0,0,0,32353087488,8589930496,3003269120,0
199,1786321162867,1004.4235687255859,12533.333333333332,2,0.40625,898.4072418212891,12533.333333333332,2,0.40625,6681.456771850586,12533.333333333332,2,0.40625,5115.930969238281,12533.333333333332,0,0.40625,27246.262451171875,3781,1825,3779,4154,3781,3781,3781,3781,0,0,0,100,0,0,0,0,32353087488,8589930496,3003269120,0
199,1786321163067,1004.4268951416016,12533.333333333332,2,0.3999999999999999,898.4104156494141,12533.333333333332,2,0.3999999999999999,6681.463684082031,12533.333333333332,2,0.3999999999999999,5118.153396606445,12533.333333333332,0,0.3999999999999999,27249.661087036133,3781,1825,3779,4154,3781,3781,3781,3781,0,0,0,100,0,0,0,0,32353087488,8589930496,3003269120,0
199,1786321163267,1004.4301147460938,12466.666666666668,2,0.3999999999999999,898.41357421875,12466.666666666668,2,0.3999999999999999,6681.470504760742,12466.666666666668,2,0.3999999999999999,5120.381439208984,12466.666666666668,0,0.3999999999999999,27253.06024169922,3781,1825,3779,4154,3781,3781,3781,3781,0,0,0,100,0,0,0,0,32353087488,8589930496,3003269120,0
199,1786321163467,1004.4338531494141,12533.333333333332,2,0.40625,898.4168090820313,12533.333333333332,2,0.40625,6681.478790283203,12533.333333333332,2,0.40625,5122.603378295898,12533.333333333332,0,0.40625,27256.45864868164,3781,1825,3779,4154,3781,3781,3781,3781,0,0,0,100,0,0,0,0,32353087488,8589930496,3003269120,0
199,1786321163667,1004.4372406005859,12533.333333333332,2,0.3999999999999999,898.420166015625,12533.333333333332,0,0.3999999999999999,6681.48844909668,12533.333333333332,0,0.3999999999999999,5124.829193115234,12533.333333333332,0,0.3999999999999999,27259.856399536133,3781,1825,3779,4154,3781,3781,3781,3781,0,0,0,100,0,0,0,0,32353087488,8589930496,3003269120,0
199,1786321163867,1004.4405822753906,12466.666666666668,2,0.3999999999999999,898.4232788085938,12466.666666666668,2,0.3999999999999999,6681.495391845703,12466.666666666668,0,0.3999999999999999,5127.051559448242,12466.666666666668,0,0.3999999999999999,27263.2566986084,3781,1825,3779,4154,3781,3781,3781,3781,0,0,0,100,0,0,0,0,32353087488,8589930496,3003269120,0
199,1786321164067,1004.4439697265625,12533.333333333332,2,0.3999999999999999,898.4264068603516,12533.333333333332,2,0.3999999999999999,6681.502136230469,12533.333333333332,2,0.3999999999999999,5129.27424621582,12533.333333333332,0,0.3999999999999999,27266.654815673828,3781,1825,3779,4154,3781,3781,3781,3781,0,0,4.761904716491699,100,0,0,0,0,32353087488,8589930496,3003269120,0
199,1786321164267,1004.4473876953125,12533.333333333332,2,0.40625,898.4295501708984,12533.333333333332,2,0.40625,6681.511077880859,12533.333333333332,2,0.40625,5131.497344970703,12533.333333333332,0,0.40625,27270.053802490234,3781,1825,3779,4154,3781,3781,3781,3781,0,0,0,100,0,0,0,0,32353087488,8589930496,3003269120,0
199,1786321164468,1004.4542388916016,12533.333333333332,2,0.40625,898.4330902099609,12533.333333333332,2,0.40625,6681.518783569336,12533.333333333332,2,0.40625,5133.718322753906,12533.333333333332,0,0.40625,27273.45278930664,3781,1825,3779,4154,3781,3781,3781,3781,0,0,0,100,0,0,0,0,32353087488,8589930496,3003269120,0
199,1786321164668,1004.4576568603516,12533.333333333332,2,0.3999999999999999,898.4363708496094,12533.333333333332,2,0.3999999999999999,6681.526641845703,12533.333333333332,2,0.3999999999999999,5135.942581176758,12533.333333333332,0,0.3999999999999999,27276.84928894043,3781,1825,3779,4154,3781,3781,3781,3781,0,0,0,100,0,0,0,0,32353087488,8589930496,3003269120,0
199,1786321164868,1004.4610137939453,12533.333333333332,2,0.3999999999999999,898.4395141601563,12533.333333333332,2,0.3999999999999999,6681.535202026367,12533.333333333332,2,0.3999999999999999,5138.168853759766,12533.333333333332,0,0.3999999999999999,27280.249588012695,3781,1825,3779,4154,3781,3781,3781,3781,0,0,0,100,0,0,0,0,32353087488,8589930496,3003269120,0
199,1786321165068,1004.4648284912109,12533.333333333332,2,0.40625,898.4428100585938,12533.333333333332,2,0.40625,6681.543838500977,12533.333333333332,2,0.40625,5140.395935058594,12533.333333333332,0,0.40625,27283.648727416992,3781,1825,3779,4154,3781,3781,3781,3781,0,0,0,100,0,0,0,0,32353087488,8589930496,3003269120,0
199,1786321165268,1004.4707946777344,12466.666666666668,2,0.4125000000000001,898.447998046875,12466.666666666668,2,0.4125000000000001,6681.553894042969,12466.666666666668,2,0.4125000000000001,5142.623718261719,12466.666666666668,0,0.4125000000000001,27287.066818237305,3781,1825,3779,4154,3781,3781,3781,3781,4.761904716491699,0,0,100,0,0,0,0,32353087488,8589930496,3003269120,0
199,1786321165468,1004.4751281738281,12533.333333333332,2,0.3999999999999999,898.4517211914063,12533.333333333332,2,0.3999999999999999,6681.565811157227,12533.333333333332,2,0.3999999999999999,5144.831024169922,12533.333333333332,0,0.3999999999999999,27290.462112426758,3781,1825,3779,4154,3781,3781,3781,3781,0,0,0,100,0,0,0,0,32353087488,8589930496,3003269120,0
199,1786321165668,1004.4785003662109,12533.333333333332,2,0.3999999999999999,898.4550018310547,12533.333333333332,2,0.3999999999999999,6681.575607299805,12533.333333333332,2,0.3999999999999999,5147.056335449219,12533.333333333332,0,0.3999999999999999,27293.861892700195,3781,1825,3779,4154,3781,3781,3781,3781,0,0,0,100,0,0,0,0,32353087488,8589930496,3003269120,0
199,1786321165868,1004.4819183349609,12533.333333333332,2,0.3999999999999999,898.4581604003906,12533.333333333332,2,0.3999999999999999,6681.583694458008,12533.333333333332,2,0.3999999999999999,5149.285110473633,12533.333333333332,0,0.3999999999999999,27297.261764526367,3781,1825,3779,4154,3781,3781,3781,3781,0,0,0,100,0,0,4.761904716491699,0,32353087488,8589930496,3003269120,0
199,1786321166068,1004.4859008789063,13066.666666666666,2,0.39375000000000004,898.4620513916016,13066.666666666666,2,0.39375000000000004,6681.5919189453125,13066.666666666666,2,0.39375000000000004,5151.516342163086,13066.666666666666,0,0.39375000000000004,27300.645721435547,3781,1825,3779,4154,3781,3781,3781,3781,0,0,0,100,0,0,0,0,32353087488,8589930496,3003269120,0
199,1786321166268,1004.4894561767578,12533.333333333332,2,0.40625,898.4653015136719,12466.666666666668,0,0.40625,6681.600494384766,12466.666666666668,0,0.40625,5153.751724243164,12466.666666666668,0,0.40625,27304.061904907227,3781,1825,3779,4154,3781,3781,3781,3781,0,0,0,100,0,0,0,0,32353087488,8589930496,3003269120,0
199,1786321166468,1004.4930877685547,12533.333333333332,2,0.3999999999999999,898.4687194824219,12533.333333333332,2,0.3999999999999999,6681.607406616211,12533.333333333332,0,0.3999999999999999,5155.976654052734,12533.333333333332,0,0.3999999999999999,27307.459716796875,3781,1825,3779,4154,3781,3781,3781,3781,0,0,0,100,0,0,0,0,32353087488,8589930496,3003269120,0
199,1786321166668,1004.4964904785156,12533.333333333332,2,0.3999999999999999,898.4720458984375,12533.333333333332,2,0.3999999999999999,6681.618423461914,12533.333333333332,2,0.3999999999999999,5158.202438354492,12533.333333333332,0,0.3999999999999999,27310.858642578125,3781,1825,3779,4154,3781,3781,3781,3781,0,0,4.761904716491699,100,0,0,0,0,32353087488,8589930496,3003269120,0
199,1786321166869,1004.4999237060547,12533.333333333332,2,0.40625,898.4751892089844,12533.333333333332,2,0.40625,6681.625671386719,12533.333333333332,2,0.40625,5160.424209594727,12533.333333333332,0,0.40625,27314.258026123047,3781,1825,3779,4154,3781,3781,3781,3781,0,0,0,100,0,0,0,0,32353087488,8589930496,3003269120,0
199,1786321167069,1004.5033569335938,12533.333333333332,2,0.3999999999999999,898.4783325195313,12533.333333333332,2,0.3999999999999999,6681.633346557617,12533.333333333332,2,0.3999999999999999,5162.648971557617,12533.333333333332,0,0.3999999999999999,27317.65559387207,3781,1825,3779,4154,3781,3781,3781,3781,0,4.761904716491699,0,100,0,0,0,0,32353087488,8589930496,3003269120,0
199,1786321167269,1004.5069122314453,12133.333333333332,2,0.42500000000000004,898.4816284179688,12133.333333333332,2,0.42500000000000004,6681.687072753906,12133.333333333332,2,0.42500000000000004,5164.843475341797,12133.333333333332,0,0.42500000000000004,27321.066162109375,3781,1825,3779,4154,3781,3781,3781,3781,0,0,9.523809432983398,100,0,0,0,0,32353087488,8589930496,3003269120,0
199,1786321167469,1004.5107727050781,12533.333333333332,2,0.3999999999999999,898.4850006103516,12533.333333333332,2,0.3999999999999999,6681.695495605469,12533.333333333332,2,0.3999999999999999,5167.049423217773,12533.333333333332,0,0.3999999999999999,27324.45277404785,3781,1825,3779,4154,3781,3781,3781,3781,0,0,0,100,0,0,0,0,32353087488,8589930496,3003269120,0
199,1786321167669,1004.5143127441406,12466.666666666668,2,0.4125000000000001,898.48828125,12466.666666666668,2,0.4125000000000001,6681.702697753906,12466.666666666668,2,0.4125000000000001,5169.27424621582,12466.666666666668,0,0.4125000000000001,27327.853408813477,3781,1825,3779,4154,3781,3781,3781,3781,0,0,0,100,0,0,0,0,32353087488,8589930496,3003269120,0
199,1786321167869,1004.5176544189453,12533.333333333332,2,0.3999999999999999,898.4914703369141,12533.333333333332,2,0.3999999999999999,6681.709854125977,12533.333333333332,2,0.3999999999999999,5171.499694824219,12533.333333333332,0,0.3999999999999999,27331.267700195313,3781,1825,3779,4154,3781,3781,3781,3781,0,0,0,100,0,0,0,0,32353087488,8589930496,3003269120,0
199,1786321168069,1004.5210113525391,12533.333333333332,2,0.40625,898.4947509765625,12533.333333333332,2,0.40625,6681.716796875,12533.333333333332,2,0.40625,5173.723739624023,12533.333333333332,0,0.40625,27334.667739868164,3781,1825,3779,4154,3781,3781,3781,3781,0,0,0,100,0,0,0,0,32353087488,8589930496,3003269120,0
199,1786321168269,1004.5245361328125,12533.333333333332,2,0.40625,898.4979400634766,12533.333333333332,2,0.40625,6681.724853515625,12533.333333333332,2,0.40625,5175.945175170898,12533.333333333332,0,0.40625,27338.065948486328,3781,1825,3779,4154,3781,3781,3781,3781,0,0,0,100,0,0,0,0,32353087488,8589930496,3003269120,0
199,1786321168469,1004.5283203125,12533.333333333332,2,0.40625,898.5013275146484,12533.333333333332,2,0.40625,6681.734375,12533.333333333332,2,0.40625,5178.167297363281,12533.333333333332,0,0.40625,27341.46453857422,3781,1825,3779,4154,3781,3781,3781,3781,0,0,0,100,0,0,0,0,32353087488,8589930496,3003269120,0
199,1786321168669,1004.5316314697266,12533.333333333332,2,0.40625,898.504638671875,12533.333333333332,2,0.40625,6681.742645263672,12533.333333333332,2,0.40625,5180.392471313477,12533.333333333332,0,0.3999999999999999,27344.8634185791,3781,1825,3779,4154,3781,3781,3781,3781,0,0,0,100,0,0,0,0,32353087488,8589930496,3003269120,0
199,1786321168869,1004.5350494384766,12466.666666666668,2,0.3999999999999999,898.5077972412109,12466.666666666668,0,0.3999999999999999,6681.751174926758,12466.666666666668,0,0.3999999999999999,5182.614059448242,12466.666666666668,0,0.3999999999999999,27348.263107299805,3781,1825,3779,4154,3781,3781,3781,3781,0,0,0,100,0,0,0,0,32353087488,8589930496,3003269120,0
199,1786321169070,1004.5384216308594,12466.666666666668,2,0.40625,898.5109405517578,12466.666666666668,2,0.40625,6681.758285522461,12466.666666666668,0,0.40625,5184.836898803711,12466.666666666668,0,0.40625,27351.66310119629,3781,1825,3779,4154,3781,3781,3781,3781,0,0,0,100,0,0,0,0,32353087488,8589930496,3003269120,0
199,1786321169270,1004.5423431396484,12333.333333333332,2,0.4125000000000001,898.523193359375,12333.333333333332,2,0.4125000000000001,6681.765563964844,12333.333333333332,2,0.4125000000000001,5187.051483154297,12333.333333333332,0,0.4125000000000001,27355.06723022461,3781,1825,3779,4154,3781,3781,3781,3781,0,0,0,100,0,0,0,0,32353087488,8589930496,3003269120,0
199,1786321169470,1004.5462036132813,12533.333333333332,2,0.3999999999999999,898.532470703125,12533.333333333332,2,0.3999999999999999,6681.774597167969,12533.333333333332,2,0.3999999999999999,5189.259811401367,12533.333333333332,0,0.3999999999999999,27358.45962524414,3781,1825,3779,4154,3781,3781,3781,3781,0,0,0,100,0,0,0,0,32353087488,8589930496,3003269120,0
199,1786321169670,1004.5495147705078,12466.666666666668,2,0.40625,898.5356292724609,12466.666666666668,2,0.40625,6681.782028198242,12466.666666666668,2,0.40625,5191.484710693359,12466.666666666668,0,0.40625,27361.86004638672,3781,1825,3779,4154,3781,3781,3781,3781,0,0,0,100,0,0,0,0,32353087488,8589930496,3003269120,0
199,1786321169870,1004.5528106689453,12466.666666666668,2,0.4125000000000001,898.5389099121094,12466.666666666668,2,0.4125000000000001,6681.789047241211,12466.666666666668,2,0.4125000000000001,5193.71452331543,12466.666666666668,0,0.4125000000000001,27365.259307861328,3781,1825,3779,4154,3781,3781,3781,3781,0,0,0,100,0,0,0,0,32353087488,8589930496,3003269120,0
199,1786321170070,1004.5561981201172,12466.666666666668,2,0.40625,898.5420532226563,12466.666666666668,2,0.40625,6681.797012329102,12466.666666666668,2,0.40625,5195.938674926758,12466.666666666668,0,0.40625,27368.658416748047,3781,1825,3779,4154,3781,3781,3781,3781,0,0,0,100,0,0,0,0,32353087488,8589930496,3003269120,0
199,1786321170270,1004.5596771240234,12466.666666666668,2,0.40625,898.5453338623047,12466.666666666668,2,0.40625,6681.8043212890625,12466.666666666668,2,0.40625,5198.159591674805,12466.666666666668,0,0.40625,27372.05714416504,3781,1825,3779,4154,3781,3781,3781,3781,0,0,0,100,0,0,4.761904716491699,0,32353087488,8589930496,3003269120,0
199,1786321170470,1004.5633239746094,12466.666666666668,2,0.40625,898.548828125,12466.666666666668,2,0.40625,6681.811874389648,12466.666666666668,2,0.40625,5200.395034790039,12466.666666666668,0,0.40625,27375.473098754883,3781,1825,3779,4154,3781,3781,3781,3781,0,0,0,100,0,0,0,0,32353087488,8589930496,3003269120,0
199,1786321170670,1004.5666961669922,12466.666666666668,2,0.40625,898.5520935058594,12466.666666666668,2,0.40625,6681.821212768555,12466.666666666668,2,0.40625,5202.61962890625,12466.666666666668,0,0.40625,27378.872024536133,3781,1825,3779,4154,3781,3781,3781,3781,0,0,0,100,0,0,0,0,32353087488,8589930496,3003269120,0
199,1786321170870,1004.5700225830078,12533.333333333332,2,0.3999999999999999,898.5554046630859,12533.333333333332,2,0.3999999999999999,6681.829086303711,12533.333333333332,2,0.3999999999999999,5204.844665527344,12533.333333333332,0,0.3999999999999999,27382.27081298828,3781,1825,3779,4154,3781,3781,3781,3781,0,0,0,100,0,0,0,0,32353087488,8589930496,3003269120,0
199,1786321171070,1004.5734252929688,12533.333333333332,2,0.40625,898.55859375,12533.333333333332,2,0.40625,6681.836349487305,12533.333333333332,2,0.40625,5207.079559326172,12533.333333333332,0,0.40625,27385.669006347656,3781,1825,3779,4154,3781,3781,3781,3781,0,0,0,100,0,0,0,0,32353087488,8589930496,3003269120,0
199,1786321171270,1004.5769500732422,12533.333333333332,2,0.3999999999999999,898.5618896484375,12466.666666666668,2,0.3999999999999999,6681.8436279296875,12466.666666666668,0,0.3999999999999999,5209.303558349609,12466.666666666668,0,0.3999999999999999,27389.0682220459,3781,1825,3779,4154,3781,3781,3781,3781,0,0,5,100,0,0,0,0,32353087488,8589930496,3003269120,0
199,1786321171471,1004.5808258056641,12533.333333333332,2,0.40625,898.5652770996094,12533.333333333332,0,0.40625,6681.850845336914,12533.333333333332,0,0.40625,5211.528015136719,12533.333333333332,0,0.40625,27392.467803955078,3781,1825,3779,4154,3781,3781,3781,3781,0,0,0,100,0,0,0,0,32353087488,8589930496,3003269120,0
199,1786321171671,1004.5853424072266,12800,2,0.3999999999999999,898.5693969726563,12800,2,0.3999999999999999,6681.8580322265625,12800,0,0.3999999999999999,5213.760208129883,12800,0,0.3999999999999999,27395.858657836914,3781,1825,3779,4154,3781,3781,3781,3781,0,0,0,100,0,0,0,0,32353087488,8589930496,3003269120,0
199,1786321171871,1004.5887145996094,12400,2,0.40625,898.5727081298828,12400,2,0.40625,6681.868728637695,12400,2,0.40625,5215.9925537109375,12400,0,0.40625,27399.269577026367,3781,1825,3779,4154,3781,3781,3781,3781,0,0,0,100,0,0,0,0,32353087488,8589930496,3003269120,0
199,1786321172071,1004.5921478271484,12533.333333333332,2,0.40625,898.5759582519531,12533.333333333332,2,0.40625,6681.876037597656,12533.333333333332,2,0.40625,5218.208221435547,12533.333333333332,0,0.40625,27402.664932250977,3781,1825,3779,4154,3781,3781,3781,3781,0,0,0,100,0,0,0,0,32353087488,8589930496,3003269120,0
199,1786321172271,1004.5958557128906,12533.333333333332,2,0.40625,898.5794067382813,12533.333333333332,2,0.40625,6681.884384155273,12533.333333333332,2,0.40625,5220.433258056641,12533.333333333332,0,0.40625,27406.06411743164,3781,1825,3779,4154,3781,3781,3781,3781,0,0,0,100,0,0,0,0,32353087488,8589930496,3003269120,0
199,1786321172471,1004.5993957519531,12466.666666666668,2,0.40625,898.5826873779297,12466.666666666668,2,0.40625,6681.892868041992,12466.666666666668,2,0.40625,5222.654159545898,12466.666666666668,0,0.40625,27409.463912963867,3781,1825,3779,4154,3781,3781,3781,3781,0,0,0,100,0,0,0,0,32353087488,8589930496,3003269120,0
199,1786321172671,1004.6027069091797,12533.333333333332,2,0.40625,898.5858612060547,12533.333333333332,2,0.40625,6681.901443481445,12533.333333333332,2,0.40625,5224.872329711914,12533.333333333332,0,0.40625,27412.86114501953,3781,1825,3779,4154,3781,3781,3781,3781,0,0,0,100,0,0,0,0,32353087488,8589930496,3003269120,0
199,1786321172871,1004.6060943603516,12533.333333333332,2,0.3999999999999999,898.5890502929688,12533.333333333332,2,0.3999999999999999,6681.908599853516,12533.333333333332,2,0.3999999999999999,5227.09635925293,12533.333333333332,0,0.3999999999999999,27416.2596282959,3781,1825,3779,4154,3781,3781,3781,3781,0,0,0,100,0,0,4.761904716491699,0,32353087488,8589930496,3003269120,0
199,1786321173071,1004.6093597412109,12533.333333333332,2,0.40625,898.5921936035156,12533.333333333332,2,0.40625,6681.916595458984,12533.333333333332,2,0.40625,5229.327697753906,12533.333333333332,0,0.40625,27419.676010131836,3781,1825,3779,4154,3781,3781,3781,3781,0,0,0,100,0,0,0,0,32353087488,8589930496,3003269120,0
199,1786321173271,1004.6129455566406,12466.666666666668,2,0.4125000000000001,898.5964508056641,12466.666666666668,2,0.4125000000000001,6681.925445556641,12466.666666666668,2,0.4125000000000001,5231.544128417969,12466.666666666668,0,0.4125000000000001,27423.075286865234,3781,1825,3779,4154,3781,3781,3781,3781,0,0,0,100,0,0,0,0,32353087488,8589930496,3003269120,0
199,1786321173471,1004.6166839599609,12466.666666666668,2,0.40625,898.5997467041016,12466.666666666668,2,0.40625,6681.933868408203,12466.666666666668,2,0.40625,5233.761978149414,12466.666666666668,0,0.40625,27426.473999023438,3781,1825,3779,4154,3781,3781,3781,3781,0,0,0,100,0,0,0,0,32353087488,8589930496,3003269120,0
199,1786321173671,1004.6201629638672,12466.666666666668,2,0.3999999999999999,898.6029510498047,12466.666666666668,2,0.3999999999999999,6681.940963745117,12466.666666666668,2,0.3999999999999999,5235.981948852539,12466.666666666668,0,0.3999999999999999,27429.872817993164,3781,1825,3779,4154,3781,3781,3781,3781,0,0,0,100,0,0,0,0,32353087488,8589930496,3003269120,0
199,1786321173872,1004.6235656738281,12533.333333333332,2,0.3999999999999999,898.6062469482422,12533.333333333332,2,0.3999999999999999,6681.948211669922,12533.333333333332,2,0.3999999999999999,5238.20671081543,12533.333333333332,0,0.3999999999999999,27433.271087646484,3781,1825,3779,4154,3781,3781,3781,3781,0,0,0,100,0,0,0,0,32353087488,8589930496,3003269120,0
199,1786321174072,1004.6268615722656,12466.666666666668,2,0.40625,898.6093902587891,12466.666666666668,0,0.40625,6681.956726074219,12466.666666666668,0,0.40625,5240.429260253906,12466.666666666668,0,0.40625,27436.67057800293,3781,1825,3779,4154,3781,3781,3781,3781,0,0,0,100,0,0,0,0,32353087488,8589930496,3003269120,0
199,1786321174272,1004.6302947998047,12466.666666666668,2,0.4125000000000001,898.6126861572266,12466.666666666668,0,0.4125000000000001,6681.963928222656,12466.666666666668,0,0.4125000000000001,5242.653594970703,12466.666666666668,0,0.4125000000000001,27440.06950378418,3781,1825,3779,4154,3781,3781,3781,3781,0,0,0,100,0,0,0,0,32353087488,8589930496,3003269120,0
199,1786321174472,1004.6339721679688,12466.666666666668,2,0.40625,898.6162261962891,12466.666666666668,2,0.40625,6681.97102355957,12466.666666666668,2,0.40625,5244.869598388672,12466.666666666668,0,0.40625,27443.468185424805,3781,1825,3779,4154,3781,3781,3781,3781,0,0,0,100,0,0,0,0,32353087488,8589930496,3003269120,0
199,1786321174672,1004.6372985839844,12466.666666666668,2,0.4125000000000001,898.6194000244141,12466.666666666668,2,0.4125000000000001,6681.9783935546875,12466.666666666668,2,0.4125000000000001,5247.090438842773,12466.666666666668,0,0.4125000000000001,27446.867965698242,3781,1825,3779,4154,3781,3781,3781,3781,0,0,0,100,0,0,0,0,32353087488,8589930496,3003269120,0
199,1786321174872,1004.6406402587891,12533.333333333332,2,0.4125000000000001,898.6227264404297,12533.333333333332,2,0.4125000000000001,6681.987274169922,12533.333333333332,2,0.4125000000000001,5249.3092041015625,12533.333333333332,0,0.4125000000000001,27450.266021728516,3781,1825,3779,4154,3781,3781,3781,3781,0,0,0,100,0,0,0,0,32353087488,8589930496,3003269120,0
199,1786321175072,1004.6439666748047,12266.666666666668,2,0.4125000000000001,898.6263427734375,12266.666666666668,2,0.4125000000000001,6681.994430541992,12266.666666666668,2,0.4125000000000001,5251.539657592773,12266.666666666668,0,0.4125000000000001,27453.670532226563,3781,1825,3779,4154,3781,3781,3781,3781,0,0,0,100,0,0,0,0,32353087488,8589930496,3003269120,0
199,1786321175272,1004.6474609375,13466.666666666666,2,0.375,898.6296691894531,13466.666666666666,2,0.375,6682.002685546875,13466.666666666666,2,0.375,5253.746246337891,13466.666666666666,0,0.375,27457.03871154785,3781,1825,3779,4154,3781,3781,3781,3781,0,0,0,100,0,0,0,0,32353087488,8589930496,3003269120,0
199,1786321175472,1004.6520690917969,12466.666666666668,2,0.40625,898.6336822509766,12466.666666666668,2,0.40625,6682.011642456055,12466.666666666668,2,0.40625,5255.991836547852,12466.666666666668,0,0.40625,27460.464767456055,3781,1825,3779,4154,3781,3781,3781,3781,0,0,0,100,0,0,0,0,32353087488,8589930496,3003269120,0
199,1786321175672,1004.6569366455078,13533.333333333334,2,0.3687499999999999,898.6383972167969,13533.333333333334,2,0.3687499999999999,6682.019561767578,13533.333333333334,2,0.3687499999999999,5258.222518920898,13533.333333333334,0,0.3687499999999999,27463.835235595703,3781,1825,3779,4154,3781,3781,3781,3781,0,0,0,100,0,0,0,0,32353087488,8589930496,3003269120,0
199,1786321175872,1004.6603851318359,12466.666666666668,2,0.40625,898.6419372558594,12466.666666666668,2,0.40625,6682.028091430664,12466.666666666668,2,0.40625,5260.476577758789,12466.666666666668,0,0.40625,27467.283737182617,3781,1825,3779,4154,3781,3781,3781,3781,0,0,0,100,0,0,0,0,32353087488,8589930496,3003269120,0
199,1786321176072,1004.6638793945313,12333.333333333332,2,0.40625,898.6452026367188,12333.333333333332,2,0.40625,6682.036026000977,12333.333333333332,2,0.40625,5262.702392578125,12333.333333333332,0,0.40625,27470.68556213379,3781,1825,3779,4154,3781,3781,3781,3781,0,0,0,100,0,0,0,0,32353087488,8589930496,3003269120,0
199,1786321176273,1004.6673889160156,12533.333333333332,2,0.40625,898.6483764648438,12533.333333333332,2,0.40625,6682.043014526367,12533.333333333332,2,0.40625,5264.92333984375,12533.333333333332,0,0.40625,27474.079040527344,3781,1825,3779,4154,3781,3781,3781,3781,0,0,0,100,0,0,0,0,32353087488,8589930496,3003269120,0
199,1786321176473,1004.67138671875,12533.333333333332,2,0.40625,898.6516571044922,12533.333333333332,2,0.40625,6682.053253173828,12533.333333333332,0,0.40625,5267.139129638672,12533.333333333332,0,0.40625,27477.47657775879,3781,1825,3779,4154,3781,3781,3781,3781,0,0,4.761904716491699,100,0,0,0,0,32353087488,8589930496,3003269120,0
199,1786321176673,1004.6748962402344,12533.333333333332,2,0.3999999999999999,898.6548614501953,12533.333333333332,2,0.3999999999999999,6682.063491821289,12533.333333333332,2,0.3999999999999999,5269.35791015625,12533.333333333332,0,0.3999999999999999,27480.87451171875,3781,1825,3779,4154,3781,3781,3781,3781,0,0,0,100,0,0,0,0,32353087488,8589930496,3003269120,0
199,1786321176873,1004.6783905029297,12533.333333333332,2,0.3999999999999999,898.6581268310547,12533.333333333332,2,0.3999999999999999,6682.073974609375,12533.333333333332,0,0.3999999999999999,5271.5748291015625,12466.666666666668,0,0.3999999999999999,27484.27394104004,3781,1825,3779,4154,3781,3781,3781,3781,0,0,0,100,0,0,0,0,32353087488,8589930496,3003269120,0
199,1786321177073,1004.6817779541016,12466.666666666668,2,0.40625,898.6616363525391,12466.666666666668,2,0.40625,6682.081268310547,12466.666666666668,2,0.40625,5273.793045043945,12466.666666666668,0,0.40625,27487.672927856445,3781,1825,3779,4154,3781,3781,3781,3781,0,0,2.4390242099761963,100,0,0,0,0,32353087488,8589930496,3003269120,0
199,1786321177273,1004.6856536865234,12333.333333333332,2,0.4125000000000001,898.6736297607422,12333.333333333332,2,0.4125000000000001,6682.093170166016,12333.333333333332,2,0.4125000000000001,5276.003524780273,12333.333333333332,0,0.4125000000000001,27491.077239990234,3781,1825,3779,4154,3781,3781,3781,3781,0,0,0,100,0,0,0,0,32353087488,8589930496,3003269120,0
199,1786321177473,1004.6896209716797,12466.666666666668,2,0.40625,898.6776123046875,12466.666666666668,2,0.40625,6682.105545043945,12466.666666666668,2,0.40625,5278.209457397461,12466.666666666668,0,0.40625,27494.47055053711,3781,1825,3779,4154,3781,3781,3781,3781,0,0,0,100,0,4.761904716491699,0,0,32353087488,8589930496,3003269120,0
199,1786321177673,1004.6937408447266,12666.666666666668,2,0.3999999999999999,898.6815643310547,12666.666666666668,2,0.3999999999999999,6682.113327026367,12666.666666666668,2,0.3999999999999999,5280.437118530273,12666.666666666668,0,0.3999999999999999,27497.8653717041,3781,1825,3779,4154,3781,3781,3781,3781,0,0,0,100,0,0,0,0,32353087488,8589930496,3003269120,0
199,1786321177873,1004.6974639892578,13533.333333333334,2,0.375,898.68505859375,13533.333333333334,2,0.375,6682.121841430664,13533.333333333334,2,0.375,5282.653915405273,13533.333333333334,0,0.375,27501.242904663086,3781,1825,3779,4154,3781,3781,3781,3781,0,0,0,100,0,0,0,0,32353087488,8589930496,3003269120,0
199,1786321178073,1004.7014312744141,12466.666666666668,2,0.40625,898.6888275146484,12466.666666666668,2,0.40625,6682.129440307617,12466.666666666668,2,0.40625,5284.90315246582,12466.666666666668,0,0.40625,27504.671325683594,3781,1825,3779,4154,3781,3781,3781,3781,0,0,0,100,0,0,0,0,32353087488,8589930496,3003269120,0
200,1786321178273,1004.7048492431641,12466.666666666668,2,0.40625,898.6921539306641,12466.666666666668,2,0.40625,6682.137680053711,12466.666666666668,0,0.40625,5287.121780395508,12466.666666666668,0,0.40625,27508.06951904297,3781,1825,3779,4154,3781,3781,3781,3781,0,0,0,100,0,0,0,0,32353087488,8589930496,3003269120,0
199,1786321178473,1004.7084503173828,12266.666666666668,2,0.4125000000000001,898.6957550048828,12266.666666666668,2,0.4125000000000001,6682.144149780273,12266.666666666668,2,0.4125000000000001,5289.359085083008,12266.666666666668,0,0.4125000000000001,27511.48878479004,3781,1825,3779,4154,3781,3781,3781,3781,0,0,0,100,0,0,0,0,32353087488,8589930496,3003269120,0
199,1786321178673,1004.7119140625,12466.666666666668,2,0.40625,898.6989288330078,12466.666666666668,2,0.40625,6682.1529541015625,12466.666666666668,2,0.40625,5291.572509765625,12466.666666666668,0,0.40625,27514.88316345215,3781,1825,3779,4154,3781,3781,3781,3781,0,0,0,100,0,0,0,0,32353087488,8589930496,3003269120,0
199,1786321178874,1004.7154998779297,12533.333333333332,2,0.3999999999999999,898.7021179199219,12533.333333333332,2,0.3999999999999999,6682.160003662109,12533.333333333332,2,0.3999999999999999,5293.790451049805,12533.333333333332,0,0.3999999999999999,27518.278747558594,3781,1825,3779,4154,3781,3781,3781,3781,0,0,0,100,0,0,0,0,32353087488,8589930496,3003269120,0
199,1786321179074,1004.7197570800781,12600,2,0.3999999999999999,898.7063751220703,12533.333333333332,2,0.3999999999999999,6682.167373657227,12533.333333333332,0,0.3999999999999999,5296.034881591797,12533.333333333332,0,0.3999999999999999,27521.679458618164,3781,1825,3779,4154,3781,3781,3781,3781,0,0,0,100,0,0,0,0,32353087488,8589930496,3003269120,0
199,1786321179274,1004.723876953125,12066.666666666668,2,0.42500000000000004,898.7102508544922,12066.666666666668,0,0.42500000000000004,6682.221694946289,12066.666666666668,0,0.42500000000000004,5298.234100341797,12066.666666666668,0,0.42500000000000004,27525.093231201172,3781,1825,3779,4154,3781,3781,3781,3781,0,0,5,100,0,0,0,0,32353087488,8589930496,3003269120,0
199,1786321179474,1004.7278289794922,12333.333333333332,2,0.40625,898.7135772705078,12333.333333333332,0,0.40625,6682.228546142578,12333.333333333332,0,0.40625,5300.448593139648,12333.333333333332,0,0.40625,27528.48324584961,3781,1825,3779,4154,3781,3781,3781,3781,0,0,0,100,0,0,0,0,32353087488,8589930496,3003269120,0
199,1786321179674,1004.7312622070313,12466.666666666668,2,0.40625,898.7168121337891,12466.666666666668,2,0.40625,6682.2354736328125,12466.666666666668,2,0.40625,5302.667495727539,12466.666666666668,0,0.40625,27531.87727355957,3781,1825,3779,4154,3781,3781,3781,3781,0,0,0,100,0,0,0,0,32353087488,8589930496,3003269120,0
199,1786321179874,1004.7347869873047,12466.666666666668,2,0.40625,898.7201538085938,12466.666666666668,2,0.40625,6682.24284362793,12466.666666666668,2,0.40625,5304.883117675781,12466.666666666668,0,0.40625,27535.27601623535,3781,1825,3779,4154,3781,3781,3781,3781,0,0,0,100,0,0,0,0,32353087488,8589930496,3003269120,0
199,1786321180074,1004.7384796142578,12466.666666666668,2,0.40625,898.7236938476563,12466.666666666668,2,0.40625,6682.250900268555,12466.666666666668,2,0.40625,5307.108688354492,12466.666666666668,0,0.40625,27538.67608642578,3781,1825,3779,4154,3781,3781,3781,3781,0,0,0,100,0,0,4.761904716491699,0,32353087488,8589930496,3003269120,0
199,1786321180274,1004.7425537109375,13733.333333333334,2,0.3687499999999999,898.7274475097656,13733.333333333334,2,0.3687499999999999,6682.258407592773,13733.333333333334,2,0.3687499999999999,5309.319549560547,13733.333333333334,0,0.3687499999999999,27542.04103088379,3781,1825,3779,4154,3781,3781,3781,3781,0,0,0,100,0,0,0,0,32353087488,8589930496,3003269120,0
199,1786321180474,1004.7465209960938,12466.666666666668,2,0.40625,898.7310943603516,12466.666666666668,2,0.40625,6682.265609741211,12466.666666666668,2,0.40625,5311.566665649414,12466.666666666668,0,0.40625,27545.4747467041,3781,1825,3779,4154,3781,3781,3781,3781,0,0,0,100,0,0,0,0,32353087488,8589930496,3003269120,0
199,1786321180674,1004.7499084472656,12466.666666666668,2,0.40625,898.7342376708984,12466.666666666668,2,0.40625,6682.272674560547,12466.666666666668,2,0.40625,5313.785873413086,12466.666666666668,0,0.40625,27548.873413085938,3781,1825,3779,4154,3781,3781,3781,3781,0,0,0,100,0,0,0,0,32353087488,8589930496,3003269120,0
199,1786321180874,1004.7533569335938,12533.333333333332,2,0.40625,898.7379302978516,12533.333333333332,2,0.40625,6682.27978515625,12533.333333333332,2,0.40625,5316.006744384766,12533.333333333332,0,0.40625,27552.27180480957,3781,1825,3779,4154,3781,3781,3781,3781,0,0,0,100,0,0,0,0,32353087488,8589930496,3003269120,0
199,1786321181075,1004.7568206787109,12466.666666666668,2,0.40625,898.7413330078125,12466.666666666668,2,0.40625,6682.288375854492,12466.666666666668,2,0.40625,5318.237274169922,12466.666666666668,0,0.40625,27555.68785095215,3781,1825,3779,4154,3781,3781,3781,3781,0,0,0,100,0,0,0,0,32353087488,8589930496,3003269120,0
199,1786321181275,1004.7608795166016,12733.333333333332,2,0.3999999999999999,898.7693786621094,12733.333333333332,2,0.3999999999999999,6682.752059936523,12733.333333333332,0,0.3999999999999999,5319.966049194336,12733.333333333332,2,0.3999999999999999,27559.081817626953,3781,1825,3779,4154,3781,3781,3781,3781,0,4.761904716491699,23.809524536132813,78.94737243652344,0,0,0,0,32353087488,8589930496,3003269120,0
199,1786321181475,1004.7648468017578,12533.333333333332,2,0.40625,898.7756958007813,12533.333333333332,2,0.40625,6684.961730957031,12533.333333333332,0,0.40625,5319.976043701172,12533.333333333332,2,0.40625,27562.486404418945,3781,1825,3779,4154,3781,3781,3781,3781,0,4.761904716491699,100,0,0,0,0,0,32353087488,8589930496,3003269120,0
199,1786321181675,1004.7681121826172,12933.333333333334,2,0.3999999999999999,898.7814178466797,12933.333333333334,2,0.3999999999999999,6687.169296264648,12933.333333333334,0,0.3999999999999999,5319.984786987305,12933.333333333334,2,0.3999999999999999,27565.872467041016,3781,1825,3779,4154,3781,3781,3781,3781,0,0,100,0,0,0,0,0,32353087488,8589930496,3003269120,0
199,1786321181875,1004.7715148925781,12466.666666666668,2,0.40625,898.7876739501953,12466.666666666668,0,0.40625,6689.390151977539,12466.666666666668,0,0.40625,5319.993057250977,12466.666666666668,0,0.40625,27569.283813476563,3781,1825,3779,4154,3781,3781,3781,3781,0,0,100,0,0,0,0,0,32353087488,8589930496,3003269120,0
199,1786321182075,1004.7747650146484,12533.333333333332,2,0.40625,898.7939453125,12533.333333333332,2,0.40625,6691.600845336914,12533.333333333332,0,0.40625,5319.999450683594,12533.333333333332,0,0.40625,27572.68212890625,3781,1825,3779,4154,3781,3781,3781,3781,0,0,100,0,0,0,0,0,32353087488,8589930496,3003269120,0
199,1786321182275,1004.7781524658203,12533.333333333332,2,0.3999999999999999,898.8001403808594,12533.333333333332,2,0.3999999999999999,6693.812606811523,12533.333333333332,0,0.3999999999999999,5320.005935668945,12533.333333333332,2,0.3999999999999999,27576.080657958984,3781,1825,3779,4154,3781,3781,3781,3781,0,0,100,0,0,0,0,0,32353087488,8589930496,3003269120,0
199,1786321182475,1004.9622955322266,16066.666666666666,2,0.28749999999999987,899.0214080810547,16066.666666666666,2,0.28749999999999987,6695.417236328125,16066.666666666666,0,0.28749999999999987,5320.25276184082,16066.666666666666,2,0.28749999999999987,27579.382232666016,3781,1825,3779,4154,3781,3781,3781,3781,5.263157844543457,5.263157844543457,76.19047546386719,14.285715103149414,9.523809432983398,10,5.263157844543457,10,32353087488,8589930496,3015843840,0
199,1786321182675,1004.9677429199219,12466.666666666668,2,0.40625,899.0277557373047,12466.666666666668,2,0.40625,6697.6959228515625,12466.666666666668,0,0.40625,5320.26123046875,12466.666666666668,2,0.40625,27582.890090942383,3781,1825,3779,4154,3781,3781,3781,3781,0,0,100,0,0,0,0,0,32353087488,8589930496,3015843840,0
199,1786321182875,1004.9722290039063,12600,2,0.3999999999999999,899.0339050292969,12600,2,0.3999999999999999,6699.908096313477,12600,0,0.3999999999999999,5320.268081665039,12600,2,0.3999999999999999,27586.283630371094,3781,1825,3779,4154,3781,3781,3781,3781,0,0,100,0,0,0,0,0,32353087488,8589930496,3015843840,0
199,1786321183075,1004.9771423339844,12533.333333333332,2,0.3999999999999999,899.0403594970703,12533.333333333332,2,0.3999999999999999,6702.121643066406,12533.333333333332,0,0.3999999999999999,5320.275436401367,12533.333333333332,2,0.3999999999999999,27589.68492126465,3781,1825,3779,4154,3781,3781,3781,3781,0,0,100,0,0,0,0,0,32353087488,8589930496,3015843840,0
199,1786321183275,1004.9814147949219,12466.666666666668,2,0.40625,899.0465545654297,12466.666666666668,2,0.40625,6704.344909667969,12466.666666666668,0,0.40625,5320.284103393555,12466.666666666668,2,0.40625,27593.099868774414,3781,1825,3779,4154,3781,3781,3781,3781,0,0,100,0,0,0,0,0,32353087488,8589930496,3015843840,0
199,1786321183476,1004.986328125,12533.333333333332,2,0.40625,899.0530395507813,12533.333333333332,2,0.40625,6706.555679321289,12533.333333333332,0,0.40625,5320.291000366211,12533.333333333332,2,0.40625,27596.49674987793,3781,1825,3779,4154,3781,3781,3781,3781,0,0,100,0,0,0,0,0,32353087488,8589930496,3015843840,0
199,1786321183676,1004.9907836914063,12466.666666666668,2,0.40625,899.0588684082031,12466.666666666668,2,0.40625,6708.770858764648,12466.666666666668,0,0.40625,5320.300506591797,12466.666666666668,2,0.40625,27599.895965576172,3781,1825,3779,4154,3781,3781,3781,3781,0,0,100,0,0,0,0,0,32353087488,8589930496,3015843840,0
199,1786321183876,1004.9950256347656,12466.666666666668,2,0.3999999999999999,899.0650024414063,12466.666666666668,2,0.3999999999999999,6710.987045288086,12466.666666666668,0,0.3999999999999999,5320.309188842773,12466.666666666668,2,0.3999999999999999,27603.29312133789,3781,1825,3779,4154,3781,3781,3781,3781,0,0,100,0,0,0,0,0,32353087488,8589930496,3015843840,0
199,1786321184076,1004.9993133544922,12866.666666666666,2,0.3999999999999999,899.0719604492188,12866.666666666666,2,0.3999999999999999,6713.17643737793,12866.666666666666,0,0.3999999999999999,5320.317520141602,12866.666666666666,2,0.3999999999999999,27606.68128967285,3781,1825,3779,4154,3781,3781,3781,3781,0,0,100,0,0,0,0,0,32353087488,8589930496,3015938048,0
199,1786321184276,1005.0036926269531,12466.666666666668,2,0.40625,899.0782318115234,12466.666666666668,2,0.40625,6715.398681640625,12466.666666666668,0,0.40625,5320.32405090332,12466.666666666668,0,0.40625,27610.091430664063,3781,1825,3779,4154,3781,3781,3781,3781,0,0,100,0,0,0,0,0,32353087488,8589930496,3015938048,0
199,1786321184476,1005.0081481933594,12533.333333333332,0,0.3999999999999999,899.0846099853516,12533.333333333332,2,0.3999999999999999,6717.609649658203,12533.333333333332,0,0.3999999999999999,5320.330612182617,12533.333333333332,0,0.3999999999999999,27613.488891601563,3781,1825,3779,4154,3781,3781,3781,3781,0,0,100,0,0,0,0,0,32353087488,8589930496,3015938048,0
199,1786321184676,1005.0123443603516,12533.333333333332,2,0.40625,899.0908050537109,12533.333333333332,2,0.40625,6719.833923339844,12533.333333333332,0,0.40625,5320.337142944336,12533.333333333332,0,0.40625,27616.888870239258,3781,1825,3779,4154,3781,3781,3781,3781,0,0,100,0,0,0,0,0,32353087488,8589930496,3015938048,0
199,1786321184876,1005.0164794921875,12533.333333333332,2,0.3999999999999999,899.0969085693359,12533.333333333332,2,0.3999999999999999,6722.044876098633,12533.333333333332,0,0.3999999999999999,5320.343612670898,12533.333333333332,2,0.3999999999999999,27620.287017822266,3781,1825,3779,4154,3781,3781,3781,3781,0,0,100,0,0,0,0,0,32353087488,8589930496,3015938048,0
199,1786321185076,1005.0220489501953,12600,2,0.3999999999999999,899.1031341552734,12600,2,0.3999999999999999,6724.274459838867,12600,0,0.3999999999999999,5320.350845336914,12600,2,0.3999999999999999,27623.687042236328,3781,1825,3779,4154,3781,3781,3781,3781,0,0,100,0,0,0,0,0,32353087488,8589930496,3015938048,0
199,1786321185276,1005.0267486572266,12333.333333333332,2,0.4125000000000001,899.1158599853516,12333.333333333332,2,0.4125000000000001,6726.478042602539,12333.333333333332,0,0.4125000000000001,5320.361022949219,12333.333333333332,2,0.4125000000000001,27627.093460083008,3781,1825,3779,4154,3781,3781,3781,3781,0,0,100,0,0,0,0,0,32353087488,8589930496,3015938048,0
199,1786321185476,1005.0322723388672,12733.333333333332,2,0.3999999999999999,899.1220855712891,12733.333333333332,2,0.3999999999999999,6728.671783447266,12733.333333333332,0,0.3999999999999999,5320.373260498047,12733.333333333332,2,0.3999999999999999,27630.478729248047,3781,1825,3779,4154,3781,3781,3781,3781,0,0,100,0,0,0,0,0,32353087488,8589930496,3015938048,0
199,1786321185676,1005.0365447998047,12533.333333333332,2,0.40625,899.1282958984375,12533.333333333332,2,0.40625,6730.88671875,12533.333333333332,0,0.40625,5320.380813598633,12533.333333333332,2,0.40625,27633.884735107422,3781,1825,3779,4154,3781,3781,3781,3781,0,0,100,0,0,0,0,0,32353087488,8589930496,3015938048,0
199,1786321185877,1005.0408630371094,12533.333333333332,2,0.40625,899.1344757080078,12533.333333333332,2,0.40625,6733.099258422852,12533.333333333332,0,0.40625,5320.387542724609,12533.333333333332,2,0.40625,27637.283004760742,3781,1825,3779,4154,3781,3781,3781,3781,0,0,100,0,0,0,0,0,32353087488,8589930496,3015938048,0
199,1786321186077,1005.0450286865234,12466.666666666668,2,0.40625,899.1405944824219,12466.666666666668,2,0.40625,6735.323471069336,12466.666666666668,0,0.40625,5320.395584106445,12466.666666666668,2,0.40625,27640.699462890625,3781,1825,3779,4154,3781,3781,3781,3781,0,0,100,4.761904716491699,0,0,0,0,32353087488,8589930496,3015938048,0
199,1786321186277,1005.0496368408203,12466.666666666668,2,0.40625,899.1469421386719,12466.666666666668,2,0.40625,6737.53889465332,12466.666666666668,0,0.40625,5320.404525756836,12466.666666666668,2,0.40625,27644.09881591797,3781,1825,3779,4154,3781,3781,3781,3781,0,0,100,4.761904716491699,0,0,0,0,32353087488,8589930496,3015938048,0
199,1786321186477,1005.0540771484375,12533.333333333332,2,0.3999999999999999,899.1533508300781,12533.333333333332,2,0.3999999999999999,6739.747329711914,12533.333333333332,0,0.3999999999999999,5320.413146972656,12533.333333333332,2,0.3999999999999999,27647.49591064453,3781,1825,3779,4154,3781,3781,3781,3781,0,0,100,0,0,0,0,0,32353087488,8589930496,3015938048,0
199,1786321186677,1005.0582427978516,12466.666666666668,2,0.40625,899.1595916748047,12466.666666666668,2,0.40625,6741.955261230469,12466.666666666668,0,0.40625,5320.422180175781,12466.666666666668,2,0.40625,27650.895111083984,3781,1825,3779,4154,3781,3781,3781,3781,0,0,100,0,0,0,0,0,32353087488,8589930496,3015938048,0
199,1786321186877,1005.0624084472656,12466.666666666668,2,0.40625,899.1658172607422,12466.666666666668,2,0.40625,6744.16535949707,12466.666666666668,0,0.40625,5320.430587768555,12466.666666666668,0,0.40625,27654.294372558594,3781,1825,3779,4154,3781,3781,3781,3781,0,0,100,0,0,0,0,0,32353087488,8589930496,3015938048,0
199,1786321187077,1005.0665740966797,12533.333333333332,0,0.3999999999999999,899.1719512939453,12533.333333333332,2,0.3999999999999999,6746.376815795898,12533.333333333332,0,0.3999999999999999,5320.437042236328,12533.333333333332,0,0.3999999999999999,27657.692443847656,3781,1825,3779,4154,3781,3781,3781,3781,0,0,100,0,4.761904716491699,0,0,0,32353087488,8589930496,3015938048,0
199,1786321187277,1005.0706481933594,12533.333333333332,2,0.3999999999999999,899.178466796875,12533.333333333332,2,0.3999999999999999,6748.592849731445,12533.333333333332,0,0.3999999999999999,5320.443511962891,12533.333333333332,0,0.3999999999999999,27661.091751098633,3781,1825,3779,4154,3781,3781,3781,3781,0,0,100,0,0,0,0,0,32353087488,8589930496,3015938048,0
199,1786321187477,1005.0752258300781,12466.666666666668,2,0.40625,899.1848602294922,12466.666666666668,2,0.40625,6750.80143737793,12466.666666666668,0,0.40625,5320.450271606445,12466.666666666668,2,0.40625,27664.490966796875,3781,1825,3779,4154,3781,3781,3781,3781,0,0,100,0,0,0,0,0,32353087488,8589930496,3015938048,0
199,1786321187677,1005.0795440673828,12400,2,0.40625,899.1909484863281,12400,2,0.40625,6753.019027709961,12400,0,0.40625,5320.457336425781,12400,2,0.40625,27667.892166137695,3781,1825,3779,4154,3781,3781,3781,3781,0,0,100,0,0,0,0,0,32353087488,8589930496,3015938048,0
199,1786321187877,1005.0838775634766,12533.333333333332,2,0.40625,899.1971740722656,12533.333333333332,2,0.40625,6755.229187011719,12533.333333333332,0,0.40625,5320.463806152344,12533.333333333332,2,0.40625,27671.28712463379,3781,1825,3779,4154,3781,3781,3781,3781,0,0,100,0,0,0,0,0,32353087488,8589930496,3015938048,0
199,1786321188077,1005.0881652832031,12533.333333333332,2,0.40625,899.203369140625,12533.333333333332,2,0.40625,6757.441009521484,12533.333333333332,0,0.40625,5320.4705810546875,12533.333333333332,2,0.40625,27674.687591552734,3781,1825,3779,4154,3781,3781,3781,3781,0,0,100,0,0,0,0,0,32353087488,8589930496,3015938048,0
199,1786321188278,1005.0923767089844,12466.666666666668,2,0.3999999999999999,899.2095336914063,12466.666666666668,2,0.3999999999999999,6759.652282714844,12466.666666666668,0,0.3999999999999999,5320.47705078125,12466.666666666668,2,0.3999999999999999,27678.08673095703,3781,1825,3779,4154,3781,3781,3781,3781,0,0,100,0,0,0,0,0,32353087488,8589930496,3015938048,0
199,1786321188478,1005.0968322753906,12466.666666666668,2,0.4125000000000001,899.2156677246094,12466.666666666668,2,0.4125000000000001,6761.8648681640625,12466.666666666668,0,0.4125000000000001,5320.483596801758,12466.666666666668,2,0.4125000000000001,27681.485107421875,3781,1825,3779,4154,3781,3781,3781,3781,0,0,100,0,0,0,0,0,32353087488,8589930496,3015938048,0
199,1786321188678,1005.1012115478516,12466.666666666668,2,0.40625,899.2218627929688,12466.666666666668,2,0.40625,6764.083633422852,12466.666666666668,0,0.40625,5320.491668701172,12466.666666666668,2,0.40625,27684.90155029297,3781,1825,3779,4154,3781,3781,3781,3781,0,0,100,0,0,0,0,0,32353087488,8589930496,3015938048,0
199,1786321188878,1005.1054382324219,12466.666666666668,2,0.40625,899.2280883789063,12466.666666666668,2,0.40625,6766.288558959961,12466.666666666668,0,0.40625,5320.498092651367,12466.666666666668,2,0.40625,27688.301055908203,3781,1825,3779,4154,3781,3781,3781,3781,0,0,100,0,0,0,0,0,32353087488,8589930496,3015938048,0
199,1786321189078,1005.1097259521484,12466.666666666668,2,0.40625,899.2342834472656,12466.666666666668,2,0.40625,6768.4959716796875,12466.666666666668,0,0.40625,5320.506164550781,12466.666666666668,2,0.40625,27691.69940185547,3781,1825,3779,4154,3781,3781,3781,3781,0,0,100,0,0,0,0,0,32353087488,8589930496,3015938048,0
199,1786321189278,1005.1142425537109,12466.666666666668,2,0.40625,899.2460021972656,12466.666666666668,2,0.40625,6770.700637817383,12466.666666666668,0,0.40625,5320.513244628906,12466.666666666668,2,0.40625,27695.099365234375,3781,1825,3779,4154,3781,3781,3781,3781,0,0,100,0,0,0,0,0,32353087488,8589930496,3015938048,0
199,1786321189478,1005.1189880371094,12533.333333333332,0,0.3999999999999999,899.2524261474609,12533.333333333332,2,0.3999999999999999,6772.907821655273,12533.333333333332,0,0.3999999999999999,5320.522491455078,12533.333333333332,0,0.3999999999999999,27698.496139526367,3781,1825,3779,4154,3781,3781,3781,3781,0,0,100,0,0,0,0,0,32353087488,8589930496,3015938048,0
199,1786321189678,1005.1233062744141,12466.666666666668,0,0.40625,899.2586212158203,12466.666666666668,2,0.40625,6775.115234375,12466.666666666668,0,0.40625,5320.531188964844,12466.666666666668,0,0.40625,27701.895965576172,3781,1825,3779,4154,3781,3781,3781,3781,0,0,100,0,0,0,0,0,32353087488,8589930496,3015938048,0
199,1786321189878,1005.1275482177734,12533.333333333332,2,0.3999999999999999,899.2648162841797,12533.333333333332,2,0.3999999999999999,6777.323883056641,12533.333333333332,0,0.3999999999999999,5320.537582397461,12533.333333333332,0,0.3999999999999999,27705.29428100586,3781,1825,3779,4154,3781,3781,3781,3781,0,0,100,0,0,0,0,0,32353087488,8589930496,3015938048,0
199,1786321190078,1005.1318817138672,12533.333333333332,2,0.40625,899.2710113525391,12533.333333333332,2,0.40625,6779.533233642578,12533.333333333332,0,0.40625,5320.545913696289,12533.333333333332,2,0.40625,27708.69351196289,3781,1825,3779,4154,3781,3781,3781,3781,0,0,100,0,0,0,0,0,32353087488,8589930496,3015938048,0
199,1786321190278,1005.1360778808594,12533.333333333332,2,0.40625,899.2773284912109,12533.333333333332,2,0.40625,6781.743179321289,12533.333333333332,0,0.40625,5320.553146362305,12533.333333333332,2,0.40625,27712.093338012695,3781,1825,3779,4154,3781,3781,3781,3781,0,0,100,0,0,0,0,0,32353087488,8589930496,3015938048,0
199,1786321190478,1005.1405639648438,12533.333333333332,2,0.40625,899.2838134765625,12533.333333333332,2,0.40625,6783.946502685547,12533.333333333332,0,0.40625,5320.561553955078,12533.333333333332,2,0.40625,27715.491271972656,3781,1825,3779,4154,3781,3781,3781,3781,0,0,100,0,0,0,0,0,32353087488,8589930496,3015938048,0
199,1786321190679,1005.1448669433594,12466.666666666668,2,0.4125000000000001,899.2900085449219,12466.666666666668,2,0.4125000000000001,6786.153366088867,12466.666666666668,0,0.4125000000000001,5320.568359375,12466.666666666668,2,0.4125000000000001,27718.89080810547,3781,1825,3779,4154,3781,3781,3781,3781,0,0,100,0,0,0,0,0,32353087488,8589930496,3015938048,0
199,1786321190879,1005.1490936279297,12466.666666666668,2,0.40625,899.2962036132813,12466.666666666668,2,0.40625,6788.364303588867,12466.666666666668,0,0.40625,5320.575164794922,12466.666666666668,2,0.40625,27722.2899017334,3781,1825,3779,4154,3781,3781,3781,3781,0,0,100,0,0,0,0,0,32353087488,8589930496,3015938048,0
199,1786321191079,1005.1544342041016,12800,2,0.3999999999999999,899.3024139404297,12800,2,0.3999999999999999,6790.58073425293,12800,0,0.3999999999999999,5320.581802368164,12800,2,0.3999999999999999,27725.68194580078,3781,1825,3779,4154,3781,3781,3781,3781,0,0,100,0,0,0,0,0,32353087488,8589930496,3015938048,0
199,1786321191279,1005.15966796875,12266.666666666668,2,0.41874999999999996,899.3089599609375,12266.666666666668,2,0.41874999999999996,6792.778717041016,12266.666666666668,0,0.41874999999999996,5320.642883300781,12266.666666666668,2,0.41874999999999996,27729.115478515625,3781,1825,3779,4154,3781,3781,3781,3781,0,0,100,5,0,0,0,0,32353087488,8589930496,3015938048,0
199,1786321191479,1005.1640167236328,12466.666666666668,2,0.3999999999999999,899.3151550292969,12466.666666666668,2,0.3999999999999999,6794.977752685547,12466.666666666668,0,0.3999999999999999,5320.650466918945,12466.666666666668,2,0.3999999999999999,27732.505813598633,3781,1825,3779,4154,3781,3781,3781,3781,0,0,100,0,0,0,0,0,32353087488,8589930496,3015938048,0
199,1786321191679,1005.1683349609375,12466.666666666668,2,0.40625,899.3216400146484,12466.666666666668,2,0.40625,6797.191864013672,12466.666666666668,0,0.40625,5320.658309936523,12466.666666666668,2,0.40625,27735.904541015625,3781,1825,3779,4154,3781,3781,3781,3781,0,0,100,0,0,0,0,0,32353087488,8589930496,3015938048,0
199,1786321191879,1005.1724853515625,12533.333333333332,2,0.3999999999999999,899.3278503417969,12533.333333333332,2,0.3999999999999999,6799.403228759766,12533.333333333332,0,0.3999999999999999,5320.664855957031,12533.333333333332,2,0.3999999999999999,27739.30291748047,3781,1825,3779,4154,3781,3781,3781,3781,0,0,100,0,0,0,0,0,32353087488,8589930496,3015938048,0
199,1786321192079,1005.1766815185547,12466.666666666668,2,0.3999999999999999,899.3340759277344,12466.666666666668,2,0.3999999999999999,6801.612594604492,12466.666666666668,0,0.40625,5320.674514770508,12466.666666666668,0,0.40625,27742.701705932617,3781,1825,3779,4154,3781,3781,3781,3781,0,0,100,0,0,0,0,0,32353087488,8589930496,3015938048,0
199,1786321192279,1005.1810150146484,12533.333333333332,0,0.3999999999999999,899.3408355712891,12533.333333333332,2,0.3999999999999999,6803.816482543945,12533.333333333332,0,0.3999999999999999,5320.682556152344,12533.333333333332,0,0.3999999999999999,27746.100189208984,3781,1825,3779,4154,3781,3781,3781,3781,0,0,100,4.761904716491699,0,0,0,0,32353087488,8589930496,3015938048,0
199,1786321192479,1005.1853179931641,12466.666666666668,2,0.40625,899.34716796875,12466.666666666668,2,0.40625,6806.023773193359,12466.666666666668,0,0.40625,5320.690887451172,12466.666666666668,0,0.40625,27749.499877929688,3781,1825,3779,4154,3781,3781,3781,3781,0,0,100,0,0,0,0,0,32353087488,8589930496,3015938048,0
199,1786321192679,1005.1895141601563,12333.333333333332,2,0.4125000000000001,899.353759765625,12333.333333333332,2,0.4125000000000001,6808.2388916015625,12333.333333333332,0,0.4125000000000001,5320.699203491211,12333.333333333332,2,0.4125000000000001,27752.90252685547,3781,1825,3779,4154,3781,3781,3781,3781,0,0,100,4.761904716491699,0,0,0,0,32353087488,8589930496,3015938048,0
199,1786321192879,1005.1936340332031,12266.666666666668,2,0.4125000000000001,899.3596038818359,12266.666666666668,2,0.4125000000000001,6810.456344604492,12266.666666666668,0,0.4125000000000001,5320.707092285156,12266.666666666668,2,0.4125000000000001,27756.300354003906,3781,1825,3779,4154,3781,3781,3781,3781,0,0,100,0,0,0,0,0,32353087488,8589930496,3015938048,0
199,1786321193080,1005.1978607177734,12466.666666666668,2,0.40625,899.3662719726563,12466.666666666668,2,0.40625,6812.667419433594,12466.666666666668,0,0.40625,5320.713928222656,12466.666666666668,2,0.40625,27759.6941986084,3781,1825,3779,4154,3781,3781,3781,3781,0,0,100,0,0,0,0,0,32353087488,8589930496,3015938048,0
199,1786321193280,1005.2038269042969,12333.333333333332,2,0.4125000000000001,899.384033203125,12333.333333333332,2,0.4125000000000001,6814.8663330078125,12333.333333333332,0,0.4125000000000001,5320.721206665039,12333.333333333332,2,0.4125000000000001,27763.098678588867,3781,1825,3779,4154,3781,3781,3781,3781,0,0,100,0,4.761904716491699,0,0,0,32353087488,8589930496,3015938048,0
199,1786321193480,1005.2084197998047,12466.666666666668,2,0.4125000000000001,899.3952026367188,12466.666666666668,2,0.4125000000000001,6817.061462402344,12466.666666666668,0,0.4125000000000001,5320.728668212891,12466.666666666668,2,0.4125000000000001,27766.493377685547,3781,1825,3779,4154,3781,3781,3781,3781,0,0,100,0,0,4.761904716491699,0,0,32353087488,8589930496,3015938048,0
199,1786321193680,1005.2128448486328,12533.333333333332,2,0.40625,899.4016723632813,12533.333333333332,2,0.40625,6819.268524169922,12533.333333333332,0,0.40625,5320.736557006836,12533.333333333332,2,0.40625,27769.890167236328,3781,1825,3779,4154,3781,3781,3781,3781,0,0,100,0,0,0,0,0,32353087488,8589930496,3015938048,0
199,1786321193880,1005.2171325683594,12533.333333333332,2,0.40625,899.4078369140625,12533.333333333332,2,0.40625,6821.490814208984,12533.333333333332,0,0.40625,5320.743438720703,12533.333333333332,2,0.40625,27773.30763244629,3781,1825,3779,4154,3781,3781,3781,3781,0,0,100,0,0,0,0,0,32353087488,8589930496,3015938048,0
199,1786321194080,1005.2212982177734,12533.333333333332,2,0.40625,899.4140319824219,12533.333333333332,2,0.40625,6823.700149536133,12533.333333333332,0,0.40625,5320.750030517578,12533.333333333332,2,0.40625,27776.706939697266,3781,1825,3779,4154,3781,3781,3781,3781,0,0,100,0,0,0,0,0,32353087488,8589930496,3015938048,0
199,1786321194280,1005.2255401611328,12666.666666666668,2,0.3999999999999999,899.4265899658203,12666.666666666668,2,0.3999999999999999,6825.888198852539,12666.666666666668,0,0.3999999999999999,5320.7567138671875,12666.666666666668,2,0.3999999999999999,27780.10218811035,3781,1825,3779,4154,3781,3781,3781,3781,0,0,100,0,0,0,0,0,32353087488,8589930496,3015938048,0
199,1786321194480,1005.229736328125,12400,2,0.4125000000000001,899.4331207275391,12400,2,0.4125000000000001,6828.097152709961,12400,0,0.4125000000000001,5320.763763427734,12400,2,0.40625,27783.50814819336,3781,1825,3779,4154,3781,3781,3781,3781,0,0,100,0,0,0,0,0,32353087488,8589930496,3015938048,0
199,1786321194680,1005.2339172363281,12533.333333333332,2,0.3999999999999999,899.4392700195313,12533.333333333332,2,0.3999999999999999,6830.306869506836,12533.333333333332,0,0.3999999999999999,5320.771835327148,12533.333333333332,0,0.3999999999999999,27786.904052734375,3781,1825,3779,4154,3781,3781,3781,3781,0,0,100,0,0,0,0,0,32353087488,8589930496,3015938048,0
199,1786321194880,1005.2381286621094,12466.666666666668,2,0.40625,899.4454040527344,12466.666666666668,2,0.40625,6832.514709472656,12466.666666666668,0,0.40625,5320.779891967773,12466.666666666668,0,0.40625,27790.3037109375,3781,1825,3779,4154,3781,3781,3781,3781,0,0,100,0,4.761904716491699,0,0,0,32353087488,8589930496,3015938048,0
199,1786321195080,1005.242431640625,12533.333333333332,2,0.40625,899.4515533447266,12533.333333333332,2,0.40625,6834.722869873047,12533.333333333332,0,0.40625,5320.788177490234,12533.333333333332,0,0.40625,27793.701858520508,3781,1825,3779,4154,3781,3781,3781,3781,0,0,100,0,0,0,0,0,32353087488,8589930496,3015938048,0
199,1786321195280,1005.2465972900391,12466.666666666668,0,0.40625,899.4576873779297,12466.666666666668,2,0.40625,6836.926574707031,12466.666666666668,0,0.40625,5320.794815063477,12466.666666666668,2,0.40625,27797.10105895996,3781,1825,3779,4154,3781,3781,3781,3781,0,0,100,0,0,0,0,0,32353087488,8589930496,3015938048,0
199,1786321195481,1005.2510528564453,12466.666666666668,2,0.40625,899.4643402099609,12466.666666666668,2,0.40625,6839.1302490234375,12466.666666666668,0,0.40625,5320.802917480469,12466.666666666668,2,0.40625,27800.500946044922,3781,1825,3779,4154,3781,3781,3781,3781,0,0,100,0,0,0,0,0,32353087488,8589930496,3015938048,0
199,1786321195681,1005.2553100585938,12333.333333333332,2,0.4125000000000001,899.4705047607422,12333.333333333332,2,0.4125000000000001,6841.343200683594,12333.333333333332,0,0.4125000000000001,5320.810150146484,12333.333333333332,2,0.4125000000000001,27803.902801513672,3781,1825,3779,4154,3781,3781,3781,3781,0,0,100,0,0,0,0,0,32353087488,8589930496,3015938048,0
199,1786321195881,1005.259521484375,12466.666666666668,2,0.40625,899.4766540527344,12466.666666666668,2,0.40625,6843.54411315918,12466.666666666668,0,0.40625,5320.818374633789,12466.666666666668,2,0.40625,27807.29608154297,3781,1825,3779,4154,3781,3781,3781,3781,0,0,100,4.761904716491699,0,0,0,0,32353087488,8589930496,3015938048,0
199,1786321196081,1005.2637481689453,12466.666666666668,2,0.40625,899.4828186035156,12466.666666666668,2,0.40625,6845.750183105469,12466.666666666668,0,0.40625,5320.825332641602,12466.666666666668,2,0.40625,27810.69593811035,3781,1825,3779,4154,3781,3781,3781,3781,0,0,100,0,0,0,0,0,32353087488,8589930496,3015938048,0
199,1786321196281,1005.2680358886719,12533.333333333332,2,0.40625,899.4889831542969,12533.333333333332,2,0.40625,6847.960189819336,12533.333333333332,0,0.40625,5320.832336425781,12533.333333333332,2,0.40625,27814.095092773438,3781,1825,3779,4154,3781,3781,3781,3781,0,0,100,0,0,0,0,0,32353087488,8589930496,3015938048,0
199,1786321196481,1005.2722320556641,12466.666666666668,2,0.40625,899.4957275390625,12466.666666666668,2,0.40625,6850.180480957031,12466.666666666668,0,0.40625,5320.840423583984,12466.666666666668,2,0.40625,27817.512176513672,3781,1825,3779,4154,3781,3781,3781,3781,0,0,100,0,0,0,0,0,32353087488,8589930496,3015938048,0
199,1786321196681,1005.2764892578125,12466.666666666668,2,0.40625,899.5019226074219,12466.666666666668,2,0.40625,6852.390274047852,12466.666666666668,0,0.40625,5320.847015380859,12466.666666666668,2,0.40625,27820.910278320313,3781,1825,3779,4154,3781,3781,3781,3781,0,0,100,0,0,0,0,0,32353087488,8589930496,3015938048,0
199,1786321196881,1005.2807922363281,12466.666666666668,2,0.40625,899.508056640625,12466.666666666668,2,0.40625,6854.605453491211,12466.666666666668,0,0.40625,5320.854446411133,12466.666666666668,2,0.40625,27824.30923461914,3781,1825,3779,4154,3781,3781,3781,3781,0,0,100,0,0,0,0,0,32353087488,8589930496,3015938048,0
199,1786321197081,1005.284912109375,12466.666666666668,2,0.40625,899.5142974853516,12466.666666666668,2,0.40625,6856.812210083008,12466.666666666668,0,0.40625,5320.861053466797,12466.666666666668,2,0.40625,27827.708923339844,3781,1825,3779,4154,3781,3781,3781,3781,0,0,100,0,0,0,0,0,32353087488,8589930496,3015938048,0
199,1786321197281,1005.2892608642578,12400,0,0.4125000000000001,899.5223083496094,12400,2,0.4125000000000001,6859.015838623047,12400,0,0.4125000000000001,5320.868911743164,12400,0,0.4125000000000001,27831.109146118164,3781,1825,3779,4154,3781,3781,3781,3781,0,0,100,0,0,0,0,0,32353087488,8589930496,3015938048,0
199,1786321197481,1005.2938690185547,12466.666666666668,0,0.40625,899.52880859375,12466.666666666668,2,0.40625,6861.219924926758,12466.666666666668,0,0.40625,5320.87760925293,12466.666666666668,0,0.40625,27834.505477905273,3781,1825,3779,4154,3781,3781,3781,3781,0,0,100,0,0,0,0,0,32353087488,8589930496,3015938048,0
199,1786321197681,1005.2983856201172,12400,2,0.40625,899.5350341796875,12400,2,0.40625,6863.425842285156,12400,0,0.40625,5320.887954711914,12400,0,0.40625,27837.90753173828,3781,1825,3779,4154,3781,3781,3781,3781,0,0,100,0,0,0,0,0,32353087488,8589930496,3015938048,0
199,1786321197882,1005.3026275634766,12466.666666666668,2,0.40625,899.5411987304688,12466.666666666668,2,0.40625,6865.635314941406,12466.666666666668,0,0.40625,5320.896133422852,12466.666666666668,2,0.40625,27841.303833007813,3781,1825,3779,4154,3781,3781,3781,3781,0,0,100,0,0,0,0,0,32353087488,8589930496,3015938048,0
199,1786321198082,1005.3068542480469,12533.333333333332,2,0.40625,899.5473327636719,12533.333333333332,2,0.40625,6867.842559814453,12533.333333333332,0,0.40625,5320.902755737305,12533.333333333332,2,0.40625,27844.702438354492,3781,1825,3779,4154,3781,3781,3781,3781,0,0,100,0,0,0,0,0,32353087488,8589930496,3015938048,0
199,1786321198282,1005.3111114501953,12466.666666666668,2,0.4125000000000001,899.5537261962891,12466.666666666668,2,0.4125000000000001,6870.051803588867,12466.666666666668,0,0.4125000000000001,5320.910202026367,12466.666666666668,2,0.4125000000000001,27848.101959228516,3781,1825,3779,4154,3781,3781,3781,3781,0,0,100,0,0,0,0,0,32353087488,8589930496,3015938048,0
199,1786321198482,1005.3153076171875,12533.333333333332,2,0.40625,899.5601043701172,12533.333333333332,2,0.40625,6872.259338378906,12533.333333333332,0,0.40625,5320.917388916016,12533.333333333332,2,0.40625,27851.499725341797,3781,1825,3779,4154,3781,3781,3781,3781,0,0,100,0,0,0,0,0,32353087488,8589930496,3015938048,0
199,1786321198682,1005.3197326660156,12266.666666666668,2,0.4125000000000001,899.5662384033203,12266.666666666668,2,0.4125000000000001,6874.474319458008,12266.666666666668,0,0.4125000000000001,5320.9241943359375,12266.666666666668,2,0.4125000000000001,27854.90542602539,3781,1825,3779,4154,3781,3781,3781,3781,0,0,100,0,0,0,0,0,32353087488,8589930496,3015938048,0
199,1786321198882,1005.3239440917969,12466.666666666668,2,0.40625,899.5723876953125,12466.666666666668,2,0.40625,6876.6817626953125,12466.666666666668,0,0.40625,5320.930877685547,12466.666666666668,2,0.40625,27858.298583984375,3781,1825,3779,4154,3781,3781,3781,3781,0,0,100,0,0,0,0,0,32353087488,8589930496,3015938048,0
199,1786321199082,1005.3282318115234,12533.333333333332,2,0.3999999999999999,899.5785217285156,12533.333333333332,2,0.3999999999999999,6878.903335571289,12533.333333333332,0,0.3999999999999999,5320.937637329102,12533.333333333332,2,0.3999999999999999,27861.713897705078,3781,1825,3779,4154,3781,3781,3781,3781,0,0,100,0,0,0,0,0,32353087488,8589930496,3015938048,0
199,1786321199282,1005.3324890136719,12466.666666666668,2,0.40625,899.5847473144531,12466.666666666668,2,0.40625,6881.115295410156,12466.666666666668,0,0.40625,5320.9442138671875,12466.666666666668,2,0.40625,27865.11392211914,3781,1825,3779,4154,3781,3781,3781,3781,0,0,100,0,0,0,0,0,32353087488,8589930496,3015938048,0
199,1786321199482,1005.3366088867188,12533.333333333332,2,0.40625,899.5911254882813,12533.333333333332,2,0.40625,6883.323959350586,12533.333333333332,0,0.40625,5320.952407836914,12533.333333333332,2,0.40625,27868.512008666992,3781,1825,3779,4154,3781,3781,3781,3781,0,0,100,0,0,0,0,0,32353087488,8589930496,3015938048,0
199,1786321199682,1005.3408813476563,12466.666666666668,2,0.40625,899.5973052978516,12466.666666666668,2,0.40625,6885.536193847656,12466.666666666668,0,0.40625,5320.959045410156,12466.666666666668,2,0.40625,27871.912200927734,3781,1825,3779,4154,3781,3781,3781,3781,0,0,100,0,0,0,0,0,32353087488,8589930496,3015938048,0
199,1786321199882,1005.3451080322266,12466.666666666668,2,0.3999999999999999,899.6034393310547,12466.666666666668,2,0.3999999999999999,6887.747207641602,12466.666666666668,0,0.3999999999999999,5320.965606689453,12466.666666666668,0,0.3999999999999999,27875.310440063477,3781,1825,3779,4154,3781,3781,3781,3781,0,0,100,0,0,0,0,0,32353087488,8589930496,3015938048,0
199,1786321200083,1005.3497314453125,12400,0,0.40625,899.6098327636719,12400,2,0.40625,6889.949752807617,12400,0,0.40625,5320.975875854492,12400,0,0.40625,27878.711990356445,3781,1825,3779,4154,3781,3781,3781,3781,4.761904716491699,0,100,4.761904716491699,0,0,0,0,32353087488,8589930496,3015938048,0
199,1786321200283,1005.3545074462891,12600,2,0.3999999999999999,899.6159820556641,12600,2,0.3999999999999999,6892.155426025391,12600,0,0.3999999999999999,5320.982666015625,12600,0,0.3999999999999999,27882.10565185547,3781,1825,3779,4154,3781,3781,3781,3781,0,0,100,0,0,0,0,0,32353087488,8589930496,3015938048,0
199,1786321200483,1005.3589477539063,12533.333333333332,2,0.40625,899.6222534179688,12533.333333333332,2,0.40625,6894.364471435547,12533.333333333332,0,0.40625,5320.989517211914,12533.333333333332,2,0.40625,27885.507125854492,3781,1825,3779,4154,3781,3781,3781,3781,0,4.761904716491699,100,0,0,0,0,0,32353087488,8589930496,3015938048,0
199,1786321200683,1005.3631744384766,12466.666666666668,2,0.4125000000000001,899.62841796875,12466.666666666668,2,0.4125000000000001,6896.570373535156,12466.666666666668,0,0.4125000000000001,5320.996520996094,12466.666666666668,2,0.4125000000000001,27888.906311035156,3781,1825,3779,4154,3781,3781,3781,3781,0,0,100,0,0,0,0,0,32353087488,8589930496,3015938048,0
199,1786321200883,1005.3688659667969,13800,2,0.3687499999999999,899.6345977783203,13800,2,0.3687499999999999,6898.780120849609,13800,0,0.3687499999999999,5321.003341674805,13800,2,0.3687499999999999,27892.271606445313,3781,1825,3779,4154,3781,3781,3781,3781,0,0,100,0,0,0,0,0,32353087488,8589930496,3015938048,0
199,1786321201083,1005.3744964599609,12466.666666666668,2,0.40625,899.6407470703125,12466.666666666668,2,0.40625,6901.02116394043,12466.666666666668,0,0.40625,5321.010314941406,12466.666666666668,2,0.40625,27895.710510253906,3781,1825,3779,4154,3781,3781,3781,3781,0,0,100,0,0,0,0,0,32353087488,8589930496,3015938048,0
199,1786321201283,1005.3790588378906,12400,2,0.40625,899.6514892578125,12400,2,0.40625,6903.218933105469,12400,0,0.40625,5321.019607543945,12400,2,0.40625,27899.110580444336,3781,1825,3779,4154,3781,3781,3781,3781,0,0,100,4.761904716491699,0,0,0,0,32353087488,8589930496,3015938048,0
199,1786321201483,1005.3833312988281,12466.666666666668,2,0.40625,899.6577301025391,12466.666666666668,2,0.40625,6905.432922363281,12466.666666666668,0,0.40625,5321.027603149414,12466.666666666668,2,0.40625,27902.523880004883,3781,1825,3779,4154,3781,3781,3781,3781,0,0,100,0,0,0,0,0,32353087488,8589930496,3015938048,0
199,1786321201683,1005.3875579833984,12400,2,0.40625,899.6640014648438,12400,2,0.40625,6907.638214111328,12400,0,0.40625,5321.035018920898,12400,2,0.40625,27905.923629760742,3781,1825,3779,4154,3781,3781,3781,3781,0,0,100,0,0,0,0,0,32353087488,8589930496,3015938048,0
199,1786321201883,1005.3918151855469,12466.666666666668,2,0.40625,899.6701354980469,12466.666666666668,2,0.40625,6909.839492797852,12466.666666666668,0,0.40625,5321.042465209961,12466.666666666668,2,0.40625,27909.31869506836,3781,1825,3779,4154,3781,3781,3781,3781,0,0,100,0,0,0,0,0,32353087488,8589930496,3015938048,0
199,1786321202083,1005.3961639404297,12466.666666666668,2,0.40625,899.6763000488281,12466.666666666668,2,0.40625,6912.047149658203,12466.666666666668,0,0.40625,5321.0501708984375,12466.666666666668,2,0.40625,27912.718017578125,3781,1825,3779,4154,3781,3781,3781,3781,0,0,100,0,0,0,0,0,32353087488,8589930496,3015938048,0
199,1786321202283,1005.4008178710938,12466.666666666668,0,0.40625,899.6827087402344,12466.666666666668,2,0.40625,6914.25016784668,12466.666666666668,0,0.40625,5321.058120727539,12466.666666666668,0,0.40625,27916.115692138672,3781,1825,3779,4154,3781,3781,3781,3781,0,0,100,0,0,0,0,0,32353087488,8589930496,3015938048,0
199,1786321202484,1005.4052734375,12466.666666666668,0,0.40625,899.6889801025391,12466.666666666668,2,0.40625,6916.448333740234,12466.666666666668,0,0.40625,5321.068161010742,12466.666666666668,0,0.40625,27919.514892578125,3781,1825,3779,4154,3781,3781,3781,3781,0,0,100,0,0,0,0,0,32353087488,8589930496,3015938048,0
199,1786321202684,1005.4094390869141,12466.666666666668,2,0.40625,899.6952362060547,12466.666666666668,2,0.40625,6918.652572631836,12466.666666666668,0,0.40625,5321.074813842773,12466.666666666668,0,0.40625,27922.913848876953,3781,1825,3779,4154,3781,3781,3781,3781,0,0,100,0,0,0,0,0,32353087488,8589930496,3015938048,0
199,1786321202884,1005.4137878417969,12466.666666666668,2,0.4125000000000001,899.7014007568359,12466.666666666668,2,0.4125000000000001,6920.85871887207,12466.666666666668,0,0.4125000000000001,5321.082946777344,12466.666666666668,2,0.4125000000000001,27926.312423706055,3781,1825,3779,4154,3781,3781,3781,3781,0,0,100,0,0,0,0,0,32353087488,8589930496,3015938048,0
199,1786321203084,1005.4180297851563,12533.333333333332,2,0.3999999999999999,899.7075653076172,12533.333333333332,2,0.3999999999999999,6923.066070556641,12533.333333333332,0,0.3999999999999999,5321.089920043945,12533.333333333332,2,0.3999999999999999,27929.71076965332,3781,1825,3779,4154,3781,3781,3781,3781,0,0,100,0,0,0,0,0,32353087488,8589930496,3015938048,0
199,1786321203284,1005.4225769042969,12133.333333333332,2,0.4125000000000001,899.7136077880859,12133.333333333332,2,0.4125000000000001,6925.243225097656,12133.333333333332,0,0.4125000000000001,5321.145904541016,12133.333333333332,2,0.4125000000000001,27933.119354248047,3781,1825,3779,4154,3781,3781,3781,3781,0,0,100,0,0,0,0,5,32353087488,8589930496,3015938048,0
199,1786321203484,1005.7186889648438,15866.666666666666,0,0.32499999999999996,900.0630493164063,15866.666666666666,2,0.32499999999999996,6926.649276733398,15866.666666666666,0,0.32499999999999996,5321.395751953125,15866.666666666666,2,0.32499999999999996,27936.434463500977,3781,1825,3779,4154,3781,3781,3781,3781,13.636363983154297,15.000000953674316,63.15789031982422,5.263157844543457,15.789472579956055,5.263157844543457,20,14.285715103149414,32353087488,8589930496,2861584384,0
199,1786321203684,1005.7521667480469,12400,2,0.40625,900.0947265625,12400,2,0.40625,6928.858734130859,12400,0,0.40625,5321.41032409668,12400,2,0.40625,27939.93344116211,3781,1825,3779,4154,3781,3781,3781,3781,9.523809432983398,0,0,0,0,4.761904716491699,100,0,32353087488,8589930496,3000270848,0
199,1786321203884,1005.7554779052734,12400,2,0.40625,900.1015777587891,12400,2,0.40625,6931.079681396484,12400,0,0.40625,5321.417541503906,12400,2,0.40625,27943.31460571289,3781,1825,3779,4154,3781,3781,3781,3781,0,0,0,0,0,0,100,0,32353087488,8589930496,3000270848,0
199,1786321204084,1005.7591094970703,12400,2,0.40625,900.108642578125,12400,2,0.40625,6933.300735473633,12400,0,0.40625,5321.425231933594,12400,2,0.40625,27946.730514526367,3781,1825,3779,4154,3781,3781,3781,3781,0,0,0,0,0,0,100,0,32353087488,8589930496,3000270848,0
199,1786321204284,1005.7630615234375,12400,2,0.4125000000000001,900.1154022216797,12400,2,0.4125000000000001,6935.512420654297,12400,0,0.4125000000000001,5321.431533813477,12400,2,0.4125000000000001,27950.127975463867,3781,1825,3779,4154,3781,3781,3781,3781,0,0,0,0,0,0,100,0,32353087488,8589930496,3000270848,0
199,1786321204484,1005.7702026367188,12400,2,0.40625,900.122314453125,12400,2,0.40625,6937.730758666992,12400,0,0.40625,5321.437973022461,12400,2,0.40625,27953.525466918945,3781,1825,3779,4154,3781,3781,3781,3781,0,0,0,0,0,0,100,0,32353087488,8589930496,3000492032,0
199,1786321204684,1005.7736206054688,12466.666666666668,2,0.40625,900.1293487548828,12466.666666666668,2,0.40625,6939.938995361328,12466.666666666668,0,0.40625,5321.446075439453,12466.666666666668,0,0.40625,27956.922241210938,3781,1825,3779,4154,3781,3781,3781,3781,0,0,0,4.761904716491699,0,0,100,0,32353087488,8589930496,3000492032,0
199,1786321204885,1005.7769927978516,12466.666666666668,2,0.40625,900.1361541748047,12466.666666666668,2,0.40625,6942.151351928711,12466.666666666668,0,0.4125000000000001,5321.452667236328,12466.666666666668,0,0.4125000000000001,27960.320358276367,3781,1825,3779,4154,3781,3781,3781,3781,0,0,0,0,0,0,100,0,32353087488,8589930496,3000492032,0
199,1786321205085,1005.7803955078125,12333.333333333332,2,0.40625,900.1429290771484,12333.333333333332,0,0.40625,6944.3619384765625,12333.333333333332,0,0.40625,5321.460662841797,12333.333333333332,0,0.40625,27963.722763061523,3781,1825,3779,4154,3781,3781,3781,3781,0,0,0,0,0,0,100,0,32353087488,8589930496,3000713216,0
199,1786321205285,1005.7858428955078,12333.333333333332,2,0.40625,900.1526184082031,12333.333333333332,2,0.40625,6946.58561706543,12333.333333333332,0,0.40625,5321.468017578125,12333.333333333332,0,0.40625,27967.123779296875,3781,1825,3779,4154,3781,3781,3781,3781,0,4.761904716491699,0,4.761904716491699,0,0,100,0,32353087488,8589930496,3000713216,0
199,1786321205485,1005.7894134521484,12400,2,0.40625,900.1595458984375,12400,2,0.40625,6948.791549682617,12400,0,0.40625,5321.474853515625,12400,2,0.40625,27970.521408081055,3781,1825,3779,4154,3781,3781,3781,3781,0,0,0,0,0,0,100,0,32353087488,8589930496,3000713216,0
199,1786321205685,1005.7927398681641,12400,2,0.40625,900.1664886474609,12400,2,0.40625,6950.998397827148,12400,0,0.40625,5321.4818115234375,12400,2,0.40625,27973.91879272461,3781,1825,3779,4154,3781,3781,3781,3781,0,0,0,0,0,0,100,0,32353087488,8589930496,3000713216,0
199,1786321205885,1005.7960205078125,12400,2,0.40625,900.1733093261719,12400,2,0.40625,6953.2044677734375,12400,0,0.40625,5321.490203857422,12400,2,0.40625,27977.315658569336,3781,1825,3779,4154,3781,3781,3781,3781,0,0,0,0,0,0,100,0,32353087488,8589930496,3000713216,0
199,1786321206085,1005.79931640625,12466.666666666668,2,0.40625,900.1801147460938,12466.666666666668,2,0.40625,6955.414443969727,12466.666666666668,0,0.40625,5321.496765136719,12466.666666666668,2,0.40625,27980.71420288086,3781,1825,3779,4154,3781,3781,3781,3781,0,0,0,0,0,0,100,0,32353087488,8589930496,3000713216,0
199,1786321206285,1005.8036651611328,12600,2,0.3999999999999999,900.1870574951172,12600,2,0.3999999999999999,6957.622711181641,12600,0,0.3999999999999999,5321.505325317383,12600,2,0.3999999999999999,27984.10743713379,3781,1825,3779,4154,3781,3781,3781,3781,0,0,0,0,0,0,100,0,32353087488,8589930496,3000713216,0
199,1786321206485,1005.8086547851563,12466.666666666668,2,0.40625,900.1946716308594,12466.666666666668,2,0.40625,6959.858612060547,12466.666666666668,0,0.40625,5321.514251708984,12466.666666666668,2,0.40625,27987.53060913086,3781,1825,3779,4154,3781,3781,3781,3781,0,0,0,0,0,0,100,0,32353087488,8589930496,3000713216,0
199,1786321206685,1005.8121032714844,12400,2,0.4125000000000001,900.2016448974609,12400,2,0.4125000000000001,6962.070175170898,12400,0,0.4125000000000001,5321.521499633789,12400,2,0.4125000000000001,27990.931198120117,3781,1825,3779,4154,3781,3781,3781,3781,0,0,0,0,0,0,100,0,32353087488,8589930496,3000713216,0
199,1786321206885,1005.8155822753906,12266.666666666668,2,0.4125000000000001,900.2084197998047,12266.666666666668,2,0.4125000000000001,6964.279708862305,12266.666666666668,0,0.4125000000000001,5321.529235839844,12266.666666666668,2,0.4125000000000001,27994.331619262695,3781,1825,3779,4154,3781,3781,3781,3781,0,0,0,0,0,0,100,0,32353087488,8589930496,3000713216,0
199,1786321207085,1005.8189544677734,12333.333333333332,2,0.40625,900.2152252197266,12333.333333333332,2,0.40625,6966.490020751953,12333.333333333332,0,0.40625,5321.5372314453125,12333.333333333332,2,0.40625,27997.72868347168,3781,1825,3779,4154,3781,3781,3781,3781,0,0,0,0,0,0,100,0,32353087488,8589930496,3000713216,0
199,1786321207286,1005.8223266601563,12400,2,0.4125000000000001,900.2220458984375,12400,2,0.4125000000000001,6968.697509765625,12400,0,0.4125000000000001,5321.54638671875,12400,0,0.4125000000000001,28001.125732421875,3781,1825,3779,4154,3781,3781,3781,3781,0,0,0,0,0,0,100,0,32353087488,8589930496,3000713216,0
199,1786321207486,1005.8263854980469,12466.666666666668,2,0.3999999999999999,900.2289733886719,12466.666666666668,0,0.40625,6970.909729003906,12466.666666666668,0,0.40625,5321.554885864258,12466.666666666668,0,0.40625,28004.522033691406,3781,1825,3779,4154,3781,3781,3781,3781,0,0,0,0,0,0,100,0,32353087488,8589930496,3000713216,0
199,1786321207686,1005.8299865722656,12466.666666666668,0,0.40625,900.2361297607422,12466.666666666668,2,0.40625,6973.122833251953,12466.666666666668,0,0.40625,5321.562057495117,12466.666666666668,0,0.40625,28007.92222595215,3781,1825,3779,4154,3781,3781,3781,3781,0,0,0,0,0,0,100,0,32353087488,8589930496,3000713216,0
199,1786321207886,1005.8332977294922,12400,2,0.40625,900.242919921875,12400,2,0.40625,6975.339096069336,12400,0,0.40625,5321.568603515625,12400,0,0.40625,28011.321228027344,3781,1825,3779,4154,3781,3781,3781,3781,0,0,0,0,0,0,100,0,32353087488,8589930496,3000713216,0
199,1786321208086,1005.8367309570313,13000,2,0.3999999999999999,900.2496948242188,13000,2,0.3999999999999999,6977.544219970703,13000,0,0.3999999999999999,5321.575164794922,13000,2,0.3999999999999999,28014.70655822754,3781,1825,3779,4154,3781,3781,3781,3781,0,0,0,0,0,0,100,0,32353087488,8589930496,3000713216,0
199,1786321208286,1005.8426361083984,12466.666666666668,2,0.40625,900.256591796875,12466.666666666668,2,0.40625,6979.798080444336,12466.666666666668,0,0.40625,5321.581878662109,12466.666666666668,2,0.40625,28018.12403869629,3781,1825,3779,4154,3781,3781,3781,3781,0,0,0,0,0,0,100,0,32353087488,8589930496,3000713216,0
199,1786321208486,1005.8497009277344,12400,2,0.40625,900.2777862548828,12400,2,0.40625,6981.977630615234,12400,0,0.40625,5321.595993041992,12400,2,0.40625,28021.522537231445,3781,1825,3779,4154,3781,3781,3781,3781,0,0,0,0,0,0,100,5,32353087488,8589930496,3000713216,0
199,1786321208686,1005.8538665771484,13666.666666666666,2,0.3687499999999999,900.2839965820313,13666.666666666666,2,0.3687499999999999,6984.173248291016,13666.666666666666,0,0.3687499999999999,5321.6036376953125,13666.666666666666,2,0.3687499999999999,28024.886947631836,3781,1825,3779,4154,3781,3781,3781,3781,0,0,0,0,0,0,100,0,32353087488,8589930496,3000713216,0
199,1786321208886,1005.8580780029297,12266.666666666668,2,0.40625,900.2902221679688,12266.666666666668,2,0.40625,6986.410751342773,12266.666666666668,0,0.40625,5321.611434936523,12266.666666666668,2,0.40625,28028.323928833008,3781,1825,3779,4154,3781,3781,3781,3781,0,0,0,0,0,0,100,0,32353087488,8589930496,3000713216,0
199,1786321209086,1005.8614501953125,12266.666666666668,2,0.4125000000000001,900.2964630126953,12266.666666666668,2,0.4125000000000001,6988.625625610352,12266.666666666668,0,0.4125000000000001,5321.619644165039,12266.666666666668,2,0.4125000000000001,28031.739852905273,3781,1825,3779,4154,3781,3781,3781,3781,0,0,0,0,0,0,100,0,32353087488,8589930496,3000713216,0
199,1786321209286,1005.8652191162109,12333.333333333332,2,0.40625,900.3067321777344,12333.333333333332,2,0.40625,6990.833099365234,12333.333333333332,0,0.40625,5321.63020324707,12333.333333333332,2,0.40625,28035.13555908203,3781,1825,3779,4154,3781,3781,3781,3781,0,0,0,0,0,0,100,0,32353087488,8589930496,3000713216,0
199,1786321209487,1005.8689117431641,12533.333333333332,2,0.40625,900.3136444091797,12533.333333333332,2,0.40625,6993.028564453125,12533.333333333332,0,0.40625,5321.652557373047,12533.333333333332,2,0.40625,28038.52896118164,3781,1825,3779,4154,3781,3781,3781,3781,0,0,0,4.761904716491699,0,0,100,0,32353087488,8589930496,3000713216,0
199,1786321209687,1005.8722686767578,12333.333333333332,2,0.4125000000000001,900.3204650878906,12333.333333333332,2,0.4125000000000001,6995.239608764648,12333.333333333332,0,0.4125000000000001,5321.660781860352,12333.333333333332,2,0.4125000000000001,28041.933822631836,3781,1825,3779,4154,3781,3781,3781,3781,0,0,0,4.761904716491699,0,0,100,0,32353087488,8589930496,3000713216,0
199,1786321209887,1005.8757476806641,12400,2,0.40625,900.3275451660156,12400,2,0.40625,6997.446350097656,12400,0,0.40625,5321.670562744141,12400,0,0.40625,28045.328826904297,3781,1825,3779,4154,3781,3781,3781,3781,0,0,0,0,0,0,100,0,32353087488,8589930496,3000713216,0
199,1786321210087,1005.8791351318359,12533.333333333332,2,0.40625,900.3343353271484,12466.666666666668,0,0.3999999999999999,6999.654937744141,12466.666666666668,0,0.3999999999999999,5321.677551269531,12466.666666666668,0,0.3999999999999999,28048.72575378418,3781,1825,3779,4154,3781,3781,3781,3781,0,0,0,0,0,0,100,0,32353087488,8589930496,3000713216,0
199,1786321210287,1005.8825225830078,12466.666666666668,2,0.40625,900.3411560058594,12533.333333333332,2,0.40625,7001.86701965332,12533.333333333332,0,0.40625,5321.684326171875,12533.333333333332,0,0.40625,28052.125289916992,3781,1825,3779,4154,3781,3781,3781,3781,0,0,0,0,0,0,100,0,32353087488,8589930496,3000713216,0
199,1786321210487,1005.8860015869141,12333.333333333332,2,0.40625,900.3481903076172,12333.333333333332,2,0.40625,7004.079772949219,12333.333333333332,0,0.40625,5321.691360473633,12333.333333333332,2,0.40625,28055.52864074707,3781,1825,3779,4154,3781,3781,3781,3781,0,0,0,0,0,0,100,0,32353087488,8589930496,3000713216,0
199,1786321210687,1005.8894653320313,12400,2,0.4125000000000001,900.35498046875,12400,2,0.4125000000000001,7006.293670654297,12400,0,0.4125000000000001,5321.699676513672,12400,2,0.4125000000000001,28058.926239013672,3781,1825,3779,4154,3781,3781,3781,3781,0,0,0,0,0,0,100,0,32353087488,8589930496,3000713216,0
199,1786321210887,1005.8927917480469,12466.666666666668,2,0.40625,900.3619079589844,12466.666666666668,2,0.40625,7008.501800537109,12466.666666666668,0,0.40625,5321.706466674805,12466.666666666668,2,0.40625,28062.323623657227,3781,1825,3779,4154,3781,3781,3781,3781,0,0,0,0,0,0,100,0,32353087488,8589930496,3000713216,0
199,1786321211087,1005.8961334228516,12400,2,0.4125000000000001,900.3687438964844,12400,2,0.4125000000000001,7010.711471557617,12400,0,0.4125000000000001,5321.713439941406,12400,2,0.4125000000000001,28065.724227905273,3781,1825,3779,4154,3781,3781,3781,3781,0,0,0,0,0,0,100,0,32353087488,8589930496,3000713216,0
199,1786321211287,1005.9004058837891,12666.666666666668,2,0.3999999999999999,900.3755493164063,12666.666666666668,2,0.3999999999999999,7012.924667358398,12666.666666666668,0,0.3999999999999999,5321.720138549805,12666.666666666668,2,0.3999999999999999,28069.117446899414,3781,1825,3779,4154,3781,3781,3781,3781,0,4.761904716491699,0,0,0,0,100,0,32353087488,8589930496,3000713216,0
199,1786321211487,1005.9041442871094,12400,2,0.40625,900.3824768066406,12400,2,0.40625,7015.141616821289,12400,0,0.40625,5321.726852416992,12400,2,0.40625,28072.524169921875,3781,1825,3779,4154,3781,3781,3781,3781,0,4.761904716491699,0,0,0,0,100,0,32353087488,8589930496,3000713216,0
199,1786321211687,1005.9075469970703,12333.333333333332,2,0.40625,900.3893280029297,12333.333333333332,2,0.40625,7017.36653137207,12333.333333333332,0,0.40625,5321.733779907227,12333.333333333332,2,0.40625,28075.939743041992,3781,1825,3779,4154,3781,3781,3781,3781,0,0,0,0,0,0,100,0,32353087488,8589930496,3000713216,0
199,1786321211888,1005.9109344482422,12400,2,0.40625,900.3963470458984,12400,2,0.40625,7019.571273803711,12400,0,0.40625,5321.740539550781,12400,2,0.40625,28079.338333129883,3781,1825,3779,4154,3781,3781,3781,3781,0,0,0,0,0,0,100,0,32353087488,8589930496,3000713216,0
199,1786321212088,1005.914306640625,12400,2,0.40625,900.4031066894531,12400,2,0.40625,7021.78173828125,12400,0,0.40625,5321.748504638672,12400,2,0.40625,28082.735778808594,3781,1825,3779,4154,3781,3781,3781,3781,0,0,0,0,0,0,100,0,32353087488,8589930496,3000713216,0
199,1786321212288,1005.9176788330078,12400,2,0.40625,900.4098968505859,12400,2,0.40625,7023.992492675781,12400,0,0.40625,5321.755325317383,12400,2,0.40625,28086.134658813477,3781,1825,3779,4154,3781,3781,3781,3781,0,0,0,0,0,0,100,0,32353087488,8589930496,3000713216,0
199,1786321212488,1005.9209747314453,12400,2,0.40625,900.4167175292969,12400,2,0.40625,7026.20002746582,12400,0,0.40625,5321.764984130859,12400,0,0.40625,28089.5323638916,3781,1825,3779,4154,3781,3781,3781,3781,0,0,0,0,0,0,100,0,32353087488,8589930496,3000713216,0
199,1786321212688,1005.9243316650391,12333.333333333332,2,0.40625,900.4235076904297,12333.333333333332,0,0.40625,7028.4132080078125,12333.333333333332,0,0.40625,5321.771636962891,12333.333333333332,0,0.40625,28092.932830810547,3781,1825,3779,4154,3781,3781,3781,3781,0,0,0,0,0,0,100,0,32353087488,8589930496,3000713216,0
199,1786321212888,1005.9275817871094,12333.333333333332,2,0.40625,900.4303741455078,12333.333333333332,2,0.40625,7030.621398925781,12333.333333333332,0,0.40625,5321.778472900391,12333.333333333332,0,0.40625,28096.33187866211,3781,1825,3779,4154,3781,3781,3781,3781,0,0,0,0,0,0,100,0,32353087488,8589930496,3000713216,0
199,1786321213088,1005.9308471679688,12466.666666666668,2,0.40625,900.4371795654297,12466.666666666668,2,0.40625,7032.832092285156,12466.666666666668,0,0.40625,5321.784942626953,12466.666666666668,2,0.40625,28099.72705078125,3781,1825,3779,4154,3781,3781,3781,3781,0,0,0,0,0,0,100,0,32353087488,8589930496,3000713216,0
199,1786321213288,1005.9345092773438,12333.333333333332,2,0.40625,900.4453125,12333.333333333332,2,0.40625,7035.037628173828,12333.333333333332,0,0.40625,5321.792327880859,12333.333333333332,2,0.40625,28103.130172729492,3781,1825,3779,4154,3781,3781,3781,3781,0,0,0,0,0,0,100,0,32353087488,8589930496,3000713216,0
199,1786321213488,1005.9380187988281,12466.666666666668,2,0.4125000000000001,900.4522705078125,12466.666666666668,2,0.4125000000000001,7037.2435302734375,12466.666666666668,0,0.4125000000000001,5321.799545288086,12466.666666666668,2,0.4125000000000001,28106.525924682617,3781,1825,3779,4154,3781,3781,3781,3781,0,0,65,0,0,0,35,0,32353087488,8589930496,3000713216,0
199,1786321213688,1005.9417877197266,12466.666666666668,2,0.4125000000000001,900.459228515625,12466.666666666668,2,0.4125000000000001,7039.446228027344,12466.666666666668,0,0.4125000000000001,5321.812438964844,12466.666666666668,2,0.4125000000000001,28109.925521850586,3781,1825,3779,4154,3781,3781,3781,3781,0,0,100,0,0,0,0,0,32353087488,8589930496,3000713216,0
199,1786321213888,1005.9453735351563,12333.333333333332,2,0.4125000000000001,900.4660797119141,12333.333333333332,2,0.4125000000000001,7041.656799316406,12333.333333333332,0,0.4125000000000001,5321.819442749023,12333.333333333332,2,0.4125000000000001,28113.325805664063,3781,1825,3779,4154,3781,3781,3781,3781,0,0,100,0,0,0,0,0,32353087488,8589930496,3000713216,0
199,1786321214088,1005.9489898681641,12466.666666666668,2,0.40625,900.4729614257813,12466.666666666668,2,0.40625,7043.859451293945,12466.666666666668,0,0.40625,5321.826263427734,12466.666666666668,2,0.40625,28116.72280883789,3781,1825,3779,4154,3781,3781,3781,3781,0,0,100,0,0,0,0,0,32353087488,8589930496,3000713216,0
199,1786321214289,1005.9527130126953,12333.333333333332,2,0.40625,900.4799346923828,12333.333333333332,2,0.40625,7046.077697753906,12333.333333333332,0,0.40625,5321.833526611328,12333.333333333332,2,0.40625,28120.14225769043,3781,1825,3779,4154,3781,3781,3781,3781,0,0,100,0,0,0,0,0,32353087488,8589930496,3000713216,0
199,1786321214489,1005.9562072753906,12466.666666666668,2,0.40625,900.4872589111328,12466.666666666668,2,0.40625,7048.277099609375,12466.666666666668,0,0.40625,5321.841339111328,12466.666666666668,2,0.40625,28123.536911010742,3781,1825,3779,4154,3781,3781,3781,3781,0,0,100,0,0,0,0,0,32353087488,8589930496,3000713216,0
199,1786321214689,1005.9600067138672,12466.666666666668,2,0.40625,900.4937744140625,12466.666666666668,2,0.40625,7050.485626220703,12466.666666666668,0,0.40625,5321.848342895508,12466.666666666668,2,0.40625,28126.936737060547,3781,1825,3779,4154,3781,3781,3781,3781,0,0,100,4.761904716491699,0,0,0,0,32353087488,8589930496,3000713216,0
199,1786321214889,1005.9633178710938,12400,2,0.4125000000000001,900.5001525878906,12400,2,0.4125000000000001,7052.688247680664,12400,0,0.4125000000000001,5321.858840942383,12400,0,0.40625,28130.33772277832,3781,1825,3779,4154,3781,3781,3781,3781,0,0,100,0,0,0,0,0,32353087488,8589930496,3000713216,0
199,1786321215089,1005.9666748046875,12466.666666666668,2,0.40625,900.5064239501953,12466.666666666668,2,0.40625,7054.89387512207,12400,0,0.40625,5321.868087768555,12400,0,0.40625,28133.73570251465,3781,1825,3779,4154,3781,3781,3781,3781,0,0,100,0,0,0,0,0,32353087488,8589930496,3000713216,0
199,1786321215289,1005.9702911376953,12200,2,0.4125000000000001,900.5123138427734,12200,0,0.4125000000000001,7057.06591796875,12200,0,0.4125000000000001,5321.925750732422,12200,0,0.4125000000000001,28137.142044067383,3781,1825,3779,4154,3781,3781,3781,3781,0,0,100,0,0,0,0,5,32353087488,8589930496,3000713216,0
199,1786321215489,1005.9741516113281,12466.666666666668,2,0.40625,900.5192108154297,12466.666666666668,2,0.40625,7059.262710571289,12466.666666666668,0,0.40625,5321.933731079102,12466.666666666668,0,0.40625,28140.532333374023,3781,1825,3779,4154,3781,3781,3781,3781,0,0,100,0,0,0,0,0,32353087488,8589930496,3000713216,0
199,1786321215689,1005.9776153564453,12400,2,0.4125000000000001,900.5260162353516,12400,2,0.4125000000000001,7061.468475341797,12400,0,0.4125000000000001,5321.940338134766,12400,2,0.4125000000000001,28143.93424987793,3781,1825,3779,4154,3781,3781,3781,3781,0,0,100,0,0,0,0,0,32353087488,8589930496,3000713216,0
199,1786321215889,1005.9810333251953,12266.666666666668,2,0.41874999999999996,900.5328979492188,12266.666666666668,2,0.41874999999999996,7063.67350769043,12266.666666666668,0,0.41874999999999996,5321.948669433594,12266.666666666668,2,0.41874999999999996,28147.335250854492,3781,1825,3779,4154,3781,3781,3781,3781,0,0,100,0,0,0,0,0,32353087488,8589930496,3000713216,0
199,1786321216089,1005.9844512939453,12400,2,0.40625,900.5396881103516,12400,2,0.40625,7065.88069152832,12400,0,0.40625,5321.9573974609375,12400,2,0.40625,28150.73080444336,3781,1825,3779,4154,3781,3781,3781,3781,0,0,100,4.761904716491699,0,0,0,0,32353087488,8589930496,3000713216,0
199,1786321216289,1005.9878997802734,12466.666666666668,2,0.40625,900.5465393066406,12466.666666666668,2,0.40625,7068.082992553711,12466.666666666668,0,0.40625,5321.964553833008,12466.666666666668,2,0.40625,28154.127365112305,3781,1825,3779,4154,3781,3781,3781,3781,0,0,100,0,0,0,0,0,32353087488,8589930496,3000713216,0
199,1786321216489,1005.9915466308594,12400,2,0.4125000000000001,900.5533447265625,12400,2,0.4125000000000001,7070.283981323242,12400,0,0.4125000000000001,5321.971664428711,12400,2,0.4125000000000001,28157.5284576416,3781,1825,3779,4154,3781,3781,3781,3781,0,4.761904716491699,100,0,0,0,0,0,32353087488,8589930496,3000713216,0
199,1786321216690,1005.9950561523438,12333.333333333332,2,0.40625,900.5601959228516,12333.333333333332,2,0.40625,7072.485687255859,12333.333333333332,0,0.40625,5321.980163574219,12333.333333333332,2,0.40625,28160.929397583008,3781,1825,3779,4154,3781,3781,3781,3781,0,0,100,0,0,0,0,0,32353087488,8589930496,3000713216,0
199,1786321216890,1005.9987182617188,12400,2,0.40625,900.5671844482422,12400,2,0.40625,7074.689529418945,12400,0,0.40625,5321.987289428711,12400,2,0.40625,28164.343627929688,3781,1825,3779,4154,3781,3781,3781,3781,0,0,100,0,0,0,0,0,32353087488,8589930496,3000713216,0
199,1786321217090,1006.0114440917969,12600,2,0.40625,900.5740509033203,12600,2,0.40625,7076.891494750977,12600,0,0.40625,5321.996353149414,12600,2,0.40625,28167.739212036133,3781,1825,3779,4154,3781,3781,3781,3781,4.761904716491699,0,100,0,0,0,0,0,32353087488,8589930496,3000713216,0
199,1786321217290,1006.0162200927734,12533.333333333332,2,0.3999999999999999,900.5812683105469,12533.333333333332,2,0.3999999999999999,7079.103561401367,12533.333333333332,0,0.3999999999999999,5322.004791259766,12533.333333333332,2,0.3999999999999999,28171.139862060547,3781,1825,3779,4154,3781,3781,3781,3781,0,0,100,0,4.761904716491699,0,0,0,32353087488,8589930496,3000713216,0
199,1786321217490,1006.0206604003906,12466.666666666668,2,0.40625,900.5880889892578,12466.666666666668,2,0.40625,7081.317840576172,12466.666666666668,0,0.40625,5322.013427734375,12466.666666666668,0,0.40625,28174.54083251953,3781,1825,3779,4154,3781,3781,3781,3781,0,0,100,0,0,0,0,0,32353087488,8589930496,3000713216,0
199,1786321217690,1006.0244903564453,12466.666666666668,2,0.40625,900.5949401855469,12466.666666666668,0,0.40625,7083.52392578125,12466.666666666668,0,0.40625,5322.022903442383,12466.666666666668,0,0.40625,28177.939727783203,3781,1825,3779,4154,3781,3781,3781,3781,0,0,100,0,0,0,0,0,32353087488,8589930496,3000713216,0
199,1786321217890,1006.0282135009766,12466.666666666668,2,0.40625,900.6017150878906,12466.666666666668,0,0.40625,7085.729049682617,12466.666666666668,0,0.40625,5322.029479980469,12466.666666666668,0,0.40625,28181.338623046875,3781,1825,3779,4154,3781,3781,3781,3781,0,0,100,0,0,0,0,0,32353087488,8589930496,3000713216,0
199,1786321218090,1006.0317687988281,12466.666666666668,2,0.40625,900.6085968017578,12466.666666666668,2,0.40625,7087.929412841797,12466.666666666668,0,0.40625,5322.036361694336,12466.666666666668,0,0.40625,28184.737075805664,3781,1825,3779,4154,3781,3781,3781,3781,0,0,100,0,0,0,0,0,32353087488,8589930496,3000713216,0
200,1786321218290,1006.0354461669922,12400,2,0.4125000000000001,900.61572265625,12400,2,0.4125000000000001,7090.135040283203,12400,0,0.4125000000000001,5322.043319702148,12400,0,0.4125000000000001,28188.13786315918,3781,1825,3779,4154,3781,3781,3781,3781,0,0,100,0,0,0,0,0,32353087488,8589930496,3000713216,0
199,1786321218490,1006.0388946533203,12533.333333333332,2,0.4125000000000001,900.6226348876953,12533.333333333332,2,0.4125000000000001,7092.335418701172,12533.333333333332,0,0.4125000000000001,5322.051483154297,12533.333333333332,2,0.4125000000000001,28191.533721923828,3781,1825,3779,4154,3781,3781,3781,3781,0,0,100,0,0,0,0,0,32353087488,8589930496,3000713216,0
199,1786321218690,1006.0426788330078,12466.666666666668,2,0.40625,900.6294403076172,12466.666666666668,2,0.40625,7094.544082641602,12466.666666666668,0,0.40625,5322.058609008789,12466.666666666668,2,0.40625,28194.93342590332,3781,1825,3779,4154,3781,3781,3781,3781,0,0,100,0,0,0,0,0,32353087488,8589930496,3000713216,0
199,1786321218890,1006.0460662841797,12466.666666666668,2,0.40625,900.6362457275391,12466.666666666668,2,0.40625,7096.751251220703,12466.666666666668,0,0.40625,5322.066879272461,12466.666666666668,2,0.40625,28198.33349609375,3781,1825,3779,4154,3781,3781,3781,3781,0,0,100,0,0,0,0,0,32353087488,8589930496,3000713216,0
199,1786321219091,1006.0497894287109,12466.666666666668,2,0.4125000000000001,900.64306640625,12466.666666666668,2,0.4125000000000001,7098.961563110352,12466.666666666668,0,0.4125000000000001,5322.073745727539,12466.666666666668,2,0.4125000000000001,28201.731643676758,3781,1825,3779,4154,3781,3781,3781,3781,0,0,100,0,0,0,0,0,32353087488,8589930496,3000713216,0
199,1786321219291,1006.0532989501953,12466.666666666668,2,0.40625,900.6499176025391,12466.666666666668,2,0.40625,7101.169784545898,12466.666666666668,0,0.40625,5322.080795288086,12466.666666666668,2,0.40625,28205.130599975586,3781,1825,3779,4154,3781,3781,3781,3781,0,0,100,0,0,0,0,0,32353087488,8589930496,3000713216,0
199,1786321219491,1006.0570526123047,12466.666666666668,2,0.3999999999999999,900.6566925048828,12466.666666666668,2,0.3999999999999999,7103.387130737305,12466.666666666668,0,0.3999999999999999,5322.088043212891,12466.666666666668,2,0.3999999999999999,28208.546295166016,3781,1825,3779,4154,3781,3781,3781,3781,0,0,100,0,0,0,0,0,32353087488,8589930496,3000713216,0
199,1786321219691,1006.0607452392578,12466.666666666668,2,0.40625,900.6636810302734,12466.666666666668,2,0.40625,7105.59538269043,12466.666666666668,0,0.40625,5322.094863891602,12466.666666666668,2,0.40625,28211.94497680664,3781,1825,3779,4154,3781,3781,3781,3781,0,0,100,0,0,0,0,0,32353087488,8589930496,3000713216,0
199,1786321219891,1006.0641326904297,12466.666666666668,2,0.40625,900.6704559326172,12466.666666666668,2,0.40625,7107.801422119141,12466.666666666668,0,0.40625,5322.101577758789,12466.666666666668,2,0.40625,28215.34410095215,3781,1825,3779,4154,3781,3781,3781,3781,0,0,100,0,0,0,0,0,32353087488,8589930496,3000713216,0
199,1786321220091,1006.069091796875,12600,2,0.3999999999999999,900.6780700683594,12600,2,0.3999999999999999,7109.99755859375,12600,0,0.3999999999999999,5322.108657836914,12600,0,0.3999999999999999,28218.7412109375,3781,1825,3779,4154,3781,3781,3781,3781,0,0,100,0,0,0,0,0,32353087488,8589930496,3000713216,0
199,1786321220291,1006.0743865966797,12600,2,0.40625,900.6848602294922,12600,0,0.3999999999999999,7112.218154907227,12600,0,0.3999999999999999,5322.1153564453125,12600,0,0.3999999999999999,28222.140365600586,3781,1825,3779,4154,3781,3781,3781,3781,0,0,100,0,0,0,0,0,32353087488,8589930496,3000713216,0
199,1786321220491,1006.0786895751953,12466.666666666668,2,0.40625,900.6916351318359,12466.666666666668,0,0.40625,7114.435317993164,12466.666666666668,0,0.40625,5322.122268676758,12466.666666666668,0,0.40625,28225.541717529297,3781,1825,3779,4154,3781,3781,3781,3781,0,0,100,0,0,0,0,0,32353087488,8589930496,3000713216,0
199,1786321220691,1006.0821075439453,12466.666666666668,2,0.4125000000000001,900.6984252929688,12466.666666666668,2,0.4125000000000001,7116.644973754883,12466.666666666668,0,0.4125000000000001,5322.128768920898,12466.666666666668,0,0.4125000000000001,28228.94078063965,3781,1825,3779,4154,3781,3781,3781,3781,0,0,100,0,0,0,0,0,32353087488,8589930496,3000713216,0
199,1786321220891,1006.0854797363281,12533.333333333332,2,0.3999999999999999,900.7052001953125,12533.333333333332,2,0.3999999999999999,7118.846450805664,12533.333333333332,0,0.3999999999999999,5322.1376953125,12533.333333333332,2,0.3999999999999999,28232.338470458984,3781,1825,3779,4154,3781,3781,3781,3781,0,0,100,0,0,0,0,0,32353087488,8589930496,3000713216,0
199,1786321221091,1006.0888519287109,12266.666666666668,2,0.4125000000000001,900.7121276855469,12266.666666666668,0,0.4125000000000001,7121.062957763672,12266.666666666668,0,0.4125000000000001,5322.144943237305,12266.666666666668,2,0.4125000000000001,28235.74397277832,3781,1825,3779,4154,3781,3781,3781,3781,0,0,100,4.761904716491699,0,0,0,0,32353087488,8589930496,3000713216,0
199,1786321221292,1006.092529296875,12400,2,0.40625,900.7197875976563,12400,2,0.40625,7123.259948730469,12400,0,0.40625,5322.15315246582,12400,2,0.40625,28239.138244628906,3781,1825,3779,4154,3781,3781,3781,3781,0,0,100,0,0,0,0,4.761904716491699,32353087488,8589930496,3000713216,0
199,1786321221492,1006.095947265625,12466.666666666668,2,0.40625,900.7266387939453,12466.666666666668,2,0.40625,7125.467910766602,12466.666666666668,0,0.40625,5322.160354614258,12466.666666666668,2,0.40625,28242.534408569336,3781,1825,3779,4154,3781,3781,3781,3781,0,0,100,0,0,0,0,0,32353087488,8589930496,3000713216,0
199,1786321221692,1006.0994110107422,12466.666666666668,2,0.4125000000000001,900.7334289550781,12466.666666666668,2,0.4125000000000001,7127.674865722656,12466.666666666668,0,0.4125000000000001,5322.16764831543,12466.666666666668,2,0.4125000000000001,28245.934448242188,3781,1825,3779,4154,3781,3781,3781,3781,0,0,100,0,0,0,0,0,32353087488,8589930496,3000713216,0
199,1786321221892,1006.102783203125,12466.666666666668,2,0.4125000000000001,900.7402496337891,12466.666666666668,2,0.4125000000000001,7129.88020324707,12466.666666666668,0,0.4125000000000001,5322.174758911133,12466.666666666668,2,0.4125000000000001,28249.351196289063,3781,1825,3779,4154,3781,3781,3781,3781,0,0,100,0,0,0,0,0,32353087488,8589930496,3000713216,0
199,1786321222092,1006.1060943603516,12466.666666666668,2,0.4125000000000001,900.7472839355469,12466.666666666668,2,0.4125000000000001,7132.094009399414,12466.666666666668,0,0.4125000000000001,5322.181976318359,12466.666666666668,2,0.4125000000000001,28252.749893188477,3781,1825,3779,4154,3781,3781,3781,3781,0,0,100,0,0,0,0,0,32353087488,8589930496,3000713216,0
199,1786321222292,1006.1117248535156,12600,2,0.3999999999999999,900.7544097900391,12600,2,0.3999999999999999,7134.312744140625,12600,0,0.3999999999999999,5322.188812255859,12600,2,0.3999999999999999,28256.14614868164,3781,1825,3779,4154,3781,3781,3781,3781,0,0,100,0,0,0,0,0,32353087488,8589930496,3000713216,0
199,1786321222492,1006.1156158447266,12466.666666666668,2,0.40625,900.7612457275391,12466.666666666668,2,0.40625,7136.521728515625,12466.666666666668,0,0.40625,5322.197769165039,12466.666666666668,2,0.40625,28259.54899597168,3781,1825,3779,4154,3781,3781,3781,3781,0,0,100,0,0,0,0,0,32353087488,8589930496,3000713216,0
199,1786321222692,1006.1192474365234,12400,2,0.4125000000000001,900.7680511474609,12400,2,0.4125000000000001,7138.730224609375,12400,0,0.4125000000000001,5322.207077026367,12400,2,0.4125000000000001,28262.949661254883,3781,1825,3779,4154,3781,3781,3781,3781,0,0,100,0,0,0,0,0,32353087488,8589930496,3000713216,0
199,1786321222892,1006.1226348876953,12466.666666666668,2,0.40625,900.7748260498047,12466.666666666668,0,0.40625,7140.933639526367,12466.666666666668,0,0.40625,5322.21354675293,12466.666666666668,0,0.40625,28266.34635925293,3781,1825,3779,4154,3781,3781,3781,3781,0,0,100,0,0,0,0,0,32353087488,8589930496,3000713216,0
199,1786321223092,1006.1260070800781,12333.333333333332,2,0.40625,900.7817230224609,12333.333333333332,2,0.40625,7143.141876220703,12333.333333333332,0,0.40625,5322.221969604492,12333.333333333332,0,0.40625,28269.749603271484,3781,1825,3779,4154,3781,3781,3781,3781,0,0,100,0,0,0,0,0,32353087488,8589930496,3000713216,0
199,1786321223292,1006.1294250488281,12400,2,0.40625,900.78857421875,12400,2,0.40625,7145.3411865234375,12400,0,0.40625,5322.228576660156,12400,2,0.40625,28273.144256591797,3781,1825,3779,4154,3781,3781,3781,3781,0,0,100,0,0,0,0,0,32353087488,8589930496,3000713216,0
199,1786321223492,1006.1330261230469,12466.666666666668,2,0.40625,900.7953796386719,12466.666666666668,2,0.40625,7147.547332763672,12466.666666666668,0,0.40625,5322.235855102539,12466.666666666668,2,0.40625,28276.541793823242,3781,1825,3779,4154,3781,3781,3781,3781,0,0,100,0,0,0,0,0,32353087488,8589930496,3000684544,0
199,1786321223693,1006.1365509033203,12466.666666666668,2,0.4125000000000001,900.80224609375,12466.666666666668,2,0.4125000000000001,7149.7545166015625,12466.666666666668,0,0.4125000000000001,5322.244491577148,12466.666666666668,2,0.4125000000000001,28279.941528320313,3781,1825,3779,4154,3781,3781,3781,3781,0,0,100,0,0,0,0,0,32353087488,8589930496,3000684544,0
199,1786321223893,1006.1414489746094,12800,2,0.39375000000000004,900.8090515136719,12800,2,0.39375000000000004,7151.97721862793,12800,0,0.39375000000000004,5322.251266479492,12800,2,0.39375000000000004,28283.332244873047,3781,1825,3779,4154,3781,3781,3781,3781,0,0,100,4.761904716491699,0,0,0,0,32353087488,8589930496,3000684544,0
199,1786321224093,1006.1456298828125,12466.666666666668,2,0.40625,900.8159027099609,12466.666666666668,2,0.40625,7154.1932373046875,12466.666666666668,0,0.40625,5322.258285522461,12466.666666666668,2,0.40625,28286.741271972656,3781,1825,3779,4154,3781,3781,3781,3781,0,0,100,0,4.761904716491699,0,0,0,32353087488,8589930496,3000684544,0
199,1786321224293,1006.1492004394531,12400,2,0.4125000000000001,900.8227233886719,12400,2,0.4125000000000001,7156.399627685547,12400,0,0.4125000000000001,5322.264984130859,12400,2,0.4125000000000001,28290.141326904297,3781,1825,3779,4154,3781,3781,3781,3781,0,4.761904716491699,100,0,0,0,0,0,32353087488,8589930496,3000684544,0
199,1786321224493,1006.1531982421875,14133.333333333334,2,0.3687499999999999,900.8295593261719,14133.333333333334,2,0.3687499999999999,7158.579025268555,14133.333333333334,0,0.3687499999999999,5322.271987915039,14133.333333333334,2,0.3687499999999999,28293.504776000977,3781,1825,3779,4154,3781,3781,3781,3781,0,0,100,0,0,0,0,0,32353087488,8589930496,2882576384,0
199,1786321224693,1006.3888244628906,12266.666666666668,2,0.4125000000000001,901.0122528076172,12266.666666666668,2,0.4125000000000001,7160.259613037109,12266.666666666668,0,0.4125000000000001,5322.549423217773,12266.666666666668,2,0.4125000000000001,28296.971466064453,3781,1825,3779,4154,3781,3781,3781,3781,5,5.263157844543457,78.94737243652344,5.555555820465088,5.263157844543457,13.636363983154297,5.263157844543457,5.263157844543457,32353087488,8589930496,2996129792,0
199,1786321224893,1006.3921966552734,12200,2,0.41874999999999996,901.0184631347656,12200,2,0.41874999999999996,7162.467239379883,12200,0,0.41874999999999996,5322.556793212891,12200,2,0.41874999999999996,28300.36863708496,3781,1825,3779,4154,3781,3781,3781,3781,5,5.263157844543457,78.94737243652344,5.555555820465088,5.263157844543457,13.636363983154297,5.263157844543457,5.263157844543457,32353087488,8589930496,2996129792,0
199,1786321225093,1006.3956451416016,12333.333333333332,2,0.40625,901.0245666503906,12333.333333333332,2,0.40625,7164.664993286133,12333.333333333332,0,0.40625,5322.564498901367,12333.333333333332,2,0.40625,28303.760986328125,3781,1825,3779,4154,3781,3781,3781,3781,0,0,100,0,0,0,0,0,32353087488,8589930496,2996129792,0
199,1786321225293,1006.4011840820313,12266.666666666668,2,0.4125000000000001,901.0317077636719,12266.666666666668,2,0.40625,7166.886566162109,12266.666666666668,0,0.40625,5322.575500488281,12266.666666666668,0,0.40625,28307.164611816406,3781,1825,3779,4154,3781,3781,3781,3781,0,0,100,0,0,0,0,0,32353087488,8589930496,2996129792,0
199,1786321225493,1006.4044342041016,12333.333333333332,2,0.4125000000000001,901.0381622314453,12333.333333333332,0,0.4125000000000001,7169.083648681641,12333.333333333332,0,0.4125000000000001,5322.585418701172,12333.333333333332,0,0.4125000000000001,28310.56134033203,3781,1825,3779,4154,3781,3781,3781,3781,0,0,100,0,0,0,0,0,32353087488,8589930496,2996129792,0
199,1786321225693,1006.4078979492188,12400,2,0.40625,901.0443572998047,12400,0,0.40625,7171.283843994141,12400,0,0.40625,5322.59260559082,12400,0,0.40625,28313.95668029785,3781,1825,3779,4154,3781,3781,3781,3781,0,0,100,4.761904716491699,0,0,0,0,32353087488,8589930496,2996129792,0
199,1786321225893,1006.4113006591797,12333.333333333332,2,0.40625,901.0505523681641,12333.333333333332,2,0.40625,7173.484603881836,12333.333333333332,0,0.40625,5322.599670410156,12333.333333333332,0,0.40625,28317.35708618164,3781,1825,3779,4154,3781,3781,3781,3781,0,0,100,0,0,0,0,0,32353087488,8589930496,2996129792,0
200,1786321226093,1006.4146423339844,12400,2,0.40625,901.0567321777344,12400,2,0.40625,7175.690887451172,12400,0,0.40625,5322.606826782227,12400,0,0.40625,28320.753128051758,3781,1825,3779,4154,3781,3781,3781,3781,0,0,100,0,0,0,0,0,32353087488,8589930496,2996129792,0
199,1786321226294,1006.4180450439453,12333.333333333332,2,0.40625,901.0635528564453,12333.333333333332,2,0.40625,7177.88883972168,12333.333333333332,0,0.40625,5322.614028930664,12333.333333333332,2,0.40625,28324.152770996094,3781,1825,3779,4154,3781,3781,3781,3781,0,0,100,0,0,0,0,0,32353087488,8589930496,2996248576,0
199,1786321226494,1006.4219512939453,12200,2,0.41874999999999996,901.0703735351563,12200,2,0.41874999999999996,7180.097473144531,12200,0,0.41874999999999996,5322.620712280273,12200,2,0.41874999999999996,28327.55438232422,3781,1825,3779,4154,3781,3781,3781,3781,0,0,100,0,0,0,0,0,32353087488,8589930496,2996248576,0
199,1786321226694,1006.4255523681641,12466.666666666668,2,0.40625,901.0772247314453,12466.666666666668,2,0.40625,7182.29704284668,12466.666666666668,0,0.40625,5322.62760925293,12466.666666666668,2,0.40625,28330.945846557617,3781,1825,3779,4154,3781,3781,3781,3781,0,0,100,0,0,0,0,0,32353087488,8589930496,2996248576,0
199,1786321226894,1006.4288940429688,12400,2,0.40625,901.0840301513672,12400,2,0.40625,7184.504379272461,12400,0,0.40625,5322.634170532227,12400,2,0.40625,28334.34799194336,3781,1825,3779,4154,3781,3781,3781,3781,0,0,100,0,0,0,0,0,32353087488,8589930496,2996248576,0
199,1786321227094,1006.4321136474609,12333.333333333332,2,0.4125000000000001,901.0908508300781,12333.333333333332,2,0.4125000000000001,7186.704025268555,12333.333333333332,0,0.4125000000000001,5322.640625,12333.333333333332,2,0.4125000000000001,28337.748046875,3781,1825,3779,4154,3781,3781,3781,3781,0,0,100,0,0,0,0,0,32353087488,8589930496,2996248576,0
199,1786321227294,1006.4356842041016,12333.333333333332,2,0.4125000000000001,901.0980377197266,12333.333333333332,2,0.4125000000000001,7188.918182373047,12333.333333333332,0,0.4125000000000001,5322.647994995117,12333.333333333332,2,0.4125000000000001,28341.164276123047,3781,1825,3779,4154,3781,3781,3781,3781,0,0,100,0,0,0,0,0,32353087488,8589930496,2996248576,0
199,1786321227494,1006.4419097900391,12533.333333333332,2,0.3999999999999999,901.1049194335938,12533.333333333332,2,0.3999999999999999,7191.145889282227,12533.333333333332,0,0.3999999999999999,5322.656661987305,12533.333333333332,2,0.3999999999999999,28344.561950683594,3781,1825,3779,4154,3781,3781,3781,3781,0,0,100,0,0,0,0,0,32353087488,8589930496,2996248576,0
199,1786321227694,1006.4472808837891,12333.333333333332,2,0.40625,901.1118011474609,12333.333333333332,2,0.40625,7193.369918823242,12333.333333333332,0,0.40625,5322.663635253906,12333.333333333332,2,0.40625,28347.970336914063,3781,1825,3779,4154,3781,3781,3781,3781,0,0,100,4.761904716491699,0,0,0,0,32353087488,8589930496,2996248576,0
199,1786321227894,1006.4506683349609,12333.333333333332,2,0.40625,901.11865234375,12333.333333333332,2,0.40625,7195.571884155273,12333.333333333332,0,0.40625,5322.671447753906,12333.333333333332,2,0.40625,28351.367568969727,3781,1825,3779,4154,3781,3781,3781,3781,0,0,100,0,0,0,0,0,32353087488,8589930496,2996248576,0
199,1786321228094,1006.4555206298828,12533.333333333332,2,0.3999999999999999,901.1254577636719,12533.333333333332,2,0.3999999999999999,7197.78547668457,12466.666666666668,0,0.40625,5322.6806640625,12466.666666666668,0,0.40625,28354.76365661621,3781,1825,3779,4154,3781,3781,3781,3781,0,0,100,0,0,0,0,0,32353087488,8589930496,2996248576,0
199,1786321228294,1006.4589080810547,12266.666666666668,2,0.4125000000000001,901.1324005126953,12266.666666666668,0,0.4125000000000001,7199.992279052734,12266.666666666668,0,0.4125000000000001,5322.687255859375,12266.666666666668,0,0.4125000000000001,28358.168899536133,3781,1825,3779,4154,3781,3781,3781,3781,0,0,100,0,0,0,0,0,32353087488,8589930496,2996248576,0
199,1786321228494,1006.4625701904297,12466.666666666668,2,0.40625,901.1392364501953,12466.666666666668,2,0.40625,7202.190582275391,12466.666666666668,0,0.40625,5322.693817138672,12466.666666666668,0,0.40625,28361.560974121094,3781,1825,3779,4154,3781,3781,3781,3781,0,0,100,0,0,0,0,0,32353087488,8589930496,2996248576,0
199,1786321228695,1006.466064453125,12466.666666666668,2,0.40625,901.1460571289063,12466.666666666668,2,0.40625,7204.392623901367,12466.666666666668,0,0.40625,5322.700500488281,12466.666666666668,2,0.40625,28364.958419799805,3781,1825,3779,4154,3781,3781,3781,3781,0,0,100,4.761904716491699,0,0,0,0,32353087488,8589930496,2996248576,0
199,1786321228895,1006.4718933105469,12400,2,0.4125000000000001,901.1529083251953,12400,2,0.4125000000000001,7206.627960205078,12400,0,0.4125000000000001,5322.708190917969,12400,2,0.4125000000000001,28368.363388061523,3781,1825,3779,4154,3781,3781,3781,3781,0,0,100,0,0,0,0,0,32353087488,8589930496,2996248576,0
199,1786321229095,1006.4753723144531,12400,2,0.40625,901.1597290039063,12400,2,0.40625,7208.828964233398,12400,0,0.40625,5322.714904785156,12400,2,0.40625,28371.762908935547,3781,1825,3779,4154,3781,3781,3781,3781,0,0,100,0,0,0,0,0,32353087488,8589930496,2996248576,0
199,1786321229295,1006.4788818359375,12333.333333333332,2,0.40625,901.1669616699219,12333.333333333332,2,0.40625,7211.027481079102,12333.333333333332,0,0.40625,5322.722198486328,12333.333333333332,2,0.40625,28375.161392211914,3781,1825,3779,4154,3781,3781,3781,3781,0,4.761904716491699,100,0,0,0,0,0,32353087488,8589930496,2996248576,0
199,1786321229495,1006.4829406738281,13133.333333333334,2,0.3812500000000001,901.1738891601563,13133.333333333334,2,0.3812500000000001,7213.217178344727,13133.333333333334,0,0.3812500000000001,5322.730667114258,13133.333333333334,2,0.3812500000000001,28378.53581237793,3781,1825,3779,4154,3781,3781,3781,3781,0,0,100,0,0,0,0,0,32353087488,8589930496,2996248576,0
199,1786321229695,1006.4867858886719,12400,2,0.40625,901.1807098388672,12400,2,0.40625,7215.434951782227,12400,0,0.40625,5322.739334106445,12400,2,0.40625,28381.974563598633,3781,1825,3779,4154,3781,3781,3781,3781,0,0,100,0,0,0,0,0,32353087488,8589930496,2996248576,0
199,1786321229895,1006.4905548095703,12333.333333333332,2,0.4125000000000001,901.1876525878906,12333.333333333332,2,0.4125000000000001,7217.649856567383,12333.333333333332,0,0.4125000000000001,5322.746673583984,12333.333333333332,2,0.4125000000000001,28385.373657226563,3781,1825,3779,4154,3781,3781,3781,3781,0,0,100,0,0,0,0,0,32353087488,8589930496,2996248576,0
199,1786321230095,1006.4940490722656,12400,2,0.40625,901.1944885253906,12400,2,0.40625,7219.85173034668,12400,0,0.40625,5322.754455566406,12400,2,0.40625,28388.770050048828,3781,1825,3779,4154,3781,3781,3781,3781,0,0,100,0,0,0,0,0,32353087488,8589930496,2996248576,0
199,1786321230295,1006.4981994628906,12466.666666666668,2,0.3999999999999999,901.2015533447266,12466.666666666668,2,0.3999999999999999,7221.327560424805,12466.666666666668,2,0.3999999999999999,5323.488876342773,12466.666666666668,0,0.3999999999999999,28392.16616821289,3781,1825,3779,4154,3781,3781,3781,3781,0,0,65,33.333335876464844,0,0,0,0,32353087488,8589930496,2996248576,0
199,1786321230495,1006.5018920898438,12400,2,0.40625,901.2062683105469,12400,2,0.40625,7221.335952758789,12400,2,0.40625,5325.708419799805,12400,0,0.40625,28395.566802978516,3781,1825,3779,4154,3781,3781,3781,3781,0,0,0,100,0,0,0,0,32353087488,8589930496,2996248576,0
199,1786321230695,1006.5053253173828,12266.666666666668,2,0.40625,901.2103271484375,12266.666666666668,0,0.40625,7221.344253540039,12266.666666666668,0,0.40625,5327.924896240234,12266.666666666668,0,0.40625,28398.96937561035,3781,1825,3779,4154,3781,3781,3781,3781,0,0,0,100,0,0,0,0,32353087488,8589930496,2996248576,0
199,1786321230896,1006.5087585449219,12333.333333333332,2,0.40625,901.2143096923828,12333.333333333332,0,0.40625,7221.35075378418,12333.333333333332,0,0.40625,5330.13249206543,12333.333333333332,0,0.40625,28402.36636352539,3781,1825,3779,4154,3781,3781,3781,3781,0,0,0,100,0,0,0,0,32353087488,8589930496,2996248576,0
199,1786321231096,1006.5121917724609,12333.333333333332,2,0.40625,901.2183380126953,12333.333333333332,2,0.40625,7221.357177734375,12333.333333333332,2,0.40625,5332.340484619141,12333.333333333332,0,0.40625,28405.76449584961,3781,1825,3779,4154,3781,3781,3781,3781,0,0,0,100,0,0,0,0,32353087488,8589930496,2996248576,0
199,1786321231296,1006.5160369873047,12333.333333333332,2,0.40625,901.2228851318359,12333.333333333332,2,0.40625,7221.364105224609,12333.333333333332,2,0.40625,5334.553161621094,12333.333333333332,0,0.40625,28409.163452148438,3781,1825,3779,4154,3781,3781,3781,3781,0,0,0,100,0,0,0,0,32353087488,8589930496,2996248576,0
199,1786321231496,1006.5196380615234,12400,2,0.4125000000000001,901.2273406982422,12400,2,0.4125000000000001,7221.371017456055,12400,2,0.4125000000000001,5336.769805908203,12400,0,0.4125000000000001,28412.56024169922,3781,1825,3779,4154,3781,3781,3781,3781,0,0,0,100,0,0,0,0,32353087488,8589930496,2996248576,0
199,1786321231696,1006.5232086181641,12400,2,0.40625,901.2315368652344,12400,2,0.40625,7221.377914428711,12400,2,0.40625,5338.980712890625,12400,0,0.40625,28415.959091186523,3781,1825,3779,4154,3781,3781,3781,3781,0,0,0,100,0,0,0,0,32353087488,8589930496,2996248576,0
200,1786321231896,1006.5265197753906,12266.666666666668,2,0.4125000000000001,901.235595703125,12266.666666666668,2,0.4125000000000001,7221.385543823242,12266.666666666668,2,0.4125000000000001,5341.204895019531,12266.666666666668,0,0.4125000000000001,28419.36312866211,3781,1825,3779,4154,3781,3781,3781,3781,0,0,0,100,0,0,0,0,32353087488,8589930496,2996248576,0
199,1786321232096,1006.5298919677734,12400,2,0.40625,901.2396240234375,12400,2,0.40625,7221.392181396484,12400,2,0.40625,5343.41584777832,12400,0,0.40625,28422.75750732422,3781,1825,3779,4154,3781,3781,3781,3781,0,0,0,100,0,0,0,0,32353087488,8589930496,2996248576,0
199,1786321232296,1006.53369140625,12266.666666666668,2,0.40625,901.2441101074219,12266.666666666668,2,0.40625,7221.400299072266,12266.666666666668,2,0.40625,5345.63493347168,12266.666666666668,0,0.40625,28426.177368164063,3781,1825,3779,4154,3781,3781,3781,3781,0,0,0,100,0,0,0,0,32353087488,8589930496,2996248576,0
199,1786321232496,1006.5391235351563,12400,2,0.40625,901.2506408691406,12400,2,0.40625,7221.409973144531,12400,2,0.40625,5347.87451171875,12400,0,0.40625,28429.576583862305,3781,1825,3779,4154,3781,3781,3781,3781,0,0,0,100,0,0,0,0,32353087488,8589930496,2996248576,0
199,1786321232696,1006.5440216064453,12200,2,0.4125000000000001,901.2566375732422,12200,2,0.4125000000000001,7221.4163818359375,12200,2,0.4125000000000001,5350.123062133789,12200,0,0.4125000000000001,28432.98323059082,3781,1825,3779,4154,3781,3781,3781,3781,0,0,0,100,0,0,0,0,32353087488,8589930496,2996248576,0
199,1786321232896,1006.5487670898438,13066.666666666666,2,0.39375000000000004,901.2623748779297,13066.666666666666,2,0.39375000000000004,7221.423889160156,13066.666666666666,2,0.39375000000000004,5352.342803955078,13066.666666666666,0,0.39375000000000004,28436.361557006836,3781,1825,3779,4154,3781,3781,3781,3781,0,0,0,100,0,0,0,0,32353087488,8589930496,2996248576,0
199,1786321233096,1006.5539093017578,12266.666666666668,2,0.4125000000000001,901.2683715820313,12266.666666666668,2,0.4125000000000001,7221.431777954102,12266.666666666668,2,0.4125000000000001,5354.593505859375,12266.666666666668,0,0.4125000000000001,28439.784149169922,3781,1825,3779,4154,3781,3781,3781,3781,0,0,0,100,0,0,0,0,32353087488,8589930496,2996248576,0
199,1786321233297,1006.5586700439453,12266.666666666668,2,0.40625,901.3320159912109,12266.666666666668,2,0.40625,7222.093215942383,12266.666666666668,0,0.40625,5356.089248657227,12266.666666666668,2,0.40625,28443.1817779541,3781,1825,3779,4154,3781,3781,3781,3781,0,0,30.000001907348633,68.42105102539063,0,0,0,0,32353087488,8589930496,2996506624,0
199,1786321233497,1006.5636291503906,12400,2,0.40625,901.3394317626953,12400,2,0.40625,7224.279647827148,12400,0,0.40625,5356.103240966797,12400,0,0.40625,28446.57618713379,3781,1825,3779,4154,3781,3781,3781,3781,0,0,100,0,0,0,0,0,32353087488,8589930496,2996506624,0
199,1786321233697,1006.5669555664063,12400,2,0.40625,901.3456115722656,12400,2,0.40625,7226.48942565918,12400,0,0.40625,5356.1104736328125,12400,2,0.40625,28449.973709106445,3781,1825,3779,4154,3781,3781,3781,3781,0,0,100,0,0,0,0,0,32353087488,8589930496,2996506624,0
199,1786321233897,1006.5704498291016,12333.333333333332,2,0.4125000000000001,901.352294921875,12333.333333333332,2,0.4125000000000001,7228.694534301758,12333.333333333332,0,0.4125000000000001,5356.118011474609,12333.333333333332,2,0.4125000000000001,28453.37271118164,3781,1825,3779,4154,3781,3781,3781,3781,0,0,100,0,0,0,0,0,32353087488,8589930496,2996506624,0
199,1786321234097,1006.5737762451172,12333.333333333332,2,0.4125000000000001,901.3585205078125,12333.333333333332,2,0.4125000000000001,7230.897537231445,12333.333333333332,0,0.4125000000000001,5356.126892089844,12333.333333333332,0,0.4125000000000001,28456.771118164063,3781,1825,3779,4154,3781,3781,3781,3781,0,0,100,0,0,0,0,0,32353087488,8589930496,2996506624,0
199,1786321234297,1006.5771331787109,12333.333333333332,2,0.40625,901.3651428222656,12333.333333333332,2,0.40625,7233.105361938477,12333.333333333332,0,0.40625,5356.134048461914,12333.333333333332,2,0.40625,28460.168899536133,3781,1825,3779,4154,3781,3781,3781,3781,0,0,100,0,0,0,0,0,32353087488,8589930496,2996506624,0
199,1786321234497,1006.5804748535156,12400,2,0.40625,901.3714599609375,12400,2,0.40625,7235.312149047852,12400,0,0.40625,5356.141372680664,12400,2,0.40625,28463.565841674805,3781,1825,3779,4154,3781,3781,3781,3781,0,0,100,0,0,0,0,0,32353087488,8589930496,2996506624,0
199,1786321234697,1006.5838623046875,12466.666666666668,2,0.40625,901.3776550292969,12466.666666666668,2,0.40625,7237.517532348633,12466.666666666668,0,0.40625,5356.150787353516,12466.666666666668,2,0.40625,28466.96354675293,3781,1825,3779,4154,3781,3781,3781,3781,0,0,100,0,0,0,0,0,32353087488,8589930496,2996506624,0
199,1786321234897,1006.5871887207031,12400,2,0.4125000000000001,901.3840942382813,12400,2,0.4125000000000001,7239.71907043457,12400,0,0.4125000000000001,5356.16032409668,12400,2,0.4125000000000001,28470.364288330078,3781,1825,3779,4154,3781,3781,3781,3781,0,0,100,0,0,0,0,0,32353087488,8589930496,2996506624,0
199,1786321235097,1006.5907592773438,12400,2,0.4125000000000001,901.3904418945313,12400,2,0.4125000000000001,7241.93098449707,12400,0,0.4125000000000001,5356.168121337891,12400,2,0.4125000000000001,28473.779373168945,3781,1825,3779,4154,3781,3781,3781,3781,0,0,100,0,0,0,0,0,32353087488,8589930496,2996506624,0
199,1786321235297,1006.5944366455078,12200,2,0.4125000000000001,901.3962707519531,12200,2,0.4125000000000001,7244.098770141602,12200,0,0.4125000000000001,5356.2239990234375,12200,2,0.4125000000000001,28477.18246459961,3781,1825,3779,4154,3781,3781,3781,3781,0,0,100,0,0,0,0,9.523809432983398,32353087488,8589930496,2996506624,0
199,1786321235497,1006.5990447998047,12400,2,0.40625,901.4027099609375,12400,2,0.40625,7246.307403564453,12400,0,0.40625,5356.234405517578,12400,2,0.40625,28480.577178955078,3781,1825,3779,4154,3781,3781,3781,3781,0,0,100,0,0,0,0,0,32353087488,8589930496,2996506624,0
199,1786321235697,1006.6024627685547,12400,2,0.4125000000000001,901.4095611572266,12400,2,0.4125000000000001,7248.510726928711,12400,0,0.4125000000000001,5356.242767333984,12400,2,0.4125000000000001,28483.976181030273,3781,1825,3779,4154,3781,3781,3781,3781,0,0,100,0,0,0,0,0,32353087488,8589930496,2996506624,0
199,1786321235898,1006.6064147949219,12466.666666666668,0,0.40625,901.4164123535156,12466.666666666668,0,0.40625,7250.712127685547,12466.666666666668,0,0.40625,5356.249114990234,12466.666666666668,2,0.40625,28487.37367248535,3781,1825,3779,4154,3781,3781,3781,3781,0,0,100,0,0,0,0,0,32353087488,8589930496,2996506624,0
199,1786321236098,1006.6097869873047,12266.666666666668,2,0.4125000000000001,901.4232177734375,12266.666666666668,2,0.41874999999999996,7252.925430297852,12266.666666666668,0,0.41874999999999996,5356.255706787109,12266.666666666668,0,0.41874999999999996,28490.77847290039,3781,1825,3779,4154,3781,3781,3781,3781,0,0,100,0,0,0,0,0,32353087488,8589930496,2996506624,0
199,1786321236298,1006.6131896972656,12266.666666666668,2,0.4125000000000001,901.4299926757813,12266.666666666668,2,0.4125000000000001,7255.124374389648,12266.666666666668,0,0.4125000000000001,5356.264068603516,12266.666666666668,0,0.4125000000000001,28494.1746673584,3781,1825,3779,4154,3781,3781,3781,3781,0,0,100,0,0,0,0,0,32353087488,8589930496,2996506624,0
199,1786321236498,1006.6166229248047,12466.666666666668,2,0.40625,901.4369812011719,12466.666666666668,2,0.40625,7257.325149536133,12466.666666666668,0,0.40625,5356.270706176758,12466.666666666668,2,0.40625,28497.570693969727,3781,1825,3779,4154,3781,3781,3781,3781,0,0,100,0,0,0,0,0,32353087488,8589930496,2996506624,0
199,1786321236698,1006.6200408935547,12466.666666666668,2,0.40625,901.4438629150391,12466.666666666668,2,0.40625,7259.531997680664,12466.666666666668,0,0.40625,5356.277603149414,12466.666666666668,2,0.40625,28500.96826171875,3781,1825,3779,4154,3781,3781,3781,3781,0,0,100,0,0,0,0,0,32353087488,8589930496,2996506624,0
199,1786321236898,1006.623291015625,12333.333333333332,2,0.4125000000000001,901.4506683349609,12333.333333333332,2,0.4125000000000001,7261.736877441406,12333.333333333332,0,0.4125000000000001,5356.284149169922,12333.333333333332,2,0.4125000000000001,28504.3709564209,3781,1825,3779,4154,3781,3781,3781,3781,0,0,100,0,0,0,0,0,32353087488,8589930496,2996506624,0
199,1786321237098,1006.6265563964844,12333.333333333332,2,0.4125000000000001,901.4575042724609,12333.333333333332,2,0.4125000000000001,7263.938415527344,12333.333333333332,0,0.4125000000000001,5356.291046142578,12333.333333333332,2,0.4125000000000001,28507.76968383789,3781,1825,3779,4154,3781,3781,3781,3781,0,0,100,0,0,0,0,0,32353087488,8589930496,2996506624,0
200,1786321237298,1006.630615234375,12200,2,0.40625,901.4676513671875,12200,0,0.40625,7266.119003295898,12200,0,0.40625,5356.31169128418,12200,0,0.40625,28511.156295776367,3781,1825,3779,4154,3781,3781,3781,3781,0,4.761904716491699,100,5,0,0,0,0,32353087488,8589930496,2996506624,0
199,1786321237498,1006.6345367431641,12333.333333333332,2,0.4125000000000001,901.4740905761719,12333.333333333332,2,0.4125000000000001,7268.311431884766,12333.333333333332,0,0.4125000000000001,5356.325775146484,12333.333333333332,2,0.4125000000000001,28514.566345214844,3781,1825,3779,4154,3781,3781,3781,3781,0,0,100,0,0,0,4.761904716491699,0,32353087488,8589930496,2996506624,0
199,1786321237698,1006.6378479003906,12466.666666666668,2,0.40625,901.4802856445313,12466.666666666668,2,0.40625,7270.526184082031,12466.666666666668,0,0.40625,5356.333953857422,12466.666666666668,2,0.40625,28517.97967529297,3781,1825,3779,4154,3781,3781,3781,3781,0,0,100,0,0,0,0,0,32353087488,8589930496,2996506624,0
200,1786321237898,1006.6412048339844,12333.333333333332,2,0.40625,901.4865417480469,12333.333333333332,2,0.40625,7272.717636108398,12333.333333333332,0,0.40625,5356.34114074707,12333.333333333332,0,0.40625,28521.364624023438,3781,1825,3779,4154,3781,3781,3781,3781,0,0,100,0,0,0,0,0,32353087488,8589930496,2996506624,0
199,1786321238098,1006.6445159912109,12466.666666666668,2,0.4125000000000001,901.4929046630859,12466.666666666668,2,0.4125000000000001,7274.930557250977,12466.666666666668,0,0.4125000000000001,5356.348449707031,12466.666666666668,2,0.4125000000000001,28524.778076171875,3781,1825,3779,4154,3781,3781,3781,3781,0,0,100,2.4390242099761963,0,0,0,0,32353087488,8589930496,2996506624,0
199,1786321238299,1006.6481628417969,12266.666666666668,2,0.4125000000000001,901.5000152587891,12266.666666666668,2,0.4125000000000001,7277.1337890625,12266.666666666668,0,0.4125000000000001,5356.3563232421875,12266.666666666668,2,0.4125000000000001,28528.181610107422,3781,1825,3779,4154,3781,3781,3781,3781,0,0,100,0,0,0,0,0,32353087488,8589930496,2996506624,0
199,1786321238499,1006.6515350341797,12333.333333333332,2,0.4125000000000001,901.5070495605469,12333.333333333332,2,0.4125000000000001,7279.335174560547,12333.333333333332,0,0.4125000000000001,5356.363433837891,12333.333333333332,2,0.4125000000000001,28531.579467773438,3781,1825,3779,4154,3781,3781,3781,3781,0,0,100,0,0,0,0,0,32353087488,8589930496,2996506624,0
199,1786321238699,1006.6548767089844,12333.333333333332,2,0.40625,901.5138397216797,12400,2,0.40625,7281.537551879883,12400,0,0.40625,5356.371551513672,12400,0,0.40625,28534.977432250977,3781,1825,3779,4154,3781,3781,3781,3781,0,0,100,0,0,0,0,0,32353087488,8589930496,2996506624,0
199,1786321238899,1006.6581268310547,12466.666666666668,2,0.40625,901.5206298828125,12466.666666666668,0,0.40625,7283.741363525391,12466.666666666668,0,0.40625,5356.378128051758,12466.666666666668,0,0.40625,28538.37368774414,3781,1825,3779,4154,3781,3781,3781,3781,0,0,100,0,0,0,0,0,32353087488,8589930496,2996506624,0
199,1786321239099,1006.6614532470703,12866.666666666666,2,0.3999999999999999,901.5274200439453,12866.666666666666,2,0.3999999999999999,7285.944900512695,12866.666666666666,0,0.3999999999999999,5356.384552001953,12866.666666666666,0,0.3999999999999999,28541.763778686523,3781,1825,3779,4154,3781,3781,3781,3781,0,0,100,0,0,0,0,0,32353087488,8589930496,2996506624,0
199,1786321239299,1006.6657562255859,12333.333333333332,2,0.40625,901.534423828125,12333.333333333332,2,0.40625,7288.160308837891,12333.333333333332,0,0.40625,5356.391510009766,12333.333333333332,2,0.40625,28545.17594909668,3781,1825,3779,4154,3781,3781,3781,3781,0,0,100,0,0,0,0,0,32353087488,8589930496,2996506624,0
199,1786321239499,1006.6690826416016,12333.333333333332,2,0.40625,901.5412292480469,12333.333333333332,2,0.40625,7290.362274169922,12333.333333333332,0,0.40625,5356.399230957031,12333.333333333332,2,0.40625,28548.57534790039,3781,1825,3779,4154,3781,3781,3781,3781,0,0,100,0,0,0,0,0,32353087488,8589930496,2996506624,0
199,1786321239699,1006.6724395751953,12400,2,0.4125000000000001,901.5481109619141,12400,2,0.4125000000000001,7292.55859375,12400,0,0.4125000000000001,5356.4058837890625,12400,2,0.4125000000000001,28551.972198486328,3781,1825,3779,4154,3781,3781,3781,3781,0,0,100,0,0,0,0,0,32353087488,8589930496,2996506624,0
199,1786321239899,1006.6759643554688,12333.333333333332,2,0.40625,901.5551452636719,12333.333333333332,2,0.40625,7294.758224487305,12333.333333333332,0,0.40625,5356.413848876953,12333.333333333332,2,0.40625,28555.37289428711,3781,1825,3779,4154,3781,3781,3781,3781,0,4.761904716491699,100,0,0,0,0,0,32353087488,8589930496,2996506624,0
199,1786321240099,1006.6792449951172,12400,2,0.40625,901.5619506835938,12400,2,0.40625,7296.956527709961,12400,0,0.40625,5356.421447753906,12400,2,0.40625,28558.768524169922,3781,1825,3779,4154,3781,3781,3781,3781,0,0,100,0,0,0,0,0,32353087488,8589930496,2996506624,0
199,1786321240299,1006.6828460693359,12333.333333333332,2,0.40625,901.56884765625,12333.333333333332,2,0.40625,7299.161605834961,12333.333333333332,0,0.40625,5356.429733276367,12333.333333333332,2,0.40625,28562.187438964844,3781,1825,3779,4154,3781,3781,3781,3781,0,0,100,0,0,0,0,0,32353087488,8589930496,2996506624,0
199,1786321240499,1006.6869812011719,12933.333333333334,2,0.39375000000000004,901.5759887695313,12933.333333333334,2,0.39375000000000004,7301.3707275390625,12933.333333333334,0,0.39375000000000004,5356.436965942383,12933.333333333334,2,0.39375000000000004,28565.570892333984,3781,1825,3779,4154,3781,3781,3781,3781,0,0,100,0,0,0,0,0,32353087488,8589930496,2996506624,0
199,1786321240700,1006.6910247802734,12400,2,0.4125000000000001,901.5827941894531,12400,2,0.4125000000000001,7303.58447265625,12400,0,0.4125000000000001,5356.444778442383,12400,2,0.4125000000000001,28568.985321044922,3781,1825,3779,4154,3781,3781,3781,3781,0,0,100,0,0,0,0,0,32353087488,8589930496,2996506624,0
199,1786321240900,1006.6943511962891,12400,2,0.40625,901.589599609375,12400,2,0.40625,7305.78581237793,12400,0,0.40625,5356.452713012695,12400,2,0.40625,28572.38346862793,3781,1825,3779,4154,3781,3781,3781,3781,0,0,100,0,0,0,0,0,32353087488,8589930496,2996506624,0
199,1786321241100,1006.6977691650391,12466.666666666668,2,0.3999999999999999,901.5963897705078,12466.666666666668,2,0.3999999999999999,7307.991973876953,12466.666666666668,0,0.3999999999999999,5356.460342407227,12466.666666666668,2,0.3999999999999999,28575.779525756836,3781,1825,3779,4154,3781,3781,3781,3781,0,0,100,0,0,0,0,0,32353087488,8589930496,2996506624,0
199,1786321241300,1006.7020263671875,12133.333333333332,2,0.41874999999999996,901.6109161376953,12066.666666666668,0,0.41874999999999996,7310.181838989258,12066.666666666668,0,0.41874999999999996,5356.473205566406,12066.666666666668,0,0.41874999999999996,28579.189422607422,3781,1825,3779,4154,3781,3781,3781,3781,0,0,100,0,0,0,0,0,32353087488,8589930496,2996506624,0
199,1786321241500,1006.7057647705078,12400,2,0.40625,901.6177978515625,12400,0,0.40625,7312.36979675293,12400,0,0.40625,5356.48225402832,12400,0,0.40625,28582.578887939453,3781,1825,3779,4154,3781,3781,3781,3781,0,0,100,0,0,0,0,0,32353087488,8589930496,2996506624,0
199,1786321241700,1006.7090606689453,12333.333333333332,2,0.4125000000000001,901.6248168945313,12333.333333333332,2,0.4125000000000001,7314.573135375977,12333.333333333332,0,0.4125000000000001,5356.488815307617,12333.333333333332,0,0.4125000000000001,28585.978912353516,3781,1825,3779,4154,3781,3781,3781,3781,0,0,100,0,0,0,0,0,32353087488,8589930496,2996506624,0
199,1786321241900,1006.7123565673828,12333.333333333332,2,0.40625,901.6316070556641,12333.333333333332,2,0.40625,7316.773132324219,12333.333333333332,0,0.40625,5356.495468139648,12333.333333333332,2,0.40625,28589.378021240234,3781,1825,3779,4154,3781,3781,3781,3781,0,0,100,0,0,0,0,0,32353087488,8589930496,2996506624,0
199,1786321242100,1006.7156677246094,12400,2,0.4125000000000001,901.6383972167969,12400,2,0.4125000000000001,7318.970520019531,12400,0,0.4125000000000001,5356.50212097168,12400,2,0.4125000000000001,28592.77458190918,3781,1825,3779,4154,3781,3781,3781,3781,0,0,100,0,0,0,0,0,32353087488,8589930496,2996506624,0
199,1786321242300,1006.7191314697266,12266.666666666668,2,0.4125000000000001,901.6459350585938,12266.666666666668,2,0.4125000000000001,7321.170104980469,12266.666666666668,0,0.4125000000000001,5356.509414672852,12266.666666666668,2,0.4125000000000001,28596.176681518555,3781,1825,3779,4154,3781,3781,3781,3781,0,0,100,0,0,0,0,0,32353087488,8589930496,2996506624,0
199,1786321242500,1006.7225189208984,12400,2,0.40625,901.6527557373047,12400,2,0.40625,7323.372116088867,12400,0,0.40625,5356.517822265625,12400,2,0.40625,28599.57289123535,3781,1825,3779,4154,3781,3781,3781,3781,0,0,100,0,0,0,0,0,32353087488,8589930496,2996506624,0
199,1786321242700,1006.7267456054688,13466.666666666666,2,0.3687499999999999,901.6597442626953,13466.666666666666,2,0.3687499999999999,7325.5758056640625,13466.666666666666,0,0.3687499999999999,5356.524826049805,13466.666666666666,2,0.3687499999999999,28602.942123413086,3781,1825,3779,4154,3781,3781,3781,3781,0,0,100,0,0,0,0,0,32353087488,8589930496,2996506624,0
199,1786321242900,1006.7308197021484,12400,2,0.40625,901.6666259765625,12400,2,0.40625,7327.81233215332,12400,0,0.40625,5356.532775878906,12400,2,0.40625,28606.390213012695,3781,1825,3779,4154,3781,3781,3781,3781,0,0,100,4.761904716491699,0,0,0,0,32353087488,8589930496,2996506624,0
199,1786321243101,1006.7342376708984,12466.666666666668,2,0.40625,901.6734771728516,12466.666666666668,2,0.40625,7330.017822265625,12466.666666666668,0,0.40625,5356.540374755859,12466.666666666668,2,0.40625,28609.78775024414,3781,1825,3779,4154,3781,3781,3781,3781,0,0,100,0,0,0,0,0,32353087488,8589930496,2996506624,0
199,1786321243301,1006.7379913330078,12333.333333333332,2,0.40625,901.6804656982422,12333.333333333332,2,0.40625,7332.226165771484,12333.333333333332,0,0.40625,5356.546798706055,12333.333333333332,2,0.40625,28613.188873291016,3781,1825,3779,4154,3781,3781,3781,3781,0,0,100,0,0,0,0,0,32353087488,8589930496,2996506624,0
199,1786321243501,1006.7413787841797,12333.333333333332,2,0.40625,901.6873321533203,12333.333333333332,2,0.40625,7334.430130004883,12333.333333333332,0,0.40625,5356.553726196289,12333.333333333332,2,0.40625,28616.58641052246,3781,1825,3779,4154,3781,3781,3781,3781,0,0,100,0,0,0,0,0,32353087488,8589930496,2996506624,0
199,1786321243701,1006.7448577880859,12333.333333333332,2,0.4125000000000001,901.6944122314453,12333.333333333332,2,0.4125000000000001,7336.6329345703125,12333.333333333332,0,0.4125000000000001,5356.5655517578125,12333.333333333332,0,0.4125000000000001,28619.986740112305,3781,1825,3779,4154,3781,3781,3781,3781,0,0,100,0,0,0,0,4.761904716491699,32353087488,8589930496,2996506624,0
199,1786321243901,1006.7482452392578,12400,2,0.40625,901.7012329101563,12400,0,0.4125000000000001,7338.836364746094,12400,0,0.4125000000000001,5356.572204589844,12400,0,0.4125000000000001,28623.383819580078,3781,1825,3779,4154,3781,3781,3781,3781,0,0,100,0,0,0,0,0,32353087488,8589930496,2996506624,0
199,1786321244101,1006.7515869140625,12400,2,0.4125000000000001,901.7079925537109,12400,0,0.4125000000000001,7341.041000366211,12400,0,0.4125000000000001,5356.57878112793,12400,0,0.4125000000000001,28626.782913208008,3781,1825,3779,4154,3781,3781,3781,3781,0,0,100,0,0,0,0,0,32353087488,8589930496,2996506624,0
199,1786321244301,1006.7549743652344,12400,2,0.40625,901.7147979736328,12400,2,0.40625,7343.248199462891,12400,0,0.40625,5356.585388183594,12400,0,0.40625,28630.181350708008,3781,1825,3779,4154,3781,3781,3781,3781,0,0,100,0,0,0,0,0,32353087488,8589930496,2996506624,0
199,1786321244501,1006.7582855224609,12400,2,0.40625,901.7216033935547,12400,2,0.40625,7345.453796386719,12400,0,0.40625,5356.592193603516,12400,2,0.40625,28633.58041381836,3781,1825,3779,4154,3781,3781,3781,3781,0,0,100,0,0,0,0,0,32353087488,8589930496,2996506624,0
199,1786321244701,1006.7617034912109,12200,2,0.4125000000000001,901.7283782958984,12200,2,0.4125000000000001,7347.668914794922,12200,0,0.4125000000000001,5356.599151611328,12200,2,0.4125000000000001,28636.98405456543,3781,1825,3779,4154,3781,3781,3781,3781,0,0,100,0,0,0,0,0,32353087488,8589930496,2996506624,0
199,1786321244901,1006.7649230957031,12400,2,0.40625,901.7351379394531,12400,2,0.40625,7349.868728637695,12400,0,0.40625,5356.605819702148,12400,2,0.40625,28640.376983642578,3781,1825,3779,4154,3781,3781,3781,3781,0,0,100,0,0,0,0,0,32353087488,8589930496,2996506624,0
199,1786321245101,1006.7682800292969,12466.666666666668,2,0.40625,901.7419891357422,12466.666666666668,2,0.40625,7352.072158813477,12466.666666666668,0,0.40625,5356.613327026367,12466.666666666668,2,0.40625,28643.77328491211,3781,1825,3779,4154,3781,3781,3781,3781,0,0,100,0,0,0,0,0,32353087488,8589930496,2996506624,0
199,1786321245301,1006.7721862792969,12333.333333333332,2,0.40625,901.7528076171875,12333.333333333332,2,0.40625,7354.267990112305,12333.333333333332,0,0.40625,5356.622543334961,12333.333333333332,2,0.40625,28647.177307128906,3781,1825,3779,4154,3781,3781,3781,3781,0,0,100,0,0,0,0,0,32353087488,8589930496,2996506624,0
200,1786321245502,1006.7756042480469,12466.666666666668,2,0.40625,901.7597045898438,12466.666666666668,2,0.40625,7356.467620849609,12466.666666666668,0,0.40625,5356.630081176758,12466.666666666668,2,0.40625,28650.58967590332,3781,1825,3779,4154,3781,3781,3781,3781,0,0,100,0,0,0,0,0,32353087488,8589930496,2996506624,0
0,1786321245702,1006.8444976806641,28800,0,1.475,901.8125152587891,28800,0,1.475,7357.891128540039,300,0,1.475,5356.700088500977,300,0,1.33125,28653.231475830078,3781,1825,3779,4154,3781,3781,3781,3781,4.761904716491699,0,65,9.523809432983398,0,0,0,4.761904716491699,32353087488,8589930496,2756640768,0
