Delta,Time,CORE0_ENERGY (J),CORE0_FREQ (MHZ),CORE0_PSTATE,CORE0_VOLT (V),CORE1_ENERGY (J),CORE1_FREQ (MHZ),CORE1_PSTATE,CORE1_VOLT (V),CORE2_ENERGY (J),CORE2_FREQ (MHZ),CORE2_PSTATE,CORE2_VOLT (V),CORE3_ENERGY (J),CORE3_FREQ (MHZ),CORE3_PSTATE,CORE3_VOLT (V),CPU_ENERGY (J),CPU_FREQUENCY_0,CPU_FREQUENCY_1,CPU_FREQUENCY_2,CPU_FREQUENCY_3,CPU_FREQUENCY_4,CPU_FREQUENCY_5,CPU_FREQUENCY_6,CPU_FREQUENCY_7,CPU_USAGE_0,CPU_USAGE_1,CPU_USAGE_2,CPU_USAGE_3,CPU_USAGE_4,CPU_USAGE_5,CPU_USAGE_6,CPU_USAGE_7,TOTAL_MEMORY,TOTAL_SWAP,USED_MEMORY,USED_SWAP
0,1786321305996,1007.1252746582031,300,2,0.73125,902.1645660400391,300,0,0.73125,7358.388763427734,300,0,0.73125,5357.668807983398,300,2,0.73125,28817.630859375,605,605,5151,2536,605,605,605,605,0,3.5714287757873535,0,7.142857551574707,0,3.5714287757873535,7.142857551574707,3.5714287757873535,32353087488,8589930496,2757484544,0
200,1786321305996,1007.1252746582031,300,2,0.73125,902.1645660400391,300,0,0.73125,7358.388763427734,300,0,0.73125,5357.668807983398,300,2,0.73125,28817.630859375,605,605,5151,2536,605,605,605,605,0,3.5714287757873535,0,7.142857551574707,0,3.5714287757873535,7.142857551574707,3.5714287757873535,32353087488,8589930496,2757484544,0
199,1786321306196,1007.252197265625,15800,2,0.3062499999999999,902.2878723144531,15800,2,0.3062499999999999,7358.574020385742,15800,0,0.3062499999999999,5359.712692260742,15800,0,0.3062499999999999,28821.32862854004,605,605,5151,2536,605,605,605,605,5,0,9.523809432983398,0,5,0,5,73.68421173095703,32353087488,8589930496,2923192320,0
199,1786321306396,1007.2593383789063,15466.666666666666,2,0.3125,902.3018341064453,15466.666666666666,2,0.3125,7358.587905883789,15466.666666666666,0,0.3125,5362.464538574219,15466.666666666666,0,0.3125,28825.529373168945,605,605,5151,2536,605,605,605,605,0,0,0,5,0,0,0,100,32353087488,8589930496,2923192320,0
199,1786321306596,1007.2658233642578,15666.666666666666,2,0.3125,902.3083648681641,15666.666666666666,2,0.3125,7358.595367431641,15666.666666666666,2,0.3125,5365.222885131836,15666.666666666666,0,0.3125,28829.729293823242,605,605,5151,2536,605,605,605,605,0,0,0,0,0,0,0,100,32353087488,8589930496,2923192320,0
199,1786321306796,1007.2722930908203,15400,2,0.3125,902.3147735595703,15400,2,0.3125,7358.602645874023,15400,2,0.3125,5367.988342285156,15400,0,0.3125,28833.929962158203,605,605,5151,2536,605,605,605,605,0,0,0,0,0,0,0,100,32353087488,8589930496,2923192320,0
199,1786321306996,1007.2791137695313,15666.666666666666,2,0.3125,902.3218383789063,15666.666666666666,2,0.3125,7358.614593505859,15666.666666666666,2,0.3125,5370.741485595703,15666.666666666666,0,0.3125,28838.12921142578,605,605,5151,2536,605,605,605,605,0,0,0,0,0,0,4.761904716491699,100,32353087488,8589930496,2923192320,0
199,1786321307196,1007.2855529785156,15533.333333333334,2,0.3125,902.328125,15533.333333333334,2,0.3125,7358.622406005859,15533.333333333334,2,0.3125,5373.498397827148,15533.333333333334,0,0.3125,28842.329498291016,605,605,5151,2536,605,605,605,605,0,0,0,0,0,0,0,100,32353087488,8589930496,2923376640,0
199,1786321307397,1007.2931213378906,15600,2,0.3062499999999999,902.3857727050781,15600,2,0.3062499999999999,7358.630599975586,15600,2,0.3062499999999999,5376.232711791992,15600,0,0.3062499999999999,28846.5499420166,605,605,5151,2536,605,605,605,605,0,5,0,0,0,0,0,100,32353087488,8589930496,2923376640,0
199,1786321307597,1007.3011627197266,15533.333333333334,2,0.3125,902.3937072753906,15533.333333333334,2,0.3125,7358.6390380859375,15533.333333333334,2,0.3125,5378.9605712890625,15533.333333333334,0,0.3125,28850.729553222656,605,605,5151,2536,605,605,605,605,0,0,0,0,0,0,0,100,32353087488,8589930496,2931449856,0
199,1786321307797,1007.3078765869141,15466.666666666666,2,0.31874999999999987,902.400146484375,15466.666666666666,2,0.31874999999999987,7358.64599609375,15466.666666666666,2,0.31874999999999987,5381.724609375,15466.666666666666,0,0.31874999999999987,28854.929718017578,605,605,5151,2536,605,605,605,605,0,0,4.761904716491699,0,0,0,0,100,32353087488,8589930496,2931449856,0
199,1786321307997,1007.3143920898438,15666.666666666666,2,0.3125,902.4064788818359,15666.666666666666,2,0.3125,7358.654861450195,15666.666666666666,2,0.3125,5384.486068725586,15666.666666666666,0,0.3125,28859.128631591797,605,605,5151,2536,605,605,605,605,0,0,0,0,0,0,0,100,32353087488,8589930496,2931449856,0
199,1786321308197,1007.3219146728516,15533.333333333334,2,0.31874999999999987,902.4141235351563,15533.333333333334,2,0.31874999999999987,7358.662246704102,15533.333333333334,2,0.3125,5387.2391357421875,15533.333333333334,0,0.31874999999999987,28863.32925415039,605,605,5151,2536,605,605,605,605,0,4.761904716491699,0,0,0,0,0,100,32353087488,8589930496,2931634176,0
199,1786321308397,1007.3288269042969,15533.333333333334,2,0.3125,902.4208526611328,15466.666666666666,0,0.3125,7358.671966552734,15466.666666666666,0,0.3125,5389.992721557617,15466.666666666666,0,0.3125,28867.529495239258,605,605,5151,2536,605,605,605,605,0,0,0,0,0,0,0,100,32353087488,8589930496,2931634176,0
199,1786321308597,1007.3353576660156,15266.666666666666,2,0.31874999999999987,902.4272155761719,15266.666666666666,2,0.31874999999999987,7358.678665161133,15266.666666666666,0,0.31874999999999987,5392.738128662109,15266.666666666666,0,0.31874999999999987,28871.730209350586,605,605,5151,2536,605,605,605,605,0,0,0,0,0,0,0,100,32353087488,8589930496,2931634176,0
199,1786321308797,1007.3428649902344,15400,2,0.3125,902.4341430664063,15400,2,0.3125,7358.686599731445,15400,2,0.3125,5395.481781005859,15400,0,0.3125,28875.929489135742,605,605,5151,2536,605,605,605,605,0,0,0,0,0,0,0,100,32353087488,8589930496,2931634176,0
199,1786321308997,1007.3494720458984,15666.666666666666,2,0.3125,902.4404907226563,15666.666666666666,2,0.3125,7358.695816040039,15666.666666666666,2,0.3125,5398.231430053711,15666.666666666666,0,0.3125,28880.12890625,605,605,5151,2536,605,605,605,605,0,0,0,0,0,0,0,100,32353087488,8589930496,2939707392,0
199,1786321309197,1007.3558197021484,15533.333333333334,2,0.3125,902.4468536376953,15533.333333333334,2,0.3125,7358.702987670898,15533.333333333334,2,0.3125,5400.990966796875,15533.333333333334,0,0.3125,28884.328872680664,605,605,5151,2536,605,605,605,605,0,0,0,0,0,0,0,100,32353087488,8589930496,2939891712,0
199,1786321309397,1007.3640899658203,15666.666666666666,2,0.3125,902.4751586914063,15666.666666666666,2,0.3125,7358.721969604492,15666.666666666666,2,0.3125,5403.714340209961,15666.666666666666,0,0.3125,28888.528869628906,605,605,5151,2536,605,605,605,605,0,0,0,0,0,0,0,100,32353087488,8589930496,2939891712,0
199,1786321309598,1007.3706665039063,15466.666666666666,2,0.3125,902.4815368652344,15466.666666666666,2,0.3125,7358.730545043945,15466.666666666666,2,0.3125,5406.472579956055,15466.666666666666,0,0.3125,28892.729125976563,605,605,5151,2536,605,605,605,605,0,0,0,0,0,0,0,100,32353087488,8589930496,2939891712,0
199,1786321309798,1007.3770904541016,15466.666666666666,2,0.3125,902.4878845214844,15466.666666666666,2,0.3125,7358.7376708984375,15466.666666666666,2,0.3125,5409.228286743164,15466.666666666666,0,0.3125,28896.92951965332,605,605,5151,2536,605,605,605,605,0,0,0,0,0,0,0,100,32353087488,8589930496,2939891712,0
199,1786321309998,1007.3848724365234,15400,2,0.3125,902.4947052001953,15400,2,0.3125,7358.746429443359,15400,2,0.3125,5411.989334106445,15400,0,0.3125,28901.15069580078,605,605,5151,2536,605,605,605,605,0,0,0,0,4.761904716491699,0,0,100,32353087488,8589930496,2939891712,0
199,1786321310198,1007.3913726806641,15466.666666666666,2,0.3125,902.5010528564453,15466.666666666666,2,0.3125,7358.75325012207,15466.666666666666,2,0.3125,5414.743392944336,15466.666666666666,0,0.3125,28905.350189208984,605,605,5151,2536,605,605,605,605,0,0,0,0,0,0,0,100,32353087488,8589930496,2939891712,0
199,1786321310398,1007.3980560302734,15666.666666666666,2,0.3062499999999999,902.5080718994141,15666.666666666666,2,0.3062499999999999,7358.761077880859,15666.666666666666,2,0.3062499999999999,5417.49137878418,15666.666666666666,0,0.3062499999999999,28909.549438476563,605,605,5151,2536,605,605,605,605,0,0,0,0,0,0,0,100,32353087488,8589930496,2947964928,0
199,1786321310598,1007.4055328369141,15466.666666666666,2,0.31874999999999987,902.5148010253906,15400,0,0.31874999999999987,7358.771484375,15400,0,0.31874999999999987,5420.2335205078125,15400,0,0.31874999999999987,28913.750122070313,605,605,5151,2536,605,605,605,605,0,0,0,0,0,0,0,100,32353087488,8589930496,2947964928,0
199,1786321310798,1007.412109375,15466.666666666666,2,0.3125,902.5211181640625,15466.666666666666,2,0.3125,7358.77815246582,15466.666666666666,2,0.3125,5422.989501953125,15600,0,0.3125,28917.950134277344,605,605,5151,2536,605,605,605,605,0,0,0,0,0,0,0,100,32353087488,8589930496,2947964928,0
199,1786321310998,1007.4186096191406,15400,2,0.31874999999999987,902.5274353027344,15400,2,0.31874999999999987,7358.786926269531,15400,0,0.31874999999999987,5425.741561889648,15400,0,0.31874999999999987,28922.150604248047,605,605,5151,2536,605,605,605,605,0,0,0,0,0,0,0,100,32353087488,8589930496,2947964928,0
199,1786321311198,1007.4261474609375,15533.333333333334,2,0.3125,902.5342712402344,15533.333333333334,2,0.3125,7358.79948425293,15533.333333333334,2,0.3125,5428.480117797852,15533.333333333334,0,0.3125,28926.349533081055,605,605,5151,2536,605,605,605,605,0,0,0,4.761904716491699,0,0,0,100,32353087488,8589930496,2948149248,0
199,1786321311398,1007.4328460693359,15533.333333333334,2,0.3125,902.5408172607422,15533.333333333334,2,0.3125,7358.807022094727,15533.333333333334,2,0.3125,5431.2244873046875,15533.333333333334,0,0.3125,28930.549758911133,605,605,5151,2536,605,605,605,605,0,0,0,0,0,0,0,100,32353087488,8589930496,2948149248,0
199,1786321311598,1007.4393768310547,15400,2,0.31874999999999987,902.5472869873047,15400,2,0.31874999999999987,7358.81657409668,15400,2,0.31874999999999987,5433.9693603515625,15400,0,0.31874999999999987,28934.750549316406,605,605,5151,2536,605,605,605,605,0,0,0,0,0,0,0,100,32353087488,8589930496,2948149248,0
199,1786321311799,1007.4466247558594,15400,2,0.3125,902.553955078125,15400,2,0.3125,7358.827606201172,15400,2,0.3125,5436.707260131836,15400,0,0.3125,28938.950088500977,605,605,5151,2536,605,605,605,605,0,0,0,0,0,0,0,100,32353087488,8589930496,2956222464,0
199,1786321311999,1007.4531097412109,15466.666666666666,2,0.3125,902.560302734375,15466.666666666666,2,0.3125,7358.837600708008,15466.666666666666,2,0.3125,5439.461181640625,15466.666666666666,0,0.3125,28943.150192260742,605,605,5151,2536,605,605,605,605,0,0,0,0,0,0,0,100,32353087488,8589930496,2956222464,0
199,1786321312199,1007.4595489501953,15400,2,0.31874999999999987,902.5666656494141,15400,2,0.31874999999999987,7358.844314575195,15400,2,0.31874999999999987,5442.232940673828,15400,0,0.31874999999999987,28947.371627807617,605,605,5151,2536,605,605,605,605,0,0,0,0,0,0,0,100,32353087488,8589930496,2956406784,0
199,1786321312399,1007.4669647216797,15466.666666666666,2,0.3125,902.5742034912109,15466.666666666666,2,0.3125,7358.864761352539,15466.666666666666,2,0.3125,5444.971008300781,15466.666666666666,0,0.3125,28951.57110595703,605,605,5151,2536,605,605,605,605,0,0,5,0,0,0,0,100,32353087488,8589930496,2956406784,0
199,1786321312599,1007.4734802246094,15333.333333333334,2,0.31874999999999987,902.5805511474609,15333.333333333334,2,0.31874999999999987,7358.871887207031,15333.333333333334,2,0.31874999999999987,5447.72785949707,15333.333333333334,0,0.31874999999999987,28955.771942138672,605,605,5151,2536,605,605,605,605,0,0,0,0,0,0,0,100,32353087488,8589930496,2956406784,0
199,1786321312799,1007.4798431396484,15400,2,0.3125,902.5868988037109,15400,2,0.3125,7358.878692626953,15400,2,0.3125,5450.479721069336,15400,0,0.3125,28959.971633911133,605,605,5151,2536,605,605,605,605,0,0,0,0,0,0,0,100,32353087488,8589930496,2956406784,0
199,1786321312999,1007.4870300292969,15333.333333333334,2,0.31874999999999987,902.5935668945313,15200,0,0.31874999999999987,7358.8873291015625,15200,0,0.31874999999999987,5453.22184753418,15200,0,0.31874999999999987,28964.172103881836,605,605,5151,2536,605,605,605,605,0,0,4.761904716491699,0,0,0,0,100,32353087488,8589930496,2956406784,0
199,1786321313199,1007.4934387207031,15800,2,0.3062499999999999,902.5998687744141,15800,0,0.3062499999999999,7358.896286010742,15800,0,0.3062499999999999,5455.97004699707,15800,0,0.3062499999999999,28968.369033813477,605,605,5151,2536,605,605,605,605,0,0,0,0,0,0,0,100,32353087488,8589930496,2964480000,0
199,1786321313399,1007.5053100585938,15400,2,0.31874999999999987,902.6074371337891,15400,2,0.31874999999999987,7358.908721923828,15400,2,0.31874999999999987,5458.6995849609375,15400,0,0.31874999999999987,28972.57160949707,605,605,5151,2536,605,605,605,605,4.761904716491699,0,0,0,5,0,0,100,32353087488,8589930496,2964471808,0
199,1786321313599,1007.5105895996094,13000,2,0.38749999999999996,902.6125640869141,13000,2,0.38749999999999996,7358.921249389648,13000,2,0.38749999999999996,5461.090347290039,13000,0,0.38749999999999996,28976.252731323242,605,605,5151,2536,605,605,605,605,0,0,0,5,0,0,0,95,32353087488,8589930496,2964656128,0
199,1786321313800,1007.5139770507813,13000,2,0.39375000000000004,902.61572265625,13000,2,0.39375000000000004,7358.9290771484375,13000,2,0.39375000000000004,5463.359481811523,13000,0,0.39375000000000004,28979.741439819336,605,605,5151,2536,605,605,605,605,0,0,0,100,0,0,0,0,32353087488,8589930496,2964656128,0
199,1786321314000,1007.517333984375,12866.666666666666,2,0.3999999999999999,902.6189727783203,12866.666666666666,2,0.3999999999999999,7358.935546875,12866.666666666666,2,0.3999999999999999,5465.61848449707,12866.666666666666,0,0.3999999999999999,28983.209213256836,605,605,5151,2536,605,605,605,605,0,0,0,100,0,0,0,0,32353087488,8589930496,2964656128,0
199,1786321314200,1007.5214691162109,12733.333333333332,2,0.3999999999999999,902.6226501464844,12733.333333333332,2,0.3999999999999999,7358.944732666016,12733.333333333332,2,0.3999999999999999,5467.868423461914,12733.333333333332,0,0.3999999999999999,28986.677642822266,605,605,5151,2536,605,605,605,605,0,0,0,100,0,0,0,0,32353087488,8589930496,2964656128,0
199,1786321314400,1007.525146484375,12733.333333333332,2,0.3999999999999999,902.6265106201172,12733.333333333332,2,0.3999999999999999,7358.9541015625,12733.333333333332,2,0.3999999999999999,5470.102996826172,12733.333333333332,0,0.3999999999999999,28990.111114501953,605,605,5151,2536,605,605,605,605,0,0,0,100,0,0,0,0,32353087488,8589930496,2966450176,0
199,1786321314600,1007.5286102294922,12666.666666666668,2,0.3999999999999999,902.6299133300781,12666.666666666668,2,0.3999999999999999,7358.9627685546875,12666.666666666668,2,0.3999999999999999,5472.336120605469,12666.666666666668,0,0.3999999999999999,28993.537551879883,605,605,5151,2536,605,605,605,605,0,0,0,100,0,0,0,0,32353087488,8589930496,2968244224,0
199,1786321314800,1007.5326232910156,12666.666666666668,2,0.3999999999999999,902.6333618164063,12666.666666666668,2,0.3999999999999999,7358.969268798828,12666.666666666668,2,0.3999999999999999,5474.559143066406,12666.666666666668,0,0.3999999999999999,28996.955307006836,605,605,5151,2536,605,605,605,605,0,0,0,100,0,0,0,0,32353087488,8589930496,2968244224,0
199,1786321315000,1007.5360107421875,12600,2,0.3999999999999999,902.6366119384766,12600,2,0.3999999999999999,7358.976669311523,12600,2,0.3999999999999999,5476.786422729492,12600,0,0.3999999999999999,29000.369873046875,605,605,5151,2536,605,605,605,605,0,0,0,100,0,0,0,0,32353087488,8589930496,2972430336,0
199,1786321315200,1007.5393676757813,12733.333333333332,2,0.3999999999999999,902.6398620605469,12733.333333333332,2,0.3999999999999999,7358.9844970703125,12733.333333333332,2,0.3999999999999999,5479.015365600586,12733.333333333332,0,0.3999999999999999,29003.7765045166,605,605,5151,2536,605,605,605,605,0,0,0,100,0,0,0,0,32353087488,8589930496,2972655616,0
199,1786321315400,1007.5439453125,12600,2,0.3999999999999999,902.6435089111328,12600,0,0.3999999999999999,7358.990219116211,12600,0,0.3999999999999999,5481.227035522461,12600,0,0.3999999999999999,29007.185668945313,605,605,5151,2536,605,605,605,605,0,0,0,100,0,0,0,0,32353087488,8589930496,2972655616,0
199,1786321315600,1007.5475311279297,12600,2,0.3999999999999999,902.6469879150391,12600,2,0.3999999999999999,7358.995849609375,12600,0,0.3999999999999999,5483.445648193359,12600,0,0.3999999999999999,29010.589752197266,605,605,5151,2536,605,605,605,605,0,0,0,100,0,0,0,0,32353087488,8589930496,2980728832,0
199,1786321315800,1007.5509033203125,12600,2,0.3999999999999999,902.6501770019531,12600,2,0.3999999999999999,7359.003448486328,12600,2,0.3999999999999999,5485.6646728515625,12600,0,0.3999999999999999,29013.994262695313,605,605,5151,2536,605,605,605,605,0,0,0,100,0,0,0,0,32353087488,8589930496,2980728832,0
199,1786321316001,1007.5547943115234,12600,2,0.40625,902.6541442871094,12600,2,0.40625,7359.010665893555,12600,2,0.40625,5487.881591796875,12600,0,0.40625,29017.397232055664,605,605,5151,2536,605,605,605,605,0,0,4.761904716491699,100,0,0,0,0,32353087488,8589930496,2980728832,0
199,1786321316201,1007.5584564208984,12600,2,0.40625,902.6573791503906,12600,2,0.40625,7359.016387939453,12600,2,0.40625,5490.099090576172,12600,0,0.40625,29020.79849243164,605,605,5151,2536,605,605,605,605,0,0,0,100,0,0,0,0,32353087488,8589930496,2980913152,0
199,1786321316401,1007.5619812011719,12533.333333333332,2,0.40625,902.6606597900391,12533.333333333332,2,0.40625,7359.022964477539,12533.333333333332,2,0.40625,5492.313659667969,12533.333333333332,0,0.40625,29024.199157714844,605,605,5151,2536,605,605,605,605,0,0,0,100,0,0,0,0,32353087488,8589930496,2980913152,0
199,1786321316601,1007.5658416748047,12666.666666666668,2,0.40625,902.6649169921875,12666.666666666668,2,0.40625,7359.029693603516,12666.666666666668,2,0.40625,5494.530853271484,12666.666666666668,0,0.40625,29027.613967895508,605,605,5151,2536,605,605,605,605,0,0,0,100,0,0,0,0,32353087488,8589930496,2980913152,0
199,1786321316801,1007.5692596435547,12533.333333333332,2,0.40625,902.6681671142578,12533.333333333332,2,0.40625,7359.0362548828125,12533.333333333332,2,0.40625,5496.741989135742,12533.333333333332,0,0.40625,29031.015548706055,605,605,5151,2536,605,605,605,605,0,0,0,100,0,0,0,0,32353087488,8589930496,2980913152,0
199,1786321317001,1007.572509765625,12533.333333333332,2,0.3999999999999999,902.6714019775391,12533.333333333332,2,0.3999999999999999,7359.041290283203,12533.333333333332,2,0.3999999999999999,5498.955093383789,12533.333333333332,0,0.3999999999999999,29034.41505432129,605,605,5151,2536,605,605,605,605,0,0,0,100,0,0,0,0,32353087488,8589930496,2980913152,0
199,1786321317201,1007.5758056640625,12600,2,0.40625,902.6746826171875,12600,2,0.40625,7359.046310424805,12600,2,0.40625,5501.169982910156,12600,0,0.40625,29037.81430053711,605,605,5151,2536,605,605,605,605,0,0,0,100,0,0,0,0,32353087488,8589930496,2989170688,0
199,1786321317401,1007.5804138183594,12533.333333333332,2,0.4125000000000001,902.685791015625,12533.333333333332,2,0.40625,7359.055862426758,12533.333333333332,0,0.40625,5503.361236572266,12533.333333333332,0,0.40625,29041.213180541992,605,605,5151,2536,605,605,605,605,0,0,0,100,0,0,0,0,32353087488,8589930496,2989170688,0
199,1786321317601,1007.5840454101563,12533.333333333332,2,0.40625,902.6894989013672,12533.333333333332,0,0.40625,7359.063507080078,12533.333333333332,0,0.40625,5505.566864013672,12533.333333333332,0,0.40625,29044.612548828125,605,605,5151,2536,605,605,605,605,0,0,0,100,0,0,0,0,32353087488,8589930496,2989170688,0
199,1786321317801,1007.5875701904297,12600,2,0.3999999999999999,902.6929473876953,12600,0,0.40625,7359.068450927734,12600,0,0.40625,5507.780303955078,12600,0,0.40625,29048.01187133789,605,605,5151,2536,605,605,605,605,0,0,0,100,0,0,0,0,32353087488,8589930496,2989170688,0
199,1786321318001,1007.5908355712891,12533.333333333332,2,0.40625,902.6960601806641,12533.333333333332,2,0.40625,7359.073638916016,12533.333333333332,0,0.40625,5509.996032714844,12533.333333333332,0,0.40625,29051.411239624023,605,605,5151,2536,605,605,605,605,0,0,0,100,0,0,0,0,32353087488,8589930496,2989170688,0
199,1786321318202,1007.5941467285156,12600,2,0.3999999999999999,902.6992950439453,12600,2,0.3999999999999999,7359.08056640625,12600,2,0.3999999999999999,5512.2110595703125,12600,0,0.3999999999999999,29054.80921936035,605,605,5151,2536,605,605,605,605,0,0,0,100,0,0,0,0,32353087488,8589930496,2989170688,0
199,1786321318402,1007.5977478027344,12533.333333333332,2,0.40625,902.7030334472656,12533.333333333332,2,0.40625,7359.088119506836,12533.333333333332,2,0.40625,5514.424057006836,12533.333333333332,0,0.40625,29058.208953857422,605,605,5151,2536,605,605,605,605,0,0,0,100,0,0,0,0,32353087488,8589930496,2989170688,0
199,1786321318602,1007.6012725830078,12533.333333333332,2,0.40625,902.7065887451172,12533.333333333332,2,0.40625,7359.095169067383,12533.333333333332,2,0.40625,5516.631271362305,12533.333333333332,0,0.40625,29061.608337402344,605,605,5151,2536,605,605,605,605,0,0,0,100,0,0,0,0,32353087488,8589930496,2997243904,0
199,1786321318802,1007.6046905517578,12533.333333333332,2,0.4125000000000001,902.7098236083984,12533.333333333332,2,0.4125000000000001,7359.101364135742,12533.333333333332,2,0.4125000000000001,5518.845947265625,12533.333333333332,0,0.4125000000000001,29065.007217407227,605,605,5151,2536,605,605,605,605,0,0,0,100,0,0,0,0,32353087488,8589930496,2997243904,0
199,1786321319002,1007.6080017089844,12600,2,0.3999999999999999,902.7131042480469,12600,2,0.3999999999999999,7359.1070556640625,12600,2,0.3999999999999999,5521.059234619141,12600,0,0.3999999999999999,29068.405502319336,605,605,5151,2536,605,605,605,605,0,0,0,100,0,0,0,0,32353087488,8589930496,2997243904,0
199,1786321319202,1007.7824249267578,13466.666666666666,2,0.3812500000000001,902.8858337402344,13466.666666666666,2,0.3812500000000001,7360.067794799805,13466.666666666666,0,0.3812500000000001,5522.031295776367,13466.666666666666,2,0.3812500000000001,29071.79312133789,605,605,5151,2536,605,605,605,605,0,9.523809432983398,42.85714340209961,45.45454788208008,5.263157844543457,5,0,9.523809432983398,32353087488,8589930496,2939625472,0
199,1786321319402,1007.8013458251953,12666.666666666668,2,0.3999999999999999,902.8900146484375,12666.666666666668,2,0.3999999999999999,7362.237945556641,12666.666666666668,0,0.3999999999999999,5522.088531494141,12666.666666666668,2,0.3999999999999999,29075.212432861328,605,605,5151,2536,605,605,605,605,4.761904716491699,0,100,5,0,0,0,0,32353087488,8589930496,2947698688,0
199,1786321319602,1007.8057861328125,12600,2,0.40625,902.8940277099609,12600,2,0.40625,7364.44367980957,12600,0,0.40625,5522.094970703125,12600,2,0.40625,29078.628509521484,605,605,5151,2536,605,605,605,605,0,0,100,0,0,0,0,0,32353087488,8589930496,2947698688,0
199,1786321319802,1007.8092498779297,12666.666666666668,2,0.40625,902.897705078125,12666.666666666668,2,0.40625,7366.658981323242,12666.666666666668,0,0.40625,5522.100967407227,12666.666666666668,2,0.40625,29082.02540588379,605,605,5151,2536,605,605,605,605,0,0,100,0,0,0,0,0,32353087488,8589930496,2947698688,0
199,1786321320002,1007.8127136230469,12533.333333333332,2,0.40625,902.9013824462891,12533.333333333332,2,0.40625,7368.854949951172,12533.333333333332,0,0.40625,5522.108016967773,12533.333333333332,0,0.40625,29085.407943725586,605,605,5151,2536,605,605,605,605,0,0,100,0,0,0,0,0,32353087488,8589930496,2947698688,0
199,1786321320202,1007.8184661865234,12666.666666666668,2,0.40625,902.9049530029297,12666.666666666668,2,0.40625,7371.065628051758,12666.666666666668,0,0.40625,5522.114364624023,12666.666666666668,2,0.40625,29088.820587158203,605,605,5151,2536,605,605,605,605,0,0,100,0,0,0,4.761904716491699,0,32353087488,8589930496,2947989504,0
199,1786321320402,1007.8226013183594,12600,2,0.40625,902.9091033935547,12600,2,0.40625,7373.255523681641,12600,0,0.40625,5522.120834350586,12600,2,0.40625,29092.21908569336,605,605,5151,2536,605,605,605,605,0,0,100,0,0,0,0,0,32353087488,8589930496,2946609152,0
199,1786321320603,1007.8262329101563,12600,2,0.40625,902.9135284423828,12600,2,0.40625,7375.456726074219,12600,0,0.40625,5522.126861572266,12600,2,0.40625,29095.61781311035,605,605,5151,2536,605,605,605,605,0,0,100,0,0,0,0,0,32353087488,8589930496,2946609152,0
199,1786321320803,1007.8297576904297,12600,2,0.40625,902.9178161621094,12600,2,0.40625,7377.660461425781,12600,0,0.40625,5522.132888793945,12600,2,0.40625,29099.01741027832,605,605,5151,2536,605,605,605,605,0,0,100,0,4.761904716491699,0,4.761904716491699,0,32353087488,8589930496,2954682368,0
199,1786321321003,1007.8332061767578,12600,2,0.40625,902.9211120605469,12600,2,0.40625,7379.86882019043,12600,0,0.40625,5522.138900756836,12600,2,0.40625,29102.41683959961,605,605,5151,2536,605,605,605,605,0,0,0,0,0,0,100,0,32353087488,8589930496,2955464704,0
199,1786321321203,1007.8435668945313,12666.666666666668,2,0.3999999999999999,902.9267883300781,12666.666666666668,2,0.3999999999999999,7382.054244995117,12666.666666666668,0,0.3999999999999999,5522.1453857421875,12666.666666666668,2,0.3999999999999999,29105.81378173828,605,605,5151,2536,605,605,605,605,0,0,0,0,0,0,100,0,32353087488,8589930496,2954530816,0
199,1786321321403,1007.8519287109375,12600,2,0.40625,902.9427947998047,12600,2,0.40625,7384.22216796875,12600,0,0.40625,5522.157272338867,12600,2,0.40625,29109.213912963867,605,605,5151,2536,605,605,605,605,0,5,100,0,0,0,0,0,32353087488,8589930496,2949705728,0
199,1786321321603,1007.8553924560547,12666.666666666668,2,0.40625,902.9466552734375,12666.666666666668,2,0.40625,7386.429229736328,12666.666666666668,0,0.40625,5522.16340637207,12666.666666666668,2,0.40625,29112.611694335938,605,605,5151,2536,605,605,605,605,0,0,100,0,0,0,0,0,32353087488,8589930496,2949705728,0
199,1786321321803,1007.8587341308594,12600,2,0.40625,902.9506988525391,12600,2,0.40625,7388.637268066406,12600,0,0.40625,5522.169708251953,12600,2,0.40625,29116.02815246582,605,605,5151,2536,605,605,605,605,0,0,100,0,0,0,0,0,32353087488,8589930496,2949705728,0
199,1786321322003,1007.862060546875,12600,2,0.40625,902.95556640625,12600,2,0.40625,7390.854354858398,12600,0,0.40625,5522.175857543945,12600,2,0.40625,29119.427337646484,605,605,5151,2536,605,605,605,605,0,0,100,0,0,0,0,0,32353087488,8589930496,2949705728,0
199,1786321322203,1007.8653717041016,12600,2,0.40625,902.9602508544922,12600,2,0.40625,7393.063766479492,12600,0,0.40625,5522.182067871094,12600,2,0.40625,29122.826248168945,605,605,5151,2536,605,605,605,605,0,0,100,0,0,0,0,0,32353087488,8589930496,2949705728,0
199,1786321322403,1007.8693695068359,12600,2,0.4125000000000001,902.966064453125,12600,0,0.4125000000000001,7395.263961791992,12600,0,0.4125000000000001,5522.188720703125,12600,2,0.4125000000000001,29126.224319458008,605,605,5151,2536,605,605,605,605,0,0,100,0,0,0,0,0,32353087488,8589930496,2947178496,0
199,1786321322603,1007.8729858398438,12533.333333333332,0,0.4125000000000001,902.9701538085938,12533.333333333332,2,0.4125000000000001,7397.46647644043,12533.333333333332,0,0.4125000000000001,5522.195617675781,12533.333333333332,0,0.4125000000000001,29129.624099731445,605,605,5151,2536,605,605,605,605,0,0,100,0,0,0,0,0,32353087488,8589930496,2950168576,0
199,1786321322804,1007.8764038085938,12600,0,0.40625,902.973388671875,12600,2,0.40625,7399.666809082031,12600,0,0.40625,5522.204925537109,12600,0,0.40625,29133.021728515625,605,605,5151,2536,605,605,605,605,0,0,100,0,0,0,0,0,32353087488,8589930496,2950168576,0
199,1786321323004,1007.8797760009766,12600,2,0.3999999999999999,902.9766998291016,12600,2,0.3999999999999999,7401.872589111328,12600,0,0.3999999999999999,5522.211273193359,12600,0,0.3999999999999999,29136.419830322266,605,605,5151,2536,605,605,605,605,0,0,100,4.761904716491699,0,0,0,0,32353087488,8589930496,2954354688,0
199,1786321323204,1007.8831939697266,12600,2,0.40625,902.9801025390625,12600,2,0.40625,7404.078338623047,12600,0,0.40625,5522.2176513671875,12600,2,0.40625,29139.81916809082,605,605,5151,2536,605,605,605,605,0,0,100,0,0,0,0,0,32353087488,8589930496,2951962624,0
199,1786321323404,1007.8869018554688,12600,2,0.40625,902.9835052490234,12600,2,0.40625,7406.283187866211,12600,0,0.40625,5522.225570678711,12600,2,0.40625,29143.21824645996,605,605,5151,2536,605,605,605,605,0,0,100,0,0,0,0,0,32353087488,8589930496,2951962624,0
199,1786321323604,1007.8903656005859,12600,2,0.3999999999999999,902.9871673583984,12600,2,0.3999999999999999,7408.485549926758,12600,0,0.3999999999999999,5522.233657836914,12600,2,0.3999999999999999,29146.6163482666,605,605,5151,2536,605,605,605,605,0,0,100,0,0,0,0,0,32353087488,8589930496,2951962624,0
199,1786321323804,1007.8938140869141,12600,2,0.40625,902.9907531738281,12600,2,0.40625,7410.684265136719,12600,0,0.40625,5522.24089050293,12600,2,0.40625,29150.015716552734,605,605,5151,2536,605,605,605,605,0,0,100,0,0,0,0,0,32353087488,8589930496,2960035840,0
199,1786321324004,1007.8971710205078,12600,2,0.40625,902.9939727783203,12600,2,0.40625,7412.884552001953,12600,0,0.40625,5522.248123168945,12600,2,0.40625,29153.431533813477,605,605,5151,2536,605,605,605,605,0,0,100,0,0,0,0,0,32353087488,8589930496,2960035840,0
199,1786321324204,1007.9057312011719,12533.333333333332,2,0.40625,902.9972686767578,12533.333333333332,2,0.40625,7415.095443725586,12533.333333333332,0,0.40625,5522.255752563477,12533.333333333332,2,0.40625,29156.832443237305,605,605,5151,2536,605,605,605,605,0,0,100,0,0,0,0,0,32353087488,8589930496,2960220160,0
199,1786321324404,1007.9095458984375,12666.666666666668,2,0.4125000000000001,903.0007629394531,12666.666666666668,2,0.4125000000000001,7417.297256469727,12666.666666666668,0,0.4125000000000001,5522.2637939453125,12666.666666666668,2,0.4125000000000001,29160.228408813477,605,605,5151,2536,605,605,605,605,0,0,100,0,0,0,0,0,32353087488,8589930496,2960220160,0
199,1786321324604,1007.9129333496094,12533.333333333332,2,0.40625,903.0042419433594,12533.333333333332,2,0.40625,7419.501510620117,12533.333333333332,0,0.40625,5522.272064208984,12533.333333333332,2,0.40625,29163.629837036133,605,605,5151,2536,605,605,605,605,0,0,100,0,0,0,0,0,32353087488,8589930496,2960220160,0
199,1786321324805,1007.9174652099609,12466.666666666668,0,0.40625,903.0078125,12466.666666666668,2,0.40625,7421.706527709961,12466.666666666668,0,0.40625,5522.278366088867,12466.666666666668,2,0.40625,29167.03089904785,605,605,5151,2536,605,605,605,605,0,0,100,0,0,0,0,0,32353087488,8589930496,2958082048,0
199,1786321325005,1007.9211578369141,12400,0,0.40625,903.0114898681641,12400,2,0.40625,7423.905670166016,12400,0,0.40625,5522.285537719727,12400,0,0.40625,29170.430465698242,605,605,5151,2536,605,605,605,605,0,0,100,0,0,0,0,0,32353087488,8589930496,2957824000,0
199,1786321325205,1007.9245452880859,12533.333333333332,2,0.40625,903.0149536132813,12533.333333333332,2,0.40625,7426.106018066406,12533.333333333332,0,0.40625,5522.29362487793,12533.333333333332,0,0.40625,29173.825485229492,605,605,5151,2536,605,605,605,605,0,0,100,0,0,0,0,0,32353087488,8589930496,2965897216,0
199,1786321325405,1007.9283294677734,12600,2,0.40625,903.0242462158203,12600,2,0.40625,7428.301193237305,12600,0,0.40625,5522.300430297852,12600,2,0.40625,29177.223724365234,605,605,5151,2536,605,605,605,605,0,0,100,0,0,0,0,0,32353087488,8589930496,2965897216,0
199,1786321325605,1007.9317779541016,12600,2,0.40625,903.0281982421875,12600,2,0.40625,7430.506866455078,12600,0,0.40625,5522.306930541992,12600,2,0.40625,29180.62255859375,605,605,5151,2536,605,605,605,605,0,0,100,0,0,0,0,0,32353087488,8589930496,2965897216,0
199,1786321325805,1007.9352416992188,12533.333333333332,2,0.40625,903.0326843261719,12533.333333333332,2,0.40625,7432.717010498047,12533.333333333332,0,0.40625,5522.313400268555,12533.333333333332,2,0.40625,29184.022979736328,605,605,5151,2536,605,605,605,605,0,0,100,0,0,0,0,0,32353087488,8589930496,2965897216,0
199,1786321326005,1007.9386596679688,12600,2,0.40625,903.0367736816406,12600,2,0.40625,7434.922698974609,12600,0,0.40625,5522.319869995117,12600,2,0.40625,29187.420639038086,605,605,5151,2536,605,605,605,605,0,0,100,0,0,0,0,0,32353087488,8589930496,2965897216,0
199,1786321326205,1007.9420928955078,12533.333333333332,2,0.40625,903.041259765625,12533.333333333332,2,0.40625,7437.128021240234,12533.333333333332,0,0.40625,5522.327117919922,12533.333333333332,2,0.40625,29190.8377532959,605,605,5151,2536,605,605,605,605,0,0,100,0,0,0,0,0,32353087488,8589930496,2966081536,0
199,1786321326405,1007.9458618164063,12600,2,0.40625,903.0460815429688,12600,2,0.40625,7439.343185424805,12600,0,0.40625,5522.334655761719,12600,2,0.40625,29194.235473632813,605,605,5151,2536,605,605,605,605,0,0,100,0,0,0,0,0,32353087488,8589930496,2964516864,0
199,1786321326605,1007.9492950439453,12533.333333333332,2,0.40625,903.0503082275391,12533.333333333332,2,0.40625,7441.548553466797,12533.333333333332,0,0.40625,5522.342224121094,12533.333333333332,2,0.40625,29197.635299682617,605,605,5151,2536,605,605,605,605,0,0,100,0,0,0,0,0,32353087488,8589930496,2972590080,0
199,1786321326805,1007.9528350830078,12533.333333333332,2,0.40625,903.0546569824219,12533.333333333332,2,0.40625,7443.757843017578,12533.333333333332,0,0.40625,5522.348648071289,12533.333333333332,2,0.40625,29201.03498840332,605,605,5151,2536,605,605,605,605,0,0,100,0,0,0,0,0,32353087488,8589930496,2972590080,0
199,1786321327005,1007.9562835693359,12466.666666666668,2,0.40625,903.0589141845703,12466.666666666668,2,0.40625,7445.962646484375,12466.666666666668,0,0.40625,5522.356063842773,12466.666666666668,2,0.40625,29204.435546875,605,605,5151,2536,605,605,605,605,0,0,100,0,0,0,0,0,32353087488,8589930496,2972590080,0
199,1786321327206,1007.9596862792969,12600,2,0.40625,903.0633544921875,12600,2,0.40625,7448.168594360352,12600,0,0.3999999999999999,5522.364028930664,12600,0,0.3999999999999999,29207.830169677734,605,605,5151,2536,605,605,605,605,0,0,100,0,0,0,0,0,32353087488,8589930496,2972774400,0
199,1786321327406,1007.9641571044922,12533.333333333332,0,0.40625,903.068115234375,12533.333333333332,2,0.40625,7450.372955322266,12533.333333333332,0,0.40625,5522.370422363281,12533.333333333332,2,0.40625,29211.23114013672,605,605,5151,2536,605,605,605,605,0,0,100,0,0,0,0,0,32353087488,8589930496,2971848704,0
199,1786321327606,1007.9691009521484,12400,2,0.40625,903.0726470947266,12400,2,0.40625,7452.573287963867,12400,0,0.40625,5522.377532958984,12400,0,0.40625,29214.633071899414,605,605,5151,2536,605,605,605,605,0,0,100,0,0,0,0,0,32353087488,8589930496,2971848704,0
199,1786321327806,1007.9731903076172,12400,2,0.40625,903.0773315429688,12400,2,0.40625,7454.772552490234,12400,0,0.40625,5522.384033203125,12400,2,0.40625,29218.030563354492,605,605,5151,2536,605,605,605,605,0,0,100,0,0,0,0,0,32353087488,8589930496,2971848704,0
199,1786321328006,1007.9766845703125,12533.333333333332,2,0.4125000000000001,903.0817108154297,12533.333333333332,2,0.4125000000000001,7456.976287841797,12533.333333333332,0,0.4125000000000001,5522.391143798828,12533.333333333332,2,0.4125000000000001,29221.426971435547,605,605,5151,2536,605,605,605,605,0,0,100,0,0,0,0,0,32353087488,8589930496,2971848704,0
199,1786321328206,1007.9801788330078,12600,2,0.3999999999999999,903.0862884521484,12600,2,0.3999999999999999,7459.183441162109,12600,0,0.3999999999999999,5522.3975830078125,12600,2,0.3999999999999999,29224.82582092285,605,605,5151,2536,605,605,605,605,0,0,100,0,0,0,0,0,32353087488,8589930496,2980106240,0
200,1786321328406,1007.9918975830078,12000,2,0.4312499999999999,903.1100463867188,12000,2,0.4312499999999999,7461.361083984375,12000,0,0.4312499999999999,5522.415298461914,12000,2,0.4312499999999999,29228.241134643555,605,605,5151,2536,605,605,605,605,5,5,100,0,0,0,0,4.761904716491699,32353087488,8589930496,2978185216,0
199,1786321328606,1007.9968872070313,12533.333333333332,2,0.40625,903.1150665283203,12533.333333333332,2,0.40625,7463.546295166016,12533.333333333332,0,0.40625,5522.42317199707,12533.333333333332,2,0.40625,29231.62467956543,605,605,5151,2536,605,605,605,605,0,0,100,0,0,0,0,0,32353087488,8589930496,2978181120,0
199,1786321328806,1008.0003967285156,12600,2,0.3999999999999999,903.1202850341797,12600,2,0.3999999999999999,7465.751068115234,12600,0,0.3999999999999999,5522.430038452148,12600,2,0.3999999999999999,29235.038696289063,605,605,5151,2536,605,605,605,605,0,0,100,0,0,0,0,0,32353087488,8589930496,2978181120,0
199,1786321329006,1008.0039978027344,12533.333333333332,2,0.4125000000000001,903.1253967285156,12533.333333333332,2,0.4125000000000001,7467.968688964844,12533.333333333332,0,0.4125000000000001,5522.436798095703,12533.333333333332,2,0.4125000000000001,29238.438751220703,605,605,5151,2536,605,605,605,605,0,0,100,0,0,0,0,0,32353087488,8589930496,2978181120,0
199,1786321329206,1008.0076141357422,12533.333333333332,2,0.40625,903.1304626464844,12533.333333333332,2,0.40625,7470.175537109375,12533.333333333332,0,0.40625,5522.443511962891,12533.333333333332,2,0.40625,29241.83804321289,605,605,5151,2536,605,605,605,605,0,0,100,0,0,0,0,0,32353087488,8589930496,2978181120,0
199,1786321329407,1008.0115966796875,12533.333333333332,2,0.40625,903.1385650634766,12533.333333333332,2,0.40625,7472.370590209961,12533.333333333332,0,0.40625,5522.451217651367,12533.333333333332,0,0.40625,29245.237182617188,605,605,5151,2536,605,605,605,605,0,0,100,4.761904716491699,0,0,0,0,32353087488,8589930496,2978164736,0
199,1786321329607,1008.0154266357422,12533.333333333332,2,0.40625,903.1435394287109,12533.333333333332,2,0.40625,7474.573654174805,12466.666666666668,0,0.40625,5522.459274291992,12466.666666666668,0,0.40625,29248.63705444336,605,605,5151,2536,605,605,605,605,0,0,100,0,0,0,0,0,32353087488,8589930496,2986237952,0
199,1786321329807,1008.0189666748047,12400,2,0.40625,903.1486053466797,12400,0,0.40625,7476.772506713867,12400,0,0.40625,5522.465667724609,12400,0,0.40625,29252.038116455078,605,605,5151,2536,605,605,605,605,0,0,100,0,0,0,0,0,32353087488,8589930496,2986237952,0
199,1786321330007,1008.0223999023438,12533.333333333332,2,0.40625,903.1531829833984,12533.333333333332,2,0.40625,7478.968719482422,12533.333333333332,0,0.40625,5522.474212646484,12533.333333333332,0,0.40625,29255.433334350586,605,605,5151,2536,605,605,605,605,0,0,100,0,0,0,0,0,32353087488,8589930496,2986237952,0
199,1786321330207,1008.0258483886719,12533.333333333332,2,0.40625,903.1580810546875,12533.333333333332,2,0.40625,7481.170761108398,12533.333333333332,0,0.40625,5522.483825683594,12533.333333333332,2,0.40625,29258.83366394043,605,605,5151,2536,605,605,605,605,0,0,100,0,0,0,0,0,32353087488,8589930496,2986422272,0
199,1786321330407,1008.0299530029297,12466.666666666668,2,0.40625,903.1627349853516,12466.666666666668,2,0.40625,7483.3302001953125,12466.666666666668,0,0.40625,5522.540878295898,12466.666666666668,2,0.40625,29262.232055664063,605,605,5151,2536,605,605,605,605,0,0,100,9.523809432983398,0,0,0,0,32353087488,8589930496,2986422272,0
199,1786321330607,1008.0335693359375,12466.666666666668,2,0.40625,903.1669616699219,12466.666666666668,2,0.40625,7485.524658203125,12466.666666666668,0,0.40625,5522.548065185547,12466.666666666668,2,0.40625,29265.630325317383,605,605,5151,2536,605,605,605,605,0,0,100,0,0,0,0,0,32353087488,8589930496,2986422272,0
199,1786321330807,1008.0370483398438,12533.333333333332,2,0.40625,903.1717376708984,12533.333333333332,2,0.40625,7487.7188720703125,12533.333333333332,0,0.40625,5522.554962158203,12533.333333333332,2,0.40625,29269.027633666992,605,605,5151,2536,605,605,605,605,0,0,100,0,0,0,0,0,32353087488,8589930496,2986422272,0
199,1786321331007,1008.0403289794922,12400,2,0.40625,903.1770324707031,12400,2,0.40625,7489.919235229492,12400,0,0.40625,5522.561798095703,12400,2,0.40625,29272.4296875,605,605,5151,2536,605,605,605,605,0,0,100,0,0,0,0,0,32353087488,8589930496,2994495488,0
199,1786321331207,1008.0438385009766,12533.333333333332,2,0.4125000000000001,903.1820983886719,12533.333333333332,2,0.4125000000000001,7492.127868652344,12533.333333333332,0,0.4125000000000001,5522.569046020508,12533.333333333332,2,0.4125000000000001,29275.842803955078,605,605,5151,2536,605,605,605,605,0,0,100,0,0,0,0,0,32353087488,8589930496,2994679808,0
200,1786321331407,1008.0478057861328,12466.666666666668,2,0.40625,903.1874847412109,12466.666666666668,2,0.40625,7494.332504272461,12466.666666666668,0,0.40625,5522.577178955078,12466.666666666668,2,0.40625,29279.243850708008,605,605,5151,2536,605,605,605,605,0,0,100,0,0,0,0,0,32353087488,8589930496,2994679808,0
199,1786321331608,1008.0514373779297,12466.666666666668,2,0.40625,903.1927795410156,12466.666666666668,2,0.40625,7496.530426025391,12466.666666666668,0,0.40625,5522.58674621582,12466.666666666668,2,0.40625,29282.644165039063,605,605,5151,2536,605,605,605,605,0,0,100,0,0,0,0,0,32353087488,8589930496,2994679808,0
199,1786321331808,1008.0549621582031,12533.333333333332,2,0.40625,903.1977081298828,12533.333333333332,2,0.40625,7498.729110717773,12533.333333333332,0,0.4125000000000001,5522.59619140625,12533.333333333332,0,0.4125000000000001,29286.040298461914,605,605,5151,2536,605,605,605,605,0,0,100,0,0,0,0,0,32353087488,8589930496,2994679808,0
199,1786321332008,1008.058349609375,12466.666666666668,2,0.40625,903.2027587890625,12466.666666666668,0,0.40625,7500.930679321289,12466.666666666668,0,0.40625,5522.604064941406,12466.666666666668,0,0.40625,29289.441986083984,605,605,5151,2536,605,605,605,605,0,0,100,0,0,0,0,0,32353087488,8589930496,2994679808,0
199,1786321332208,1008.0615997314453,12533.333333333332,2,0.4125000000000001,903.2077331542969,12533.333333333332,2,0.4125000000000001,7503.131439208984,12533.333333333332,0,0.4125000000000001,5522.610534667969,12533.333333333332,0,0.4125000000000001,29292.838745117188,605,605,5151,2536,605,605,605,605,0,0,100,0,0,0,0,0,32353087488,8589930496,2994679808,0
199,1786321332408,1008.0652160644531,12533.333333333332,2,0.40625,903.212890625,12533.333333333332,2,0.40625,7505.330963134766,12533.333333333332,0,0.40625,5522.617004394531,12533.333333333332,2,0.40625,29296.23811340332,605,605,5151,2536,605,605,605,605,0,0,100,0,0,0,0,0,32353087488,8589930496,3002753024,0
199,1786321332608,1008.2280426025391,12600,2,0.3999999999999999,903.4227752685547,12600,2,0.3999999999999999,7505.934921264648,12600,2,0.3999999999999999,5523.966278076172,12600,0,0.3999999999999999,29299.645767211914,605,605,5151,2536,605,605,605,605,4.761904716491699,9.523809432983398,20,0,5,9.523809432983398,0,61.904762268066406,32353087488,8589930496,2982252544,0
199,1786321332808,1008.2338256835938,12266.666666666668,2,0.4125000000000001,903.4259796142578,12266.666666666668,2,0.4125000000000001,7505.943099975586,12266.666666666668,2,0.4125000000000001,5526.181259155273,12266.666666666668,0,0.4125000000000001,29303.052124023438,605,605,5151,2536,605,605,605,605,0,0,0,0,0,0,0,100,32353087488,8589930496,2990325760,0
199,1786321333008,1008.2375793457031,12333.333333333332,2,0.4125000000000001,903.4295501708984,12333.333333333332,2,0.4125000000000001,7505.951263427734,12333.333333333332,2,0.4125000000000001,5528.389358520508,12333.333333333332,0,0.4125000000000001,29306.447357177734,605,605,5151,2536,605,605,605,605,0,0,0,0,0,0,0,100,32353087488,8589930496,2990325760,0
199,1786321333208,1008.2409515380859,12400,2,0.4125000000000001,903.4326629638672,12400,2,0.4125000000000001,7505.957489013672,12400,2,0.4125000000000001,5530.599807739258,12400,0,0.4125000000000001,29309.845321655273,605,605,5151,2536,605,605,605,605,0,0,0,0,0,0,0,100,32353087488,8589930496,2990616576,0
199,1786321333408,1008.2460632324219,12333.333333333332,2,0.41874999999999996,903.4395446777344,12333.333333333332,2,0.41874999999999996,7505.97412109375,12333.333333333332,2,0.41874999999999996,5532.800765991211,12333.333333333332,0,0.41874999999999996,29313.26089477539,605,605,5151,2536,605,605,605,605,0,0,5,0,0,0,0,100,32353087488,8589930496,2985480192,0
199,1786321333609,1008.2497253417969,12400,2,0.40625,903.4428558349609,12400,2,0.40625,7505.982833862305,12400,2,0.40625,5535.013977050781,12400,0,0.40625,29316.657440185547,605,605,5151,2536,605,605,605,605,0,0,0,0,0,0,0,100,32353087488,8589930496,2985480192,0
199,1786321333809,1008.2533721923828,12400,2,0.40625,903.4463348388672,12400,2,0.40625,7505.991912841797,12400,2,0.40625,5537.227569580078,12400,0,0.40625,29320.05450439453,605,605,5151,2536,605,605,605,605,0,0,0,0,0,0,0,100,32353087488,8589930496,2985480192,0
199,1786321334009,1008.2569122314453,12266.666666666668,2,0.41874999999999996,903.4496917724609,12266.666666666668,2,0.41874999999999996,7506.0003662109375,12266.666666666668,0,0.41874999999999996,5539.440673828125,12266.666666666668,0,0.41874999999999996,29323.456100463867,605,605,5151,2536,605,605,605,605,0,0,0,0,0,0,4.761904716491699,100,32353087488,8589930496,2985480192,0
199,1786321334209,1008.2601928710938,12266.666666666668,2,0.4125000000000001,903.4527740478516,12266.666666666668,2,0.4125000000000001,7506.008499145508,12266.666666666668,0,0.4125000000000001,5541.654281616211,12266.666666666668,0,0.4125000000000001,29326.854293823242,605,605,5151,2536,605,605,605,605,0,0,0,0,0,0,0,100,32353087488,8589930496,2993553408,0
199,1786321334409,1008.2637939453125,12266.666666666668,2,0.40625,903.4565277099609,12266.666666666668,2,0.40625,7506.015640258789,12266.666666666668,0,0.40625,5543.867218017578,12266.666666666668,0,0.40625,29330.252227783203,605,605,5151,2536,605,605,605,605,0,0,0,0,0,0,0,100,32353087488,8589930496,2984976384,0
199,1786321334609,1008.2672424316406,12333.333333333332,2,0.40625,903.4597625732422,12333.333333333332,2,0.40625,7506.021896362305,12333.333333333332,2,0.40625,5546.083679199219,12333.333333333332,0,0.40625,29333.650817871094,605,605,5151,2536,605,605,605,605,0,0,0,0,0,0,0,100,32353087488,8589930496,2984976384,0
199,1786321334809,1008.2706909179688,12400,2,0.4125000000000001,903.4629669189453,12400,2,0.4125000000000001,7506.028350830078,12400,2,0.4125000000000001,5548.30241394043,12400,0,0.4125000000000001,29337.047744750977,605,605,5151,2536,605,605,605,605,0,0,0,0,0,0,0,100,32353087488,8589930496,2984976384,0
199,1786321335009,1008.2741394042969,12333.333333333332,2,0.4125000000000001,903.4662933349609,12333.333333333332,2,0.4125000000000001,7506.035690307617,12333.333333333332,2,0.4125000000000001,5550.51823425293,12333.333333333332,0,0.4125000000000001,29340.44859313965,605,605,5151,2536,605,605,605,605,0,0,0,0,0,0,0,100,32353087488,8589930496,2984976384,0
199,1786321335209,1008.2775115966797,12333.333333333332,2,0.4125000000000001,903.4694976806641,12333.333333333332,2,0.4125000000000001,7506.043853759766,12333.333333333332,2,0.4125000000000001,5552.72868347168,12333.333333333332,0,0.4125000000000001,29343.84635925293,605,605,5151,2536,605,605,605,605,0,0,0,0,0,0,0,100,32353087488,8589930496,2984849408,0
199,1786321335409,1008.281494140625,12400,2,0.40625,903.4730987548828,12400,2,0.40625,7506.05046081543,12400,2,0.40625,5554.948440551758,12400,0,0.40625,29347.260482788086,605,605,5151,2536,605,605,605,605,0,0,0,0,0,0,0,100,32353087488,8589930496,2984849408,0
199,1786321335610,1008.2851104736328,12333.333333333332,2,0.40625,903.4763946533203,12333.333333333332,2,0.40625,7506.057052612305,12333.333333333332,2,0.40625,5557.163177490234,12333.333333333332,0,0.40625,29350.66130065918,605,605,5151,2536,605,605,605,605,0,0,4.761904716491699,0,0,0,0,100,32353087488,8589930496,2992922624,0
199,1786321335810,1008.2905731201172,12333.333333333332,2,0.4125000000000001,903.4796600341797,12333.333333333332,2,0.4125000000000001,7506.063339233398,12333.333333333332,2,0.4125000000000001,5559.385437011719,12333.333333333332,0,0.4125000000000001,29354.060775756836,605,605,5151,2536,605,605,605,605,0,0,0,0,0,0,0,100,32353087488,8589930496,2986475520,0
199,1786321336010,1008.2940216064453,12333.333333333332,2,0.40625,903.4829864501953,12333.333333333332,2,0.40625,7506.070175170898,12333.333333333332,2,0.40625,5561.603820800781,12333.333333333332,0,0.40625,29357.45881652832,605,605,5151,2536,605,605,605,605,0,0,0,0,0,0,0,100,32353087488,8589930496,2986475520,0
199,1786321336210,1008.2975769042969,12266.666666666668,2,0.41874999999999996,903.4863586425781,12266.666666666668,2,0.41874999999999996,7506.076919555664,12266.666666666668,2,0.41874999999999996,5563.815444946289,12266.666666666668,0,0.41874999999999996,29360.858596801758,605,605,5151,2536,605,605,605,605,0,0,0,0,0,0,0,100,32353087488,8589930496,2986659840,0
199,1786321336410,1008.3009796142578,12333.333333333332,2,0.40625,903.4895782470703,12333.333333333332,2,0.40625,7506.083267211914,12333.333333333332,2,0.4125000000000001,5566.035186767578,12333.333333333332,0,0.4125000000000001,29364.257385253906,605,605,5151,2536,605,605,605,605,0,0,0,0,0,0,0,100,32353087488,8589930496,2986659840,0
199,1786321336610,1008.3044128417969,12333.333333333332,0,0.4125000000000001,903.4928588867188,12333.333333333332,2,0.4125000000000001,7506.089584350586,12333.333333333332,0,0.4125000000000001,5568.251571655273,12333.333333333332,0,0.4125000000000001,29367.655075073242,605,605,5151,2536,605,605,605,605,0,0,0,0,0,0,0,100,32353087488,8589930496,2986659840,0
199,1786321336810,1008.307861328125,12333.333333333332,2,0.4125000000000001,903.4960632324219,12333.333333333332,2,0.4125000000000001,7506.095962524414,12333.333333333332,0,0.4125000000000001,5570.467147827148,12333.333333333332,0,0.4125000000000001,29371.05551147461,605,605,5151,2536,605,605,605,605,0,0,0,0,0,0,0,100,32353087488,8589930496,2986659840,0
199,1786321337010,1008.3112030029297,12333.333333333332,2,0.40625,903.499267578125,12333.333333333332,2,0.40625,7506.10221862793,12333.333333333332,2,0.40625,5572.674209594727,12333.333333333332,0,0.40625,29374.453536987305,605,605,5151,2536,605,605,605,605,0,0,0,0,0,0,0,100,32353087488,8589930496,2986659840,0
199,1786321337210,1008.3146057128906,12333.333333333332,2,0.41874999999999996,903.5024566650391,12333.333333333332,2,0.41874999999999996,7506.109359741211,12333.333333333332,2,0.41874999999999996,5574.880996704102,12333.333333333332,0,0.41874999999999996,29377.85316467285,605,605,5151,2536,605,605,605,605,0,0,0,0,0,0,0,100,32353087488,8589930496,2994917376,0
199,1786321337410,1008.3191070556641,12333.333333333332,2,0.4125000000000001,903.5122985839844,12333.333333333332,2,0.4125000000000001,7506.123031616211,12333.333333333332,2,0.4125000000000001,5577.073837280273,12333.333333333332,0,0.4125000000000001,29381.251495361328,605,605,5151,2536,605,605,605,605,0,0,0,0,0,0,0,100,32353087488,8589930496,2989543424,0
199,1786321337610,1008.3226165771484,12266.666666666668,2,0.4125000000000001,903.5156402587891,12266.666666666668,2,0.4125000000000001,7506.130523681641,12266.666666666668,2,0.4125000000000001,5579.289154052734,12266.666666666668,0,0.4125000000000001,29384.66815185547,605,605,5151,2536,605,605,605,605,0,0,0,0,0,0,0,100,32353087488,8589930496,2989543424,0
199,1786321337811,1008.3262023925781,12333.333333333332,2,0.4125000000000001,903.5188446044922,12333.333333333332,2,0.4125000000000001,7506.140899658203,12333.333333333332,2,0.4125000000000001,5581.509307861328,12333.333333333332,0,0.4125000000000001,29388.06558227539,605,605,5151,2536,605,605,605,605,0,0,0,0,0,0,0,100,32353087488,8589930496,2989543424,0
199,1786321338011,1008.3296356201172,12266.666666666668,2,0.40625,903.5221710205078,12266.666666666668,2,0.40625,7506.149200439453,12266.666666666668,2,0.40625,5583.7242431640625,12266.666666666668,0,0.40625,29391.46612548828,605,605,5151,2536,605,605,605,605,0,0,0,0,0,0,0,100,32353087488,8589930496,2989543424,0
199,1786321338211,1008.3331146240234,12333.333333333332,2,0.4125000000000001,903.525390625,12333.333333333332,2,0.4125000000000001,7506.155807495117,12333.333333333332,2,0.4125000000000001,5585.941253662109,12333.333333333332,0,0.4125000000000001,29394.864974975586,605,605,5151,2536,605,605,605,605,0,0,0,0,0,0,0,100,32353087488,8589930496,2989543424,0
199,1786321338411,1008.3372039794922,12333.333333333332,2,0.40625,903.5291442871094,12333.333333333332,2,0.40625,7506.1622314453125,12333.333333333332,2,0.40625,5588.154449462891,12333.333333333332,0,0.40625,29398.26417541504,605,605,5151,2536,605,605,605,605,0,0,0,0,0,0,0,100,32353087488,8589930496,2984808448,0
199,1786321338611,1008.3433074951172,12333.333333333332,2,0.4125000000000001,903.5322723388672,12333.333333333332,2,0.4125000000000001,7506.1683349609375,12333.333333333332,2,0.4125000000000001,5590.370697021484,12333.333333333332,0,0.4125000000000001,29401.66325378418,605,605,5151,2536,605,605,605,605,0,0,0,0,0,0,0,100,32353087488,8589930496,2992881664,0
199,1786321338811,1008.3469085693359,12266.666666666668,2,0.4125000000000001,903.5354766845703,12266.666666666668,2,0.4125000000000001,7506.174743652344,12266.666666666668,2,0.4125000000000001,5592.5811767578125,12266.666666666668,0,0.4125000000000001,29405.062225341797,605,605,5151,2536,605,605,605,605,0,0,0,0,0,0,0,100,32353087488,8589930496,2992881664,0
199,1786321339011,1008.3525543212891,12266.666666666668,0,0.4125000000000001,903.5386810302734,12266.666666666668,2,0.4125000000000001,7506.180847167969,12266.666666666668,2,0.4125000000000001,5594.796920776367,12266.666666666668,0,0.4125000000000001,29408.461380004883,605,605,5151,2536,605,605,605,605,0,0,0,0,0,0,0,100,32353087488,8589930496,2992881664,0
199,1786321339211,1008.3584136962891,12400,0,0.40625,903.5420227050781,12400,2,0.40625,7506.187225341797,12400,2,0.40625,5597.008407592773,12400,0,0.40625,29411.856735229492,605,605,5151,2536,605,605,605,605,0,0,0,0,0,0,0,100,32353087488,8589930496,2993065984,0
199,1786321339411,1008.3626098632813,12333.333333333332,0,0.40625,903.5457153320313,12333.333333333332,2,0.40625,7506.193496704102,12333.333333333332,2,0.40625,5599.219055175781,12333.333333333332,0,0.40625,29415.258346557617,605,605,5151,2536,605,605,605,605,0,0,0,0,0,0,0,100,32353087488,8589930496,2993065984,0
199,1786321339611,1008.3691558837891,12333.333333333332,2,0.4125000000000001,903.5489196777344,12333.333333333332,2,0.4125000000000001,7506.199783325195,12333.333333333332,2,0.4125000000000001,5601.433822631836,12333.333333333332,0,0.4125000000000001,29418.657440185547,605,605,5151,2536,605,605,605,605,0,0,0,0,0,0,0,100,32353087488,8589930496,2988691456,0
199,1786321339811,1008.3727111816406,12333.333333333332,2,0.40625,903.5521392822266,12333.333333333332,2,0.40625,7506.207611083984,12333.333333333332,2,0.40625,5603.642227172852,12333.333333333332,0,0.40625,29422.056243896484,605,605,5151,2536,605,605,605,605,0,0,0,0,0,0,0,100,32353087488,8589930496,2988691456,0
199,1786321340012,1008.3761901855469,12266.666666666668,2,0.4125000000000001,903.5553436279297,12266.666666666668,2,0.4125000000000001,7506.214431762695,12266.666666666668,2,0.4125000000000001,5605.851165771484,12266.666666666668,0,0.4125000000000001,29425.455764770508,605,605,5151,2536,605,605,605,605,0,0,0,0,0,0,0,100,32353087488,8589930496,2996764672,0
199,1786321340212,1008.379638671875,12333.333333333332,2,0.40625,903.5587158203125,12333.333333333332,2,0.40625,7506.222106933594,12333.333333333332,2,0.40625,5608.070236206055,12333.333333333332,0,0.40625,29428.87043762207,605,605,5151,2536,605,605,605,605,0,0,0,0,0,0,0,100,32353087488,8589930496,2996948992,0
199,1786321340412,1008.3832244873047,12333.333333333332,2,0.40625,903.5624542236328,12333.333333333332,2,0.40625,7506.229064941406,12333.333333333332,2,0.40625,5610.27751159668,12333.333333333332,0,0.40625,29432.26969909668,605,605,5151,2536,605,605,605,605,0,0,0,0,0,0,0,100,32353087488,8589930496,2996948992,0
199,1786321340612,1008.3867034912109,12266.666666666668,2,0.4125000000000001,903.5656585693359,12266.666666666668,2,0.4125000000000001,7506.236389160156,12266.666666666668,2,0.4125000000000001,5612.488494873047,12266.666666666668,0,0.4125000000000001,29435.66957092285,605,605,5151,2536,605,605,605,605,0,0,0,0,0,0,0,100,32353087488,8589930496,2996948992,0
199,1786321340812,1008.3901062011719,12333.333333333332,2,0.40625,903.5687561035156,12333.333333333332,2,0.40625,7506.245071411133,12333.333333333332,2,0.40625,5614.699523925781,12333.333333333332,0,0.40625,29439.067169189453,605,605,5151,2536,605,605,605,605,0,0,0,0,0,0,0,100,32353087488,8589930496,2996948992,0
199,1786321341012,1008.3934478759766,12333.333333333332,2,0.4125000000000001,903.5722198486328,12333.333333333332,2,0.4125000000000001,7506.251388549805,12333.333333333332,2,0.4125000000000001,5616.914352416992,12333.333333333332,0,0.4125000000000001,29442.466888427734,605,605,5151,2536,605,605,605,605,0,0,0,0,0,0,0,100,32353087488,8589930496,2996948992,0
199,1786321341212,1008.3968505859375,12266.666666666668,0,0.4125000000000001,903.5755767822266,12266.666666666668,2,0.4125000000000001,7506.258163452148,12266.666666666668,0,0.4125000000000001,5619.128524780273,12266.666666666668,0,0.4125000000000001,29445.866149902344,605,605,5151,2536,605,605,605,605,0,0,0,0,0,0,0,100,32353087488,8589930496,2996948992,0
200,1786321341412,1008.400634765625,12333.333333333332,2,0.40625,903.5793609619141,12333.333333333332,2,0.40625,7506.267517089844,12333.333333333332,0,0.40625,5621.334457397461,12333.333333333332,0,0.40625,29449.26448059082,605,605,5151,2536,605,605,605,605,0,0,0,0,0,0,0,100,32353087488,8589930496,3001196544,0
199,1786321341612,1008.4039764404297,12266.666666666668,2,0.4125000000000001,903.5825500488281,12266.666666666668,2,0.4125000000000001,7506.2738037109375,12266.666666666668,0,0.4125000000000001,5623.543121337891,12266.666666666668,0,0.4125000000000001,29452.6630859375,605,605,5151,2536,605,605,605,605,0,0,0,0,0,0,0,100,32353087488,8589930496,3001196544,0
199,1786321341812,1008.4073028564453,12266.666666666668,2,0.4125000000000001,903.5856323242188,12266.666666666668,2,0.4125000000000001,7506.280212402344,12266.666666666668,2,0.4125000000000001,5625.755813598633,12266.666666666668,0,0.4125000000000001,29456.06282043457,605,605,5151,2536,605,605,605,605,0,0,0,0,0,0,0,100,32353087488,8589930496,3001196544,0
199,1786321342012,1008.4106903076172,12266.666666666668,2,0.40625,903.5891876220703,12266.666666666668,2,0.40625,7506.28694152832,12266.666666666668,2,0.40625,5627.966156005859,12266.666666666668,0,0.40625,29459.461532592773,605,605,5151,2536,605,605,605,605,0,0,0,0,0,0,0,100,32353087488,8589930496,3001196544,0
199,1786321342212,1008.4140930175781,12400,2,0.4125000000000001,903.5924224853516,12400,2,0.4125000000000001,7506.293701171875,12400,2,0.4125000000000001,5630.181716918945,12400,0,0.4125000000000001,29462.85856628418,605,605,5151,2536,605,605,605,605,0,0,0,0,0,0,0,100,32353087488,8589930496,3001380864,0
199,1786321342413,1008.4181823730469,12333.333333333332,2,0.40625,903.5962066650391,12333.333333333332,2,0.40625,7506.3004150390625,12333.333333333332,2,0.40625,5632.391891479492,12333.333333333332,0,0.40625,29466.25831604004,605,605,5151,2536,605,605,605,605,0,0,4.761904716491699,0,4.761904716491699,0,0,100,32353087488,8589930496,2998259712,0
199,1786321342613,1008.4220581054688,12333.333333333332,2,0.4125000000000001,903.5996704101563,12333.333333333332,2,0.4125000000000001,7506.306823730469,12333.333333333332,2,0.4125000000000001,5634.61555480957,12333.333333333332,0,0.4125000000000001,29469.674560546875,605,605,5151,2536,605,605,605,605,0,0,0,0,0,0,0,100,32353087488,8589930496,2998259712,0
199,1786321342813,1008.4260711669922,12266.666666666668,2,0.4125000000000001,903.6032104492188,12266.666666666668,2,0.4125000000000001,7506.312927246094,12266.666666666668,2,0.4125000000000001,5636.820526123047,12266.666666666668,0,0.4125000000000001,29473.05825805664,605,605,5151,2536,605,605,605,605,0,0,0,0,0,0,0,100,32353087488,8589930496,2998259712,0
199,1786321343013,1008.4294281005859,12333.333333333332,2,0.40625,903.6069030761719,12333.333333333332,2,0.40625,7506.319198608398,12333.333333333332,2,0.40625,5639.041198730469,12333.333333333332,0,0.40625,29476.473831176758,605,605,5151,2536,605,605,605,605,0,0,0,0,0,0,0,100,32353087488,8589930496,3006332928,0
199,1786321343213,1008.4329528808594,12466.666666666668,2,0.4125000000000001,903.6126708984375,12466.666666666668,2,0.4125000000000001,7506.326110839844,12466.666666666668,2,0.4125000000000001,5641.242614746094,12466.666666666668,0,0.4125000000000001,29479.869140625,605,605,5151,2536,605,605,605,605,0,0,0,0,0,0,0,100,32353087488,8589930496,3003559936,0
199,1786321343413,1008.4370422363281,12533.333333333332,2,0.3999999999999999,903.6166229248047,12533.333333333332,2,0.3999999999999999,7506.382369995117,12533.333333333332,2,0.3999999999999999,5643.407958984375,12533.333333333332,0,0.3999999999999999,29483.265090942383,605,605,5151,2536,605,605,605,605,0,0,5,0,0,0,0,100,32353087488,8589930496,3003551744,0
199,1786321343613,1008.4406127929688,12466.666666666668,2,0.40625,903.6221923828125,12466.666666666668,2,0.40625,7506.388580322266,12466.666666666668,2,0.3999999999999999,5645.617980957031,12466.666666666668,0,0.3999999999999999,29486.6658782959,605,605,5151,2536,605,605,605,605,0,0,0,0,0,0,0,100,32353087488,8589930496,3003551744,0
199,1786321343813,1008.4440765380859,12466.666666666668,0,0.40625,903.6277160644531,12466.666666666668,0,0.40625,7506.394927978516,12466.666666666668,2,0.40625,5647.828750610352,12466.666666666668,0,0.40625,29490.065872192383,605,605,5151,2536,605,605,605,605,0,0,0,0,0,0,0,100,32353087488,8589930496,3003551744,0
199,1786321344013,1008.4473571777344,12533.333333333332,2,0.40625,903.6327972412109,12533.333333333332,0,0.40625,7506.401062011719,12533.333333333332,2,0.40625,5650.0355224609375,12533.333333333332,0,0.40625,29493.465744018555,605,605,5151,2536,605,605,605,605,0,0,0,0,0,0,0,100,32353087488,8589930496,3003551744,0
199,1786321344213,1008.4507751464844,12466.666666666668,2,0.40625,903.6363372802734,12466.666666666668,2,0.40625,7506.4093017578125,12466.666666666668,2,0.40625,5652.242721557617,12466.666666666668,0,0.40625,29496.865158081055,605,605,5151,2536,605,605,605,605,0,0,0,0,0,0,0,100,32353087488,8589930496,3003551744,0
199,1786321344414,1008.4559631347656,12466.666666666668,2,0.40625,903.6398162841797,12466.666666666668,2,0.40625,7506.415939331055,12466.666666666668,2,0.40625,5654.447937011719,12466.666666666668,0,0.40625,29500.265213012695,605,605,5151,2536,605,605,605,605,0,0,0,0,0,0,0,100,32353087488,8589930496,3009200128,0
199,1786321344614,1008.4594879150391,12466.666666666668,2,0.4125000000000001,903.6430816650391,12466.666666666668,2,0.4125000000000001,7506.422317504883,12466.666666666668,2,0.4125000000000001,5656.658004760742,12466.666666666668,0,0.4125000000000001,29503.663970947266,605,605,5151,2536,605,605,605,605,0,0,0,0,0,0,0,100,32353087488,8589930496,3009200128,0
199,1786321344814,1008.4638519287109,12466.666666666668,2,0.40625,903.6463470458984,12466.666666666668,2,0.40625,7506.430084228516,12466.666666666668,2,0.40625,5658.86279296875,12466.666666666668,0,0.40625,29507.06202697754,605,605,5151,2536,605,605,605,605,0,0,0,90.47618865966797,0,0,0,5,32353087488,8589930496,3009126400,0
199,1786321345014,1008.4672088623047,12466.666666666668,2,0.4125000000000001,903.6494903564453,12466.666666666668,2,0.4125000000000001,7506.4375,12466.666666666668,2,0.4125000000000001,5661.078125,12466.666666666668,0,0.4125000000000001,29510.479034423828,605,605,5151,2536,605,605,605,605,0,0,0,100,0,0,0,0,32353087488,8589930496,3009126400,0
199,1786321345214,1008.4706268310547,12466.666666666668,2,0.40625,903.6531982421875,12466.666666666668,2,0.40625,7506.444564819336,12466.666666666668,2,0.40625,5663.282897949219,12466.666666666668,0,0.40625,29513.877899169922,605,605,5151,2536,605,605,605,605,0,0,0,100,0,0,0,0,32353087488,8589930496,3009126400,0
199,1786321345414,1008.4754180908203,12466.666666666668,2,0.40625,903.6579742431641,12466.666666666668,2,0.40625,7506.45198059082,12466.666666666668,2,0.40625,5665.483245849609,12466.666666666668,0,0.40625,29517.277557373047,605,605,5151,2536,605,605,605,605,0,0,0,100,0,0,0,0,32353087488,8589930496,3007074304,0
199,1786321345614,1008.4788513183594,12533.333333333332,2,0.3999999999999999,903.6611785888672,12533.333333333332,2,0.3999999999999999,7506.459655761719,12533.333333333332,2,0.3999999999999999,5667.686859130859,12533.333333333332,0,0.3999999999999999,29520.67445373535,605,605,5151,2536,605,605,605,605,0,0,0,100,0,0,0,0,32353087488,8589930496,3007074304,0
199,1786321345814,1008.4822540283203,12533.333333333332,2,0.3999999999999999,903.6643829345703,12533.333333333332,2,0.40625,7506.466125488281,12533.333333333332,0,0.40625,5669.891998291016,12533.333333333332,0,0.40625,29524.073471069336,605,605,5151,2536,605,605,605,605,0,0,0,100,0,0,0,0,32353087488,8589930496,3007074304,0
199,1786321346014,1008.6533355712891,13000,0,0.39375000000000004,903.9656372070313,13000,2,0.39375000000000004,7507.6761474609375,13000,0,0.39375000000000004,5670.510787963867,13000,0,0.39375000000000004,29527.48011779785,605,605,5151,2536,605,605,605,605,5,9.090909004211426,45,25,5,5.555555820465088,9.523809432983398,5,32353087488,8589930496,2910879744,0
199,1786321346214,1008.6568298339844,12666.666666666668,2,0.3999999999999999,903.9721984863281,12666.666666666668,2,0.3999999999999999,7509.8818359375,12666.666666666668,0,0.3999999999999999,5670.517654418945,12666.666666666668,0,0.3999999999999999,29530.88606262207,605,605,5151,2536,605,605,605,605,0,0,100,0,0,0,0,0,32353087488,8589930496,2910961664,0
199,1786321346414,1008.6604766845703,12533.333333333332,2,0.4125000000000001,903.9788360595703,12533.333333333332,2,0.4125000000000001,7512.080657958984,12533.333333333332,0,0.4125000000000001,5670.524856567383,12533.333333333332,2,0.4125000000000001,29534.28581237793,605,605,5151,2536,605,605,605,605,0,0,100,0,0,0,0,0,32353087488,8589930496,2910961664,0
199,1786321346615,1008.6638641357422,12600,2,0.3999999999999999,903.9850616455078,12600,2,0.3999999999999999,7514.281295776367,12600,0,0.3999999999999999,5670.532669067383,12600,2,0.3999999999999999,29537.682357788086,605,605,5151,2536,605,605,605,605,0,0,100,0,0,0,0,0,32353087488,8589930496,2910961664,0
199,1786321346815,1008.6673736572266,12533.333333333332,2,0.4125000000000001,903.9912567138672,12533.333333333332,2,0.4125000000000001,7516.480514526367,12533.333333333332,0,0.4125000000000001,5670.541015625,12533.333333333332,2,0.4125000000000001,29541.080535888672,605,605,5151,2536,605,605,605,605,0,0,100,0,0,0,0,0,32353087488,8589930496,2910961664,0
199,1786321347015,1008.6707153320313,12533.333333333332,2,0.40625,903.9974822998047,12533.333333333332,2,0.40625,7518.679611206055,12533.333333333332,0,0.40625,5670.549057006836,12533.333333333332,2,0.40625,29544.478317260742,605,605,5151,2536,605,605,605,605,0,0,100,0,0,0,0,0,32353087488,8589930496,2910961664,0
199,1786321347215,1008.6740112304688,12600,2,0.3999999999999999,904.0036468505859,12600,2,0.3999999999999999,7520.880279541016,12600,0,0.3999999999999999,5670.556976318359,12600,2,0.3999999999999999,29547.87481689453,605,605,5151,2536,605,605,605,605,0,0,100,0,0,0,0,0,32353087488,8589930496,2919219200,0
199,1786321347415,1008.6778106689453,12533.333333333332,2,0.4125000000000001,904.0100402832031,12533.333333333332,2,0.4125000000000001,7523.084548950195,12533.333333333332,0,0.4125000000000001,5670.566619873047,12533.333333333332,2,0.4125000000000001,29551.290252685547,605,605,5151,2536,605,605,605,605,0,0,100,0,0,0,0,4.761904716491699,32353087488,8589930496,2919219200,0
199,1786321347615,1008.6812438964844,12600,2,0.40625,904.0163879394531,12600,2,0.40625,7525.275650024414,12600,0,0.40625,5670.576416015625,12600,2,0.40625,29554.687210083008,605,605,5151,2536,605,605,605,605,0,0,100,0,0,0,0,0,32353087488,8589930496,2919219200,0
199,1786321347815,1008.6847991943359,12533.333333333332,2,0.40625,904.0226440429688,12533.333333333332,2,0.40625,7527.477935791016,12533.333333333332,0,0.40625,5670.583969116211,12533.333333333332,2,0.40625,29558.086990356445,605,605,5151,2536,605,605,605,605,0,0,100,0,0,0,0,0,32353087488,8589930496,2919219200,0
199,1786321348015,1008.6881561279297,12533.333333333332,2,0.4125000000000001,904.0288391113281,12533.333333333332,2,0.4125000000000001,7529.678482055664,12533.333333333332,0,0.4125000000000001,5670.593048095703,12533.333333333332,2,0.4125000000000001,29561.485778808594,605,605,5151,2536,605,605,605,605,0,0,100,0,0,0,0,4.761904716491699,32353087488,8589930496,2919219200,0
199,1786321348215,1008.6914672851563,12533.333333333332,2,0.40625,904.0350189208984,12533.333333333332,2,0.40625,7531.874649047852,12533.333333333332,0,0.40625,5670.603408813477,12533.333333333332,0,0.40625,29564.885040283203,605,605,5151,2536,605,605,605,605,0,0,100,0,0,0,0,0,32353087488,8589930496,2919219200,0
199,1786321348415,1008.6948547363281,12533.333333333332,2,0.40625,904.0418548583984,12533.333333333332,2,0.40625,7534.073883056641,12533.333333333332,0,0.40625,5670.612808227539,12600,2,0.40625,29568.282318115234,605,605,5151,2536,605,605,605,605,0,0,100,0,0,0,0,0,32353087488,8589930496,2919219200,0
199,1786321348615,1008.6989135742188,12533.333333333332,0,0.3999999999999999,904.0481262207031,12533.333333333332,2,0.3999999999999999,7536.26350402832,12533.333333333332,0,0.3999999999999999,5670.62092590332,12533.333333333332,0,0.3999999999999999,29571.682083129883,605,605,5151,2536,605,605,605,605,5,0,100,0,0,0,0,0,32353087488,8589930496,2927349760,0
199,1786321348815,1008.7023468017578,12600,2,0.40625,904.0543212890625,12600,2,0.40625,7538.464981079102,12600,0,0.40625,5670.6275634765625,12600,2,0.40625,29575.08070373535,605,605,5151,2536,605,605,605,605,0,0,100,0,0,0,0,0,32353087488,8589930496,2927349760,0
199,1786321349016,1008.7057189941406,12600,2,0.40625,904.0605163574219,12600,2,0.40625,7540.663635253906,12600,0,0.40625,5670.635543823242,12600,2,0.40625,29578.480194091797,605,605,5151,2536,605,605,605,605,0,0,100,0,0,0,0,0,32353087488,8589930496,2927349760,0
199,1786321349216,1008.7090454101563,12533.333333333332,2,0.40625,904.0667266845703,12533.333333333332,2,0.40625,7542.861480712891,12533.333333333332,0,0.40625,5670.643569946289,12533.333333333332,2,0.40625,29581.878326416016,605,605,5151,2536,605,605,605,605,0,0,100,0,0,0,0,0,32353087488,8589930496,2927534080,0
199,1786321349416,1008.7138366699219,12533.333333333332,2,0.4125000000000001,904.0828552246094,12533.333333333332,2,0.4125000000000001,7545.032699584961,12533.333333333332,0,0.4125000000000001,5670.6572265625,12533.333333333332,2,0.4125000000000001,29585.27653503418,605,605,5151,2536,605,605,605,605,0,0,100,0,0,4.761904716491699,0,0,32353087488,8589930496,2927534080,0
199,1786321349616,1008.717529296875,12533.333333333332,2,0.40625,904.0890960693359,12533.333333333332,2,0.40625,7547.232269287109,12533.333333333332,0,0.40625,5670.664123535156,12533.333333333332,2,0.40625,29588.692779541016,605,605,5151,2536,605,605,605,605,0,0,100,0,0,0,0,0,32353087488,8589930496,2927534080,0
199,1786321349816,1008.7212066650391,12533.333333333332,2,0.40625,904.0952911376953,12533.333333333332,2,0.40625,7549.429946899414,12533.333333333332,0,0.40625,5670.6702880859375,12533.333333333332,2,0.40625,29592.091674804688,605,605,5151,2536,605,605,605,605,0,0,100,0,0,0,0,0,32353087488,8589930496,2927534080,0
199,1786321350016,1008.7248077392578,12600,2,0.3999999999999999,904.1014862060547,12600,2,0.3999999999999999,7551.642440795898,12600,0,0.3999999999999999,5670.6766357421875,12600,2,0.3999999999999999,29595.490692138672,605,605,5151,2536,605,605,605,605,0,0,100,0,0,0,0,0,32353087488,8589930496,2935607296,0
199,1786321350216,1008.7297210693359,12533.333333333332,2,0.40625,904.1077575683594,12533.333333333332,2,0.40625,7553.842468261719,12533.333333333332,0,0.40625,5670.682861328125,12533.333333333332,2,0.40625,29598.890075683594,605,605,5151,2536,605,605,605,605,0,0,100,0,0,0,0,0,32353087488,8589930496,2935791616,0
199,1786321350416,1008.7334442138672,12600,2,0.3999999999999999,904.1149139404297,12600,2,0.3999999999999999,7556.044952392578,12600,0,0.3999999999999999,5670.6895751953125,12600,2,0.3999999999999999,29602.288803100586,605,605,5151,2536,605,605,605,605,0,0,100,0,0,0,0,0,32353087488,8589930496,2935791616,0
199,1786321350616,1008.7389984130859,12533.333333333332,2,0.40625,904.1212005615234,12533.333333333332,2,0.40625,7558.246795654297,12533.333333333332,0,0.40625,5670.695709228516,12533.333333333332,2,0.40625,29605.68864440918,605,605,5151,2536,605,605,605,605,0,0,100,0,0,0,0,0,32353087488,8589930496,2935791616,0
199,1786321350816,1008.742431640625,12533.333333333332,2,0.40625,904.1278686523438,12533.333333333332,0,0.40625,7560.445587158203,12533.333333333332,0,0.40625,5670.702056884766,12533.333333333332,0,0.40625,29609.088439941406,605,605,5151,2536,605,605,605,605,0,0,100,0,0,0,0,0,32353087488,8589930496,2935791616,0
199,1786321351016,1008.7457275390625,12533.333333333332,2,0.40625,904.1341400146484,12533.333333333332,2,0.40625,7562.645477294922,12533.333333333332,0,0.40625,5670.710189819336,12533.333333333332,0,0.40625,29612.486724853516,605,605,5151,2536,605,605,605,605,0,0,100,0,0,0,0,0,32353087488,8589930496,2935791616,0
199,1786321351217,1008.7490997314453,12533.333333333332,2,0.40625,904.140380859375,12533.333333333332,2,0.40625,7564.8443603515625,12533.333333333332,0,0.40625,5670.716781616211,12533.333333333332,2,0.40625,29615.88540649414,605,605,5151,2536,605,605,605,605,0,0,100,0,0,0,0,0,32353087488,8589930496,2935791616,0
199,1786321351417,1008.7545013427734,12533.333333333332,2,0.40625,904.147216796875,12533.333333333332,2,0.40625,7567.037780761719,12533.333333333332,0,0.40625,5670.723281860352,12533.333333333332,2,0.40625,29619.28387451172,605,605,5151,2536,605,605,605,605,0,0,100,0,0,0,0,0,32353087488,8589930496,2935791616,0
199,1786321351617,1008.7579193115234,12533.333333333332,2,0.4125000000000001,904.1535186767578,12533.333333333332,2,0.4125000000000001,7569.236511230469,12533.333333333332,0,0.4125000000000001,5670.729904174805,12533.333333333332,2,0.4125000000000001,29622.682540893555,605,605,5151,2536,605,605,605,605,0,0,100,0,0,0,0,0,32353087488,8589930496,2943864832,0
199,1786321351817,1008.7611541748047,12600,2,0.3999999999999999,904.1597747802734,12600,2,0.3999999999999999,7571.439437866211,12600,0,0.3999999999999999,5670.73649597168,12600,2,0.3999999999999999,29626.080932617188,605,605,5151,2536,605,605,605,605,0,0,100,0,0,0,0,0,32353087488,8589930496,2943864832,0
199,1786321352017,1008.7644195556641,12600,2,0.3999999999999999,904.1660614013672,12600,2,0.3999999999999999,7573.640670776367,12600,0,0.3999999999999999,5670.743133544922,12600,2,0.3999999999999999,29629.479705810547,605,605,5151,2536,605,605,605,605,0,0,100,0,0,0,0,0,32353087488,8589930496,2943864832,0
199,1786321352217,1008.7677154541016,12533.333333333332,2,0.40625,904.1723480224609,12533.333333333332,2,0.40625,7575.841094970703,12533.333333333332,0,0.40625,5670.749969482422,12533.333333333332,2,0.40625,29632.897720336914,605,605,5151,2536,605,605,605,605,0,0,100,0,0,0,0,0,32353087488,8589930496,2944049152,0
199,1786321352417,1008.7712707519531,12533.333333333332,2,0.40625,904.1791229248047,12533.333333333332,2,0.40625,7578.050720214844,12533.333333333332,0,0.40625,5670.7578125,12533.333333333332,2,0.40625,29636.29573059082,605,605,5151,2536,605,605,605,605,0,0,100,0,0,4.761904716491699,0,0,32353087488,8589930496,2952122368,0
199,1786321352617,1008.7744598388672,12533.333333333332,2,0.40625,904.1853485107422,12533.333333333332,2,0.40625,7580.251663208008,12533.333333333332,0,0.40625,5670.765563964844,12533.333333333332,2,0.40625,29639.69480895996,605,605,5151,2536,605,605,605,605,0,0,100,0,0,0,0,0,32353087488,8589930496,2952122368,0
199,1786321352817,1008.7777404785156,12533.333333333332,2,0.4125000000000001,904.1916046142578,12533.333333333332,2,0.4125000000000001,7582.454528808594,12533.333333333332,0,0.4125000000000001,5670.772079467773,12533.333333333332,2,0.4125000000000001,29643.09455871582,605,605,5151,2536,605,605,605,605,0,0,100,0,0,0,0,0,32353087488,8589930496,2952122368,0
199,1786321353017,1008.781005859375,12533.333333333332,2,0.40625,904.1979217529297,12533.333333333332,2,0.4125000000000001,7584.6583251953125,12533.333333333332,0,0.4125000000000001,5670.778533935547,12533.333333333332,0,0.4125000000000001,29646.492904663086,605,605,5151,2536,605,605,605,605,0,0,100,0,0,0,0,0,32353087488,8589930496,2960494592,0
199,1786321353218,1008.7843475341797,12533.333333333332,2,0.40625,904.2041625976563,12600,2,0.40625,7586.85954284668,12600,0,0.40625,5670.7850341796875,12600,0,0.40625,29649.89144897461,605,605,5151,2536,605,605,605,605,0,0,100,4.761904716491699,0,0,0,0,32353087488,8589930496,2960564224,0
199,1786321353418,1008.7890930175781,12533.333333333332,2,0.40625,904.2132263183594,12533.333333333332,2,0.40625,7589.054916381836,12533.333333333332,0,0.40625,5670.792587280273,12533.333333333332,0,0.40625,29653.290634155273,605,605,5151,2536,605,605,605,605,0,0,100,0,0,0,0,0,32353087488,8589930496,2960564224,0
199,1786321353618,1008.7923889160156,12600,2,0.40625,904.219482421875,12600,2,0.40625,7591.259872436523,12600,0,0.40625,5670.8009033203125,12600,2,0.40625,29656.689483642578,605,605,5151,2536,605,605,605,605,0,0,100,0,0,0,0,0,32353087488,8589930496,2960564224,0
199,1786321353818,1008.7957153320313,12533.333333333332,2,0.3999999999999999,904.2257080078125,12533.333333333332,2,0.3999999999999999,7593.461624145508,12533.333333333332,0,0.3999999999999999,5670.807861328125,12533.333333333332,2,0.3999999999999999,29660.088165283203,605,605,5151,2536,605,605,605,605,0,0,100,0,0,0,0,0,32353087488,8589930496,2960564224,0
199,1786321354018,1008.7989959716797,12533.333333333332,2,0.40625,904.2319946289063,12533.333333333332,2,0.40625,7595.662216186523,12533.333333333332,0,0.40625,5670.815032958984,12533.333333333332,2,0.40625,29663.487915039063,605,605,5151,2536,605,605,605,605,0,0,100,0,0,0,0,0,32353087488,8589930496,2960564224,0
199,1786321354218,1008.80224609375,12533.333333333332,2,0.40625,904.2382507324219,12533.333333333332,2,0.40625,7597.859939575195,12533.333333333332,0,0.40625,5670.821578979492,12533.333333333332,2,0.40625,29666.886688232422,605,605,5151,2536,605,605,605,605,0,0,100,0,0,0,0,0,32353087488,8589930496,2960564224,0
199,1786321354418,1008.8058166503906,12533.333333333332,2,0.40625,904.2452239990234,12533.333333333332,2,0.40625,7600.05778503418,12533.333333333332,0,0.40625,5670.8289794921875,12533.333333333332,2,0.40625,29670.28648376465,605,605,5151,2536,605,605,605,605,0,0,100,0,0,0,0,0,32353087488,8589930496,2968637440,0
199,1786321354618,1008.8090667724609,12600,2,0.40625,904.2515563964844,12600,2,0.40625,7602.266784667969,12600,0,0.40625,5670.835754394531,12600,2,0.40625,29673.70100402832,605,605,5151,2536,605,605,605,605,0,0,100,0,0,0,0,0,32353087488,8589930496,2968637440,0
199,1786321354818,1008.8123474121094,12533.333333333332,2,0.3999999999999999,904.2578277587891,12533.333333333332,2,0.3999999999999999,7604.466125488281,12533.333333333332,0,0.3999999999999999,5670.843841552734,12533.333333333332,2,0.3999999999999999,29677.099899291992,605,605,5151,2536,605,605,605,605,0,0,100,0,0,0,0,0,32353087488,8589930496,2968637440,0
199,1786321355018,1008.8155975341797,12533.333333333332,2,0.4125000000000001,904.2640838623047,12533.333333333332,2,0.4125000000000001,7606.668060302734,12533.333333333332,0,0.4125000000000001,5670.851318359375,12533.333333333332,2,0.4125000000000001,29680.49981689453,605,605,5151,2536,605,605,605,605,0,0,100,0,0,0,0,0,32353087488,8589930496,2968637440,0
199,1786321355218,1008.81884765625,12600,2,0.3999999999999999,904.2703552246094,12600,2,0.3999999999999999,7608.866180419922,12600,0,0.3999999999999999,5670.858917236328,12600,2,0.3999999999999999,29683.897842407227,605,605,5151,2536,605,605,605,605,0,0,100,0,0,0,0,0,32353087488,8589930496,2968821760,0
199,1786321355419,1008.8227081298828,12533.333333333332,2,0.40625,904.2766265869141,12533.333333333332,0,0.40625,7611.032211303711,12533.333333333332,0,0.40625,5670.920959472656,12533.333333333332,0,0.40625,29687.295532226563,605,605,5151,2536,605,605,605,605,0,0,100,5,0,0,0,0,32353087488,8589930496,2968821760,0
199,1786321355619,1008.8261871337891,12600,2,0.40625,904.2831573486328,12600,0,0.40625,7613.234069824219,12600,0,0.40625,5670.927474975586,12600,0,0.40625,29690.695068359375,605,605,5151,2536,605,605,605,605,0,0,100,4.761904716491699,0,0,0,0,32353087488,8589930496,2968821760,0
199,1786321355819,1008.8295593261719,12600,2,0.3999999999999999,904.2893218994141,12600,2,0.3999999999999999,7615.432601928711,12600,0,0.3999999999999999,5670.933883666992,12600,0,0.3999999999999999,29694.093856811523,605,605,5151,2536,605,605,605,605,0,0,100,0,0,0,0,0,32353087488,8589930496,2968821760,0
199,1786321356019,1008.8328857421875,12600,2,0.4125000000000001,904.2956085205078,12600,2,0.4125000000000001,7617.633102416992,12600,0,0.4125000000000001,5670.943466186523,12600,2,0.4125000000000001,29697.4942779541,605,605,5151,2536,605,605,605,605,0,0,100,0,0,0,0,0,32353087488,8589930496,2976894976,0
199,1786321356219,1008.8362274169922,12533.333333333332,2,0.40625,904.3018646240234,12533.333333333332,2,0.40625,7619.830825805664,12533.333333333332,0,0.40625,5670.951217651367,12533.333333333332,2,0.40625,29700.89292907715,605,605,5151,2536,605,605,605,605,0,0,100,0,0,0,0,0,32353087488,8589930496,2977079296,0
199,1786321356419,1008.8396606445313,12600,2,0.4125000000000001,904.3082427978516,12600,2,0.4125000000000001,7622.037567138672,12600,0,0.4125000000000001,5670.957855224609,12600,2,0.4125000000000001,29704.292282104492,605,605,5151,2536,605,605,605,605,0,0,100,0,0,0,0,0,32353087488,8589930496,2977079296,0
199,1786321356619,1008.8431243896484,12533.333333333332,2,0.4125000000000001,904.3148498535156,12533.333333333332,2,0.4125000000000001,7624.240631103516,12533.333333333332,0,0.4125000000000001,5670.964401245117,12533.333333333332,2,0.4125000000000001,29707.69157409668,605,605,5151,2536,605,605,605,605,0,0,100,0,0,0,0,0,32353087488,8589930496,2977079296,0
199,1786321356819,1008.8464813232422,12600,2,0.40625,904.3211212158203,12600,2,0.40625,7626.440002441406,12600,0,0.40625,5670.971496582031,12600,2,0.40625,29711.088943481445,605,605,5151,2536,605,605,605,605,0,0,100,0,0,0,0,0,32353087488,8589930496,2977079296,0
199,1786321357019,1008.8497314453125,12600,2,0.40625,904.3273162841797,12600,2,0.40625,7628.651458740234,12600,0,0.40625,5670.978591918945,12600,2,0.40625,29714.504989624023,605,605,5151,2536,605,605,605,605,0,0,100,0,0,0,0,0,32353087488,8589930496,2977079296,0
199,1786321357219,1008.8530426025391,12533.333333333332,2,0.40625,904.3336639404297,12533.333333333332,2,0.40625,7630.854553222656,12533.333333333332,0,0.40625,5670.986465454102,12533.333333333332,2,0.40625,29717.905670166016,605,605,5151,2536,605,605,605,605,0,0,100,0,0,0,4.761904716491699,0,32353087488,8589930496,2977079296,0
199,1786321357419,1008.8569641113281,12533.333333333332,2,0.40625,904.3416748046875,12533.333333333332,2,0.40625,7633.051239013672,12533.333333333332,0,0.40625,5670.994522094727,12533.333333333332,2,0.40625,29721.30451965332,605,605,5151,2536,605,605,605,605,0,0,100,0,0,0,0,0,32353087488,8589930496,2985152512,0
199,1786321357620,1008.8604278564453,12533.333333333332,2,0.40625,904.3480529785156,12533.333333333332,2,0.40625,7635.255065917969,12533.333333333332,0,0.40625,5671.002380371094,12533.333333333332,0,0.40625,29724.703674316406,605,605,5151,2536,605,605,605,605,0,0,100,4.761904716491699,0,0,0,0,32353087488,8589930496,2985152512,0
199,1786321357820,1008.8639526367188,12533.333333333332,2,0.40625,904.3543701171875,12533.333333333332,0,0.40625,7637.451278686523,12533.333333333332,0,0.40625,5671.011337280273,12533.333333333332,0,0.40625,29728.10270690918,605,605,5151,2536,605,605,605,605,0,0,100,0,0,0,0,0,32353087488,8589930496,2985152512,0
199,1786321358020,1008.8672485351563,12600,2,0.40625,904.3605194091797,12600,0,0.40625,7639.653396606445,12600,0,0.40625,5671.017761230469,12600,0,0.40625,29731.500045776367,605,605,5151,2536,605,605,605,605,0,0,100,0,0,0,0,0,32353087488,8589930496,2985152512,0
199,1786321358220,1008.8705291748047,12533.333333333332,2,0.40625,904.3667449951172,12533.333333333332,2,0.40625,7641.858428955078,12533.333333333332,0,0.40625,5671.024261474609,12533.333333333332,0,0.40625,29734.900329589844,605,605,5151,2536,605,605,605,605,0,0,100,0,0,0,0,0,32353087488,8589930496,2985336832,0
199,1786321358420,1008.8745880126953,12533.333333333332,2,0.4125000000000001,904.3733367919922,12533.333333333332,2,0.4125000000000001,7644.058090209961,12533.333333333332,0,0.4125000000000001,5671.031066894531,12533.333333333332,2,0.4125000000000001,29738.299392700195,605,605,5151,2536,605,605,605,605,0,0,100,0,0,0,0,0,32353087488,8589930496,2985336832,0
199,1786321358620,1008.8781280517578,12533.333333333332,2,0.3999999999999999,904.3799133300781,12533.333333333332,2,0.3999999999999999,7646.261947631836,12533.333333333332,0,0.3999999999999999,5671.037536621094,12533.333333333332,2,0.3999999999999999,29741.697647094727,605,605,5151,2536,605,605,605,605,0,0,100,0,0,0,0,0,32353087488,8589930496,2985336832,0
199,1786321358820,1008.8815765380859,12600,2,0.3999999999999999,904.3861846923828,12600,2,0.3999999999999999,7648.463455200195,12600,0,0.3999999999999999,5671.044189453125,12600,2,0.3999999999999999,29745.09651184082,605,605,5151,2536,605,605,605,605,0,0,100,0,0,0,0,0,32353087488,8589930496,2993410048,0
199,1786321359020,1008.8849029541016,12600,2,0.40625,904.3924255371094,12600,2,0.40625,7650.667449951172,12600,0,0.40625,5671.0506591796875,12600,2,0.40625,29748.495864868164,605,605,5151,2536,605,605,605,605,0,0,100,0,0,0,0,0,32353087488,8589930496,2993410048,0
199,1786321359220,1008.88818359375,12533.333333333332,2,0.40625,904.3986663818359,12533.333333333332,2,0.40625,7652.865173339844,12533.333333333332,0,0.40625,5671.057907104492,12533.333333333332,2,0.40625,29751.895401000977,605,605,5151,2536,605,605,605,605,0,0,100,0,0,0,0,0,32353087488,8589930496,2993594368,0
200,1786321359420,1008.9734344482422,14600,0,0.3374999999999999,904.4608154296875,14600,0,0.3374999999999999,7654.877365112305,14600,0,0.3374999999999999,5671.118682861328,14600,0,0.3374999999999999,29755.23973083496,605,605,5151,2536,605,605,605,605,0,0,100,0,0,0,0,0,32353087488,8589930496,2805821440,0
199,1786321359620,1009.1150512695313,12266.666666666668,2,0.40625,904.6003875732422,12266.666666666668,2,0.40625,7655.032073974609,12266.666666666668,2,0.40625,5673.018890380859,12266.666666666668,0,0.40625,29758.7108001709,605,605,5151,2536,605,605,605,605,2.5,0,48.71794891357422,0,4.878048419952393,0,0,42.5,32353087488,8589930496,2954223616,0
199,1786321359821,1009.169189453125,12333.333333333332,2,0.40625,904.6040496826172,12333.333333333332,2,0.40625,7655.038497924805,12333.333333333332,2,0.40625,5675.165557861328,12333.333333333332,0,0.40625,29762.123779296875,605,605,5151,2536,605,605,605,605,0,0,0,100,0,0,0,0,32353087488,8589930496,2954469376,0
199,1786321360021,1009.1729736328125,12466.666666666668,2,0.4125000000000001,904.6077575683594,12466.666666666668,2,0.4125000000000001,7655.050872802734,12466.666666666668,2,0.4125000000000001,5677.361434936523,12400,0,0.4125000000000001,29765.51708984375,605,605,5151,2536,605,605,605,605,0,0,0,100,0,0,4.761904716491699,0,32353087488,8589930496,2956263424,0
199,1786321360221,1009.1762847900391,12466.666666666668,2,0.40625,904.6109008789063,12466.666666666668,2,0.4125000000000001,7655.059066772461,12466.666666666668,0,0.4125000000000001,5679.566864013672,12466.666666666668,0,0.4125000000000001,29768.91342163086,605,605,5151,2536,605,605,605,605,0,0,0,100,0,0,0,0,32353087488,8589930496,2958057472,0
199,1786321360421,1009.1807098388672,12333.333333333332,2,0.4125000000000001,904.6229858398438,12333.333333333332,2,0.4125000000000001,7655.065719604492,12333.333333333332,0,0.4125000000000001,5681.739105224609,12333.333333333332,0,0.4125000000000001,29772.316146850586,605,605,5151,2536,605,605,605,605,4.761904716491699,0,0,100,0,0,0,0,32353087488,8589930496,2955345920,0
199,1786321360621,1009.1841430664063,12333.333333333332,2,0.40625,904.6265563964844,12333.333333333332,2,0.40625,7655.072601318359,12333.333333333332,0,0.40625,5683.942184448242,12333.333333333332,0,0.40625,29775.713485717773,605,605,5151,2536,605,605,605,605,0,0,0,100,0,0,0,0,32353087488,8589930496,2959233024,0
199,1786321360821,1009.1875152587891,12400,2,0.40625,904.6298370361328,12400,2,0.40625,7655.079147338867,12400,2,0.40625,5686.14079284668,12400,0,0.40625,29779.10906982422,605,605,5151,2536,605,605,605,605,0,0,0,100,0,0,0,0,32353087488,8589930496,2959233024,0
199,1786321361021,1009.1909332275391,12466.666666666668,2,0.4125000000000001,904.6331176757813,12466.666666666668,2,0.4125000000000001,7655.085693359375,12466.666666666668,2,0.4125000000000001,5688.344161987305,12466.666666666668,0,0.4125000000000001,29782.506408691406,605,605,5151,2536,605,605,605,605,0,0,0,100,0,0,0,0,32353087488,8589930496,2959233024,0
199,1786321361221,1009.1941986083984,12400,2,0.4125000000000001,904.6362152099609,12400,2,0.4125000000000001,7655.092193603516,12400,2,0.4125000000000001,5690.551116943359,12400,0,0.4125000000000001,29785.906127929688,605,605,5151,2536,605,605,605,605,0,0,0,100,0,0,0,0,32353087488,8589930496,2959474688,0
199,1786321361421,1009.2044372558594,12400,2,0.40625,904.6447296142578,12400,2,0.40625,7655.107864379883,12400,2,0.40625,5692.736679077148,12400,0,0.40625,29789.321655273438,605,605,5151,2536,605,605,605,605,0,0,0,100,0,0,0,0,32353087488,8589930496,2961887232,0
199,1786321361621,1009.2079315185547,12400,2,0.4125000000000001,904.6484375,12400,2,0.4125000000000001,7655.116790771484,12400,2,0.4125000000000001,5694.935760498047,12400,0,0.4125000000000001,29792.72003173828,605,605,5151,2536,605,605,605,605,0,4.761904716491699,0,100,0,0,0,0,32353087488,8589930496,2961887232,0
199,1786321361821,1009.2113189697266,12466.666666666668,2,0.40625,904.6517791748047,12466.666666666668,2,0.40625,7655.125274658203,12466.666666666668,2,0.40625,5697.139099121094,12466.666666666668,0,0.40625,29796.11769104004,605,605,5151,2536,605,605,605,605,0,0,0,100,0,0,4.761904716491699,0,32353087488,8589930496,2961887232,0
199,1786321362021,1009.2147521972656,12466.666666666668,2,0.40625,904.6550750732422,12466.666666666668,2,0.40625,7655.133941650391,12466.666666666668,2,0.40625,5699.340347290039,12466.666666666668,0,0.40625,29799.516082763672,605,605,5151,2536,605,605,605,605,0,0,0,100,0,0,0,0,32353087488,8589930496,2961887232,0
199,1786321362222,1009.2180938720703,12400,2,0.40625,904.6583557128906,12400,2,0.40625,7655.142791748047,12400,2,0.40625,5701.543319702148,12400,0,0.40625,29802.917205810547,605,605,5151,2536,605,605,605,605,0,0,0,100,0,0,0,0,32353087488,8589930496,2962071552,0
199,1786321362422,1009.2220764160156,12333.333333333332,2,0.40625,904.6620635986328,12333.333333333332,2,0.40625,7655.151916503906,12333.333333333332,0,0.40625,5703.74348449707,12333.333333333332,0,0.40625,29806.316619873047,605,605,5151,2536,605,605,605,605,4.761904716491699,0,0,100,0,0,0,0,32353087488,8589930496,2962071552,0
199,1786321362622,1009.2253723144531,12400,2,0.40625,904.6653442382813,12400,2,0.40625,7655.160385131836,12400,2,0.40625,5705.947341918945,12333.333333333332,0,0.40625,29809.71469116211,605,605,5151,2536,605,605,605,605,0,0,0,100,0,0,0,0,32353087488,8589930496,2962071552,0
199,1786321362822,1009.2287139892578,12333.333333333332,0,0.40625,904.6686706542969,12333.333333333332,2,0.40625,7655.166854858398,12333.333333333332,0,0.40625,5708.1470947265625,12333.333333333332,0,0.40625,29813.114334106445,605,605,5151,2536,605,605,605,605,0,0,0,100,0,0,0,0,32353087488,8589930496,2970144768,0
199,1786321363022,1009.2320251464844,12333.333333333332,2,0.40625,904.6719512939453,12333.333333333332,2,0.40625,7655.173324584961,12333.333333333332,0,0.40625,5710.348815917969,12333.333333333332,0,0.40625,29816.512985229492,605,605,5151,2536,605,605,605,605,0,0,0,100,0,0,0,0,32353087488,8589930496,2970144768,0
199,1786321363222,1009.2353210449219,12400,2,0.40625,904.6752319335938,12400,2,0.40625,7655.179733276367,12400,2,0.40625,5712.548049926758,12400,0,0.40625,29819.909606933594,605,605,5151,2536,605,605,605,605,0,0,0,100,0,0,0,0,32353087488,8589930496,2970329088,0
199,1786321363422,1009.2390899658203,12333.333333333332,2,0.40625,904.6786956787109,12333.333333333332,2,0.40625,7655.188812255859,12333.333333333332,2,0.40625,5714.748199462891,12333.333333333332,0,0.40625,29823.311477661133,605,605,5151,2536,605,605,605,605,0,0,0,100,0,0,0,0,32353087488,8589930496,2970329088,0
199,1786321363622,1009.2424774169922,12400,2,0.4125000000000001,904.6820220947266,12400,2,0.4125000000000001,7655.196380615234,12400,2,0.4125000000000001,5716.946350097656,12400,0,0.4125000000000001,29826.70782470703,605,605,5151,2536,605,605,605,605,0,0,0,100,0,0,0,0,32353087488,8589930496,2970329088,0
199,1786321363822,1009.2459411621094,12400,2,0.40625,904.6857757568359,12400,2,0.40625,7655.209655761719,12400,2,0.40625,5719.145721435547,12400,0,0.40625,29830.107421875,605,605,5151,2536,605,605,605,605,0,0,4.761904716491699,100,0,0,0,0,32353087488,8589930496,2965184512,0
199,1786321364022,1009.2492828369141,12466.666666666668,2,0.40625,904.6890563964844,12466.666666666668,2,0.40625,7655.2171630859375,12466.666666666668,2,0.40625,5721.349380493164,12466.666666666668,0,0.40625,29833.505477905273,605,605,5151,2536,605,605,605,605,0,0,0,100,0,0,0,0,32353087488,8589930496,2965184512,0
199,1786321364222,1009.2526092529297,12400,2,0.40625,904.6923828125,12400,2,0.40625,7655.22492980957,12400,2,0.40625,5723.559906005859,12400,0,0.40625,29836.922912597656,605,605,5151,2536,605,605,605,605,0,0,0,100,0,0,0,0,32353087488,8589930496,2973257728,0
199,1786321364423,1009.2563018798828,12333.333333333332,2,0.40625,904.6959228515625,12333.333333333332,2,0.40625,7655.232559204102,12333.333333333332,2,0.40625,5725.756973266602,12333.333333333332,0,0.40625,29840.323348999023,605,605,5151,2536,605,605,605,605,0,0,0,100,0,0,0,0,32353087488,8589930496,2973257728,0
199,1786321364623,1009.2598876953125,12333.333333333332,2,0.4125000000000001,904.7041778564453,12333.333333333332,2,0.4125000000000001,7655.240463256836,12333.333333333332,2,0.4125000000000001,5727.9525146484375,12333.333333333332,0,0.4125000000000001,29843.722702026367,605,605,5151,2536,605,605,605,605,0,0,0,100,0,0,0,0,32353087488,8589930496,2973257728,0
199,1786321364823,1009.2633361816406,12333.333333333332,2,0.4125000000000001,904.7077941894531,12333.333333333332,2,0.4125000000000001,7655.24983215332,12333.333333333332,2,0.4125000000000001,5730.146453857422,12333.333333333332,0,0.4125000000000001,29847.12107849121,605,605,5151,2536,605,605,605,605,0,0,0,100,0,0,0,0,32353087488,8589930496,2973257728,0
199,1786321365023,1009.2667541503906,12400,2,0.40625,904.7110900878906,12400,2,0.40625,7655.258346557617,12400,0,0.40625,5732.345474243164,12400,0,0.40625,29850.518096923828,605,605,5151,2536,605,605,605,605,0,0,0,100,0,0,0,0,32353087488,8589930496,2973257728,0
199,1786321365223,1009.2701263427734,12333.333333333332,0,0.4125000000000001,904.7143707275391,12333.333333333332,2,0.4125000000000001,7655.265594482422,12333.333333333332,0,0.4125000000000001,5734.549728393555,12333.333333333332,0,0.4125000000000001,29853.918029785156,605,605,5151,2536,605,605,605,605,0,0,0,100,0,0,0,0,32353087488,8589930496,2968657920,0
199,1786321365423,1009.2792816162109,12266.666666666668,2,0.4125000000000001,904.724853515625,12266.666666666668,2,0.4125000000000001,7655.276916503906,12266.666666666668,2,0.4125000000000001,5736.727310180664,12266.666666666668,0,0.4125000000000001,29857.318099975586,605,605,5151,2536,605,605,605,605,0,0,0,100,0,0,0,0,32353087488,8589930496,2968915968,0
199,1786321365623,1009.2826232910156,12333.333333333332,2,0.40625,904.7279510498047,12333.333333333332,2,0.40625,7655.285125732422,12333.333333333332,2,0.40625,5738.928924560547,12333.333333333332,0,0.40625,29860.716522216797,605,605,5151,2536,605,605,605,605,0,0,0,100,0,0,4.761904716491699,0,32353087488,8589930496,2968915968,0
199,1786321365823,1009.2860260009766,12466.666666666668,2,0.40625,904.7316131591797,12466.666666666668,2,0.40625,7655.294143676758,12466.666666666668,2,0.40625,5741.12580871582,12466.666666666668,0,0.40625,29864.111938476563,605,605,5151,2536,605,605,605,605,0,0,0,100,0,0,0,0,32353087488,8589930496,2976989184,0
199,1786321366023,1009.289306640625,12466.666666666668,2,0.4125000000000001,904.7349395751953,12466.666666666668,2,0.4125000000000001,7655.301696777344,12466.666666666668,2,0.4125000000000001,5743.3299560546875,12466.666666666668,0,0.4125000000000001,29867.51058959961,605,605,5151,2536,605,605,605,605,0,0,0,100,0,0,0,0,32353087488,8589930496,2976989184,0
199,1786321366223,1009.2926788330078,12333.333333333332,2,0.4125000000000001,904.7382354736328,12333.333333333332,2,0.4125000000000001,7655.309280395508,12333.333333333332,2,0.4125000000000001,5745.529891967773,12333.333333333332,0,0.4125000000000001,29870.913665771484,605,605,5151,2536,605,605,605,605,0,0,0,100,0,0,0,0,32353087488,8589930496,2977173504,0
199,1786321366423,1009.2966613769531,12333.333333333332,2,0.4125000000000001,904.7421264648438,12333.333333333332,2,0.4125000000000001,7655.317687988281,12333.333333333332,2,0.4125000000000001,5747.739242553711,12333.333333333332,0,0.4125000000000001,29874.329559326172,605,605,5151,2536,605,605,605,605,0,0,0,100,0,0,0,0,32353087488,8589930496,2977173504,0
199,1786321366624,1009.2999725341797,12266.666666666668,2,0.4125000000000001,904.7452392578125,12266.666666666668,2,0.4125000000000001,7655.327011108398,12266.666666666668,2,0.4125000000000001,5749.93782043457,12266.666666666668,0,0.4125000000000001,29877.729232788086,605,605,5151,2536,605,605,605,605,0,0,0,100,0,0,0,0,32353087488,8589930496,2977173504,0
199,1786321366824,1009.3035125732422,12266.666666666668,2,0.4125000000000001,904.7488708496094,12266.666666666668,2,0.4125000000000001,7655.334899902344,12266.666666666668,2,0.4125000000000001,5752.137451171875,12266.666666666668,0,0.4125000000000001,29881.128326416016,605,605,5151,2536,605,605,605,605,0,0,0,100,0,0,0,0,32353087488,8589930496,2977173504,0
199,1786321367024,1009.3069000244141,12333.333333333332,2,0.40625,904.7521362304688,12333.333333333332,2,0.40625,7655.3433837890625,12333.333333333332,2,0.40625,5754.338562011719,12333.333333333332,0,0.40625,29884.52540588379,605,605,5151,2536,605,605,605,605,0,0,0,100,0,0,0,0,32353087488,8589930496,2977173504,0
199,1786321367224,1009.3102264404297,12266.666666666668,2,0.4125000000000001,904.7554168701172,12266.666666666668,2,0.4125000000000001,7655.353469848633,12266.666666666668,2,0.4125000000000001,5756.538925170898,12266.666666666668,0,0.4125000000000001,29887.925735473633,605,605,5151,2536,605,605,605,605,0,0,0,100,0,0,0,0,32353087488,8589930496,2985246720,0
199,1786321367424,1009.31396484375,12333.333333333332,0,0.4125000000000001,904.7591400146484,12333.333333333332,2,0.4125000000000001,7655.359939575195,12333.333333333332,0,0.4125000000000001,5758.734573364258,12333.333333333332,0,0.4125000000000001,29891.3231048584,605,605,5151,2536,605,605,605,605,0,0,0,100,0,0,0,0,32353087488,8589930496,2985246720,0
199,1786321367624,1009.3173522949219,12400,0,0.40625,904.7626495361328,12400,2,0.40625,7655.366607666016,12400,0,0.40625,5760.936660766602,12400,0,0.40625,29894.720642089844,605,605,5151,2536,605,605,605,605,0,0,0,100,0,0,0,0,32353087488,8589930496,2981281792,0
199,1786321367824,1009.3207550048828,12333.333333333332,2,0.40625,904.7659606933594,12333.333333333332,2,0.40625,7655.373107910156,12333.333333333332,2,0.40625,5763.136093139648,12333.333333333332,0,0.40625,29898.12222290039,605,605,5151,2536,605,605,605,605,0,0,0,100,0,0,0,0,32353087488,8589930496,2981281792,0
200,1786321368024,1009.3240814208984,12333.333333333332,2,0.4125000000000001,904.7692413330078,12333.333333333332,2,0.4125000000000001,7655.38134765625,12333.333333333332,2,0.4125000000000001,5765.338043212891,12333.333333333332,0,0.4125000000000001,29901.520751953125,605,605,5151,2536,605,605,605,605,0,0,0,100,0,0,0,0,32353087488,8589930496,2981281792,0
199,1786321368224,1009.3273620605469,12533.333333333332,2,0.4125000000000001,904.7727661132813,12533.333333333332,2,0.4125000000000001,7655.38818359375,12533.333333333332,2,0.4125000000000001,5767.5380859375,12533.333333333332,0,0.4125000000000001,29904.914794921875,605,605,5151,2536,605,605,605,605,0,0,0,100,0,0,0,0,32353087488,8589930496,2981466112,0
199,1786321368424,1009.3308715820313,12533.333333333332,2,0.3999999999999999,904.7764434814453,12533.333333333332,2,0.3999999999999999,7655.395721435547,12533.333333333332,2,0.3999999999999999,5769.737319946289,12533.333333333332,0,0.3999999999999999,29908.314514160156,605,605,5151,2536,605,605,605,605,0,0,0,100,0,0,0,0,32353087488,8589930496,2981466112,0
199,1786321368625,1009.3341674804688,12533.333333333332,2,0.3999999999999999,904.7801208496094,12533.333333333332,2,0.3999999999999999,7655.404067993164,12533.333333333332,2,0.3999999999999999,5771.939605712891,12533.333333333332,0,0.3999999999999999,29911.712982177734,605,605,5151,2536,605,605,605,605,0,0,0,100,0,0,0,0,32353087488,8589930496,2989539328,0
199,1786321368825,1009.3376159667969,12466.666666666668,2,0.40625,904.7839965820313,12466.666666666668,2,0.40625,7655.412200927734,12466.666666666668,2,0.40625,5774.15544128418,12466.666666666668,0,0.40625,29915.131622314453,605,605,5151,2536,605,605,605,605,0,0,0,100,0,0,0,0,32353087488,8589930496,2989539328,0
199,1786321369025,1009.3409881591797,12466.666666666668,2,0.40625,904.78759765625,12466.666666666668,2,0.40625,7655.420379638672,12466.666666666668,2,0.40625,5776.3594970703125,12466.666666666668,0,0.40625,29918.530838012695,605,605,5151,2536,605,605,605,605,0,0,0,100,0,0,4.761904716491699,0,32353087488,8589930496,2989539328,0
199,1786321369225,1009.3443756103516,12466.666666666668,2,0.40625,904.7909545898438,12466.666666666668,2,0.40625,7655.428771972656,12466.666666666668,2,0.40625,5778.559631347656,12466.666666666668,0,0.40625,29921.931228637695,605,605,5151,2536,605,605,605,605,0,0,0,100,0,0,0,0,32353087488,8589930496,2989723648,0
199,1786321369425,1009.3480987548828,12466.666666666668,2,0.4125000000000001,904.7979888916016,12466.666666666668,2,0.40625,7655.43782043457,12466.666666666668,0,0.40625,5780.755661010742,12466.666666666668,0,0.40625,29925.329528808594,605,605,5151,2536,605,605,605,605,0,0,0,100,0,0,0,0,32353087488,8589930496,2986029056,0
199,1786321369625,1009.3514556884766,12600,2,0.3999999999999999,904.8019104003906,12600,2,0.3999999999999999,7655.444381713867,12533.333333333332,0,0.3999999999999999,5782.955917358398,12533.333333333332,0,0.3999999999999999,29928.72543334961,605,605,5151,2536,605,605,605,605,0,0,0,100,0,0,0,0,32353087488,8589930496,2986029056,0
199,1786321369825,1009.3549652099609,12466.666666666668,2,0.40625,904.8059539794922,12466.666666666668,0,0.40625,7655.452438354492,12466.666666666668,0,0.40625,5785.159210205078,12466.666666666668,0,0.40625,29932.12873840332,605,605,5151,2536,605,605,605,605,0,0,0,100,0,0,0,0,32353087488,8589930496,2986029056,0
199,1786321370025,1009.3582153320313,12533.333333333332,2,0.4125000000000001,904.8094635009766,12533.333333333332,2,0.4125000000000001,7655.458877563477,12533.333333333332,0,0.4125000000000001,5787.361480712891,12533.333333333332,0,0.4125000000000001,29935.525848388672,605,605,5151,2536,605,605,605,605,0,0,0,100,0,0,0,0,32353087488,8589930496,2986029056,0
199,1786321370225,1009.3634338378906,12533.333333333332,2,0.3999999999999999,904.8292541503906,12533.333333333332,2,0.3999999999999999,7655.465515136719,12533.333333333332,2,0.3999999999999999,5789.539520263672,12533.333333333332,0,0.3999999999999999,29938.924728393555,605,605,5151,2536,605,605,605,605,0,0,0,95.23809814453125,0,0,0,0,32353087488,8589930496,2994270208,0
199,1786321370425,1009.3673248291016,12466.666666666668,2,0.3999999999999999,904.8336334228516,12466.666666666668,2,0.3999999999999999,7655.473159790039,12466.666666666668,2,0.3999999999999999,5791.7431640625,12466.666666666668,0,0.3999999999999999,29942.32405090332,605,605,5151,2536,605,605,605,605,0,0,0,100,0,0,0,0,32353087488,8589930496,2994270208,0
199,1786321370625,1009.3706512451172,12466.666666666668,2,0.40625,904.8375244140625,12466.666666666668,2,0.40625,7655.479995727539,12466.666666666668,2,0.40625,5793.948593139648,12466.666666666668,0,0.40625,29945.72361755371,605,605,5151,2536,605,605,605,605,0,0,0,100,0,0,4.761904716491699,0,32353087488,8589930496,2994270208,0
199,1786321370826,1009.3739776611328,12466.666666666668,2,0.3999999999999999,904.8411712646484,12466.666666666668,2,0.3999999999999999,7655.488235473633,12466.666666666668,2,0.3999999999999999,5796.151870727539,12466.666666666668,0,0.3999999999999999,29949.121795654297,605,605,5151,2536,605,605,605,605,0,0,0,100,0,0,0,0,32353087488,8589930496,2994270208,0
199,1786321371026,1009.3772888183594,12466.666666666668,2,0.40625,904.8449859619141,12466.666666666668,2,0.40625,7655.496643066406,12466.666666666668,2,0.40625,5798.346084594727,12466.666666666668,0,0.40625,29952.52081298828,605,605,5151,2536,605,605,605,605,0,0,0,100,0,0,0,0,32353087488,8589930496,2994270208,0
199,1786321371226,1009.3805847167969,12533.333333333332,2,0.3999999999999999,904.8488922119141,12533.333333333332,2,0.3999999999999999,7655.504333496094,12533.333333333332,2,0.3999999999999999,5800.560485839844,12533.333333333332,0,0.3999999999999999,29955.936309814453,605,605,5151,2536,605,605,605,605,0,0,0,100,0,0,0,0,32353087488,8589930496,2994270208,0
199,1786321371426,1009.4363555908203,12466.666666666668,2,0.40625,904.8531951904297,12466.666666666668,2,0.40625,7655.510025024414,12466.666666666668,2,0.40625,5802.723388671875,12466.666666666668,0,0.40625,29959.335678100586,605,605,5151,2536,605,605,605,605,5,0,0,100,0,0,0,0,32353087488,8589930496,2994270208,0
199,1786321371626,1009.4400787353516,12466.666666666668,2,0.40625,904.857421875,12466.666666666668,2,0.40625,7655.51628112793,12466.666666666668,2,0.40625,5804.930221557617,12466.666666666668,0,0.40625,29962.734085083008,605,605,5151,2536,605,605,605,605,0,0,0,100,0,0,0,0,32353087488,8589930496,3002343424,0
199,1786321371826,1009.4436492919922,12533.333333333332,2,0.40625,904.8614654541016,12533.333333333332,2,0.40625,7655.522445678711,12533.333333333332,2,0.40625,5807.133636474609,12533.333333333332,0,0.40625,29966.132247924805,605,605,5151,2536,605,605,605,605,0,0,0,100,0,0,0,0,32353087488,8589930496,3002343424,0
199,1786321372026,1009.4472198486328,12666.666666666668,2,0.40625,904.8661346435547,12666.666666666668,2,0.40625,7655.528625488281,12666.666666666668,2,0.3999999999999999,5809.336837768555,12666.666666666668,0,0.3999999999999999,29969.527389526367,605,605,5151,2536,605,605,605,605,0,0,0,100,0,0,0,0,32353087488,8589930496,3002343424,0
199,1786321372226,1009.4506530761719,12533.333333333332,2,0.40625,904.8704071044922,12533.333333333332,0,0.40625,7655.53483581543,12533.333333333332,2,0.40625,5811.542144775391,12533.333333333332,0,0.40625,29972.930587768555,605,605,5151,2536,605,605,605,605,0,0,0,100,0,0,0,0,32353087488,8589930496,3002527744,0
199,1786321372426,1009.4542388916016,12533.333333333332,2,0.40625,904.8751373291016,12533.333333333332,2,0.40625,7655.541046142578,12533.333333333332,2,0.40625,5813.746490478516,12533.333333333332,0,0.40625,29976.33055114746,605,605,5151,2536,605,605,605,605,0,0,0,100,0,4.761904716491699,0,0,32353087488,8589930496,3002527744,0
199,1786321372626,1009.4577331542969,12600,2,0.3999999999999999,904.8799591064453,12600,2,0.3999999999999999,7655.547286987305,12600,2,0.3999999999999999,5815.947616577148,12600,0,0.3999999999999999,29979.728088378906,605,605,5151,2536,605,605,605,605,0,0,0,100,0,0,0,0,32353087488,8589930496,3002527744,0
199,1786321372826,1009.4611053466797,12533.333333333332,2,0.3999999999999999,904.8842468261719,12533.333333333332,2,0.3999999999999999,7655.553894042969,12533.333333333332,2,0.3999999999999999,5818.150650024414,12533.333333333332,0,0.3999999999999999,29983.12828063965,605,605,5151,2536,605,605,605,605,0,0,0,100,0,0,0,0,32353087488,8589930496,2999296000,0
0,1786321373027,1009.53125,28800,0,0.975,904.9656372070313,28800,0,0.975,7655.640731811523,28800,0,0.975,5819.35563659668,28800,0,0.975,29985.570419311523,605,605,5151,2536,605,605,605,605,4.761904716491699,0,0,55,0,0,0,5,32353087488,8589930496,2792804352,0
