Delta,Time,CORE0_ENERGY (J),CORE0_FREQ (MHZ),CORE0_PSTATE,CORE0_VOLT (V),CORE1_ENERGY (J),CORE1_FREQ (MHZ),CORE1_PSTATE,CORE1_VOLT (V),CORE2_ENERGY (J),CORE2_FREQ (MHZ),CORE2_PSTATE,CORE2_VOLT (V),CORE3_ENERGY (J),CORE3_FREQ (MHZ),CORE3_PSTATE,CORE3_VOLT (V),CPU_ENERGY (J),CPU_FREQUENCY_0,CPU_FREQUENCY_1,CPU_FREQUENCY_2,CPU_FREQUENCY_3,CPU_FREQUENCY_4,CPU_FREQUENCY_5,CPU_FREQUENCY_6,CPU_FREQUENCY_7,CPU_USAGE_0,CPU_USAGE_1,CPU_USAGE_2,CPU_USAGE_3,CPU_USAGE_4,CPU_USAGE_5,CPU_USAGE_6,CPU_USAGE_7,TOTAL_MEMORY,TOTAL_SWAP,USED_MEMORY,USED_SWAP
0,1786319761143,856.2554168701172,300,2,0.975,756.7743225097656,300,2,0.975,3103.7068634033203,300,0,0.975,3315.7767181396484,300,0,0.70625,16349.480377197266,5152,4616,5151,5151,5152,5152,5152,5152,3.5714287757873535,0,7.142857551574707,0,11.111111640930176,3.5714287757873535,7.407407283782959,7.142857551574707,32353087488,8589930496,2720227328,0
200,1786319761143,856.2554168701172,300,0,0.70625,756.7743225097656,300,2,0.70625,3103.7068634033203,300,0,0.70625,3315.7767181396484,300,0,0.70625,16349.480377197266,5152,4616,5151,5151,5152,5152,5152,5152,3.5714287757873535,0,7.142857551574707,0,11.111111640930176,3.5714287757873535,7.407407283782959,7.142857551574707,32353087488,8589930496,2720227328,0
199,1786319761343,856.4043426513672,15600,2,0.31874999999999987,756.9314727783203,15600,2,0.31874999999999987,3103.861068725586,15733.333333333334,2,0.3125,3318.082717895508,15733.333333333334,0,0.3125,16353.346298217773,5152,4616,5151,5151,5152,5152,5152,5152,5,9.523809432983398,5,80.95238494873047,9.523809432983398,5,4.761904716491699,0,32353087488,8589930496,2840965120,0
199,1786319761543,856.4139862060547,16200,2,0.28749999999999987,756.9386901855469,16200,2,0.28749999999999987,3103.87890625,16200,2,0.28749999999999987,3321.1338806152344,16200,0,0.28749999999999987,16357.543426513672,5152,4616,5151,5151,5152,5152,5152,5152,5,9.523809432983398,5,80.95238494873047,9.523809432983398,5,4.761904716491699,0,32353087488,8589930496,2840965120,0
200,1786319761743,856.4205932617188,16000,0,0.28749999999999987,756.9450378417969,16000,2,0.28749999999999987,3103.892105102539,16000,0,0.28749999999999987,3324.2049407958984,16000,0,0.28749999999999987,16361.744873046875,5152,4616,5151,5151,5152,5152,5152,5152,0,0,2.5,100,0,0,0,0,32353087488,8589930496,2840965120,0
199,1786319761943,856.4272003173828,15400,2,0.3125,756.951171875,15400,2,0.3125,3103.9029846191406,15400,0,0.3125,3327.2828826904297,15400,0,0.3125,16365.947738647461,5152,4616,5151,5151,5152,5152,5152,5152,0,0,0,100,0,0,0,0,32353087488,8589930496,2840965120,0
199,1786319762143,856.4347076416016,15266.666666666666,2,0.3125,756.9581909179688,15266.666666666666,2,0.3125,3103.9129943847656,15266.666666666666,0,0.3125,3330.3451385498047,15266.666666666666,0,0.3125,16370.147979736328,5152,4616,5151,5151,5152,5152,5152,5152,0,0,0,100,0,0,0,0,32353087488,8589930496,2840965120,0
199,1786319762343,856.4414978027344,15200,2,0.31874999999999987,756.9653778076172,15200,2,0.31874999999999987,3103.922592163086,15200,2,0.31874999999999987,3333.401824951172,15200,0,0.31874999999999987,16374.348403930664,5152,4616,5151,5151,5152,5152,5152,5152,0,0,0,100,0,0,0,0,32353087488,8589930496,2840965120,0
199,1786319762543,856.4480133056641,16266.666666666666,2,0.28749999999999987,756.9715270996094,16266.666666666666,2,0.28749999999999987,3103.936279296875,16266.666666666666,2,0.28749999999999987,3336.4698944091797,16266.666666666666,0,0.28749999999999987,16378.539672851563,5152,4616,5151,5151,5152,5152,5152,5152,0,0,0,100,0,0,0,0,32353087488,8589930496,2840965120,0
199,1786319762743,856.4548950195313,15666.666666666666,2,0.30000000000000004,756.9783477783203,15666.666666666666,2,0.30000000000000004,3103.949661254883,15666.666666666666,2,0.30000000000000004,3339.5213775634766,15666.666666666666,0,0.30000000000000004,16382.724380493164,5152,4616,5151,5151,5152,5152,5152,5152,0,0,0,100,0,0,0,0,32353087488,8589930496,2840965120,0
199,1786319762943,856.4614562988281,15400,2,0.31874999999999987,756.9845123291016,15400,2,0.31874999999999987,3103.958724975586,15400,2,0.31874999999999987,3342.590118408203,15400,0,0.31874999999999987,16386.926223754883,5152,4616,5151,5151,5152,5152,5152,5152,0,0,0,100,0,0,4.761904716491699,0,32353087488,8589930496,2840965120,0
199,1786319763144,856.4680328369141,15733.333333333334,2,0.3062499999999999,756.9920959472656,15733.333333333334,2,0.3062499999999999,3103.9685974121094,15733.333333333334,2,0.3062499999999999,3345.6651306152344,15733.333333333334,0,0.3062499999999999,16391.124481201172,5152,4616,5151,5151,5152,5152,5152,5152,0,0,0,100,0,0,0,0,32353087488,8589930496,2840965120,0
199,1786319763344,856.4753112792969,15533.333333333334,2,0.31874999999999987,756.9991760253906,15533.333333333334,2,0.31874999999999987,3103.9825286865234,15533.333333333334,2,0.31874999999999987,3348.744171142578,15533.333333333334,0,0.31874999999999987,16395.34620666504,5152,4616,5151,5151,5152,5152,5152,5152,0,0,5,100,0,0,0,0,32353087488,8589930496,2840965120,0
199,1786319763544,856.4828491210938,16466.666666666664,2,0.29374999999999996,757.0063323974609,16466.666666666664,2,0.29374999999999996,3107.050750732422,16466.666666666664,0,0.29374999999999996,3348.751708984375,16466.666666666664,2,0.29374999999999996,16399.542236328125,5152,4616,5151,5151,5152,5152,5152,5152,0,0,100,0,0,0,0,0,32353087488,8589930496,2840965120,0
200,1786319763744,856.4896392822266,15600,2,0.30000000000000004,757.0131530761719,15600,2,0.30000000000000004,3110.1109161376953,15600,0,0.30000000000000004,3348.7594604492188,15600,2,0.30000000000000004,16403.747497558594,5152,4616,5151,5151,5152,5152,5152,5152,0,0,100,0,0,0,0,0,32353087488,8589930496,2840965120,0
199,1786319763944,856.4971618652344,16733.333333333336,2,0.28749999999999987,757.0218200683594,16733.333333333336,2,0.28749999999999987,3113.146011352539,16733.333333333336,0,0.28749999999999987,3348.7688598632813,16733.333333333336,0,0.28125,16407.940826416016,5152,4616,5151,5151,5152,5152,5152,5152,0,0,95.23809814453125,0,0,0,0,0,32353087488,8589930496,2840965120,0
199,1786319764144,856.5038909912109,16200,2,0.3062499999999999,757.0287780761719,16200,2,0.3062499999999999,3116.20556640625,16200,0,0.3062499999999999,3348.779556274414,16200,0,0.3062499999999999,16412.1446685791,5152,4616,5151,5151,5152,5152,5152,5152,0,0,100,0,0,0,0,0,32353087488,8589930496,2841206784,0
199,1786319764344,856.5105590820313,16533.333333333336,2,0.30000000000000004,757.0355987548828,16533.333333333336,2,0.30000000000000004,3119.2611694335938,16533.333333333336,0,0.30000000000000004,3348.791473388672,16533.333333333336,0,0.30000000000000004,16416.343231201172,5152,4616,5151,5151,5152,5152,5152,5152,0,0,100,0,0,0,0,0,32353087488,8589930496,2841206784,0
199,1786319764544,856.5184478759766,16400,2,0.28125,757.0430755615234,16400,2,0.28125,3122.3236236572266,16400,0,0.28125,3348.803176879883,16400,2,0.28125,16420.541244506836,5152,4616,5151,5151,5152,5152,5152,5152,0,0,100,0,0,0,0,0,32353087488,8589930496,2841206784,0
199,1786319764744,856.5254516601563,16400,2,0.2749999999999999,757.0496826171875,16400,2,0.2749999999999999,3125.386993408203,16400,0,0.2749999999999999,3348.8104858398438,16400,2,0.2749999999999999,16424.74090576172,5152,4616,5151,5151,5152,5152,5152,5152,0,0,100,0,0,0,0,0,32353087488,8589930496,2841206784,0
199,1786319764944,856.5322265625,15866.666666666666,2,0.30000000000000004,757.0563507080078,15866.666666666666,2,0.30000000000000004,3128.444534301758,15866.666666666666,0,0.30000000000000004,3348.817825317383,15866.666666666666,2,0.30000000000000004,16428.945419311523,5152,4616,5151,5151,5152,5152,5152,5152,0,0,100,0,0,0,0,0,32353087488,8589930496,2841206784,0
199,1786319765145,856.5394439697266,16400,2,0.28125,757.0644226074219,16400,2,0.28125,3131.484329223633,16400,0,0.28125,3348.827667236328,16400,2,0.28125,16433.14144897461,5152,4616,5151,5151,5152,5152,5152,5152,0,0,100,4.761904716491699,0,0,0,0,32353087488,8589930496,2841206784,0
199,1786319765345,856.5484161376953,15600,2,0.3125,757.0800628662109,15600,2,0.3125,3134.5140380859375,15600,0,0.3125,3348.851776123047,15600,2,0.3125,16437.367446899414,5152,4616,5151,5151,5152,5152,5152,5152,0,0,100,0,0,0,0,0,32353087488,8589930496,2841206784,0
199,1786319765545,856.5576019287109,15933.333333333334,2,0.3062499999999999,757.0866088867188,15933.333333333334,2,0.3062499999999999,3137.5650787353516,15933.333333333334,0,0.3062499999999999,3348.8612365722656,15933.333333333334,2,0.3062499999999999,16441.565689086914,5152,4616,5151,5151,5152,5152,5152,5152,0,0,100,4.761904716491699,0,0,0,0,32353087488,8589930496,2841206784,0
199,1786319765745,856.5662689208984,15600,2,0.30000000000000004,757.095947265625,15600,2,0.30000000000000004,3140.590072631836,15600,0,0.30000000000000004,3348.8727111816406,15600,2,0.30000000000000004,16445.746826171875,5152,4616,5151,5151,5152,5152,5152,5152,0,0,100,0,4.761904716491699,0,0,0,32353087488,8589930496,2841202688,0
199,1786319765945,856.5741271972656,15866.666666666666,2,0.29374999999999996,757.1027221679688,15866.666666666666,2,0.29374999999999996,3143.6363677978516,15866.666666666666,0,0.29374999999999996,3348.8833618164063,15866.666666666666,2,0.29374999999999996,16449.94529724121,5152,4616,5151,5151,5152,5152,5152,5152,0,0,100,0,0,0,0,0,32353087488,8589930496,2841202688,0
199,1786319766145,856.5819396972656,15866.666666666666,2,0.28749999999999987,757.109375,15866.666666666666,2,0.28749999999999987,3146.7041625976563,15866.666666666666,0,0.28749999999999987,3348.890823364258,15866.666666666666,2,0.28749999999999987,16454.145294189453,5152,4616,5151,5151,5152,5152,5152,5152,0,0,100,0,0,0,0,0,32353087488,8589930496,2841202688,0
199,1786319766345,856.5896606445313,15133.333333333334,2,0.32499999999999996,757.1187286376953,15133.333333333334,2,0.32499999999999996,3149.7477264404297,15133.333333333334,0,0.32499999999999996,3348.9024505615234,15133.333333333334,0,0.32499999999999996,16458.34893798828,5152,4616,5151,5151,5152,5152,5152,5152,0,0,100,0,0,0,0,0,32353087488,8589930496,2841202688,0
199,1786319766545,856.5964508056641,15533.333333333334,2,0.3125,757.1256256103516,15466.666666666666,2,0.3125,3152.798309326172,15466.666666666666,0,0.3125,3348.913101196289,15466.666666666666,0,0.3125,16462.546661376953,5152,4616,5151,5151,5152,5152,5152,5152,0,0,100,0,0,0,0,0,32353087488,8589930496,2841202688,0
199,1786319766745,856.60302734375,16600,2,0.3062499999999999,757.13232421875,16600,2,0.29374999999999996,3155.8438110351563,16600,0,0.29374999999999996,3348.9220428466797,16600,0,0.29374999999999996,16466.742736816406,5152,4616,5151,5151,5152,5152,5152,5152,0,0,100,0,0,0,0,0,32353087488,8589930496,2841202688,0
199,1786319766945,856.7034759521484,300,0,0.26875000000000004,757.2471160888672,300,0,0.26875000000000004,3158.4805297851563,300,0,0.26875000000000004,3349.03173828125,300,0,0.26875000000000004,16470.814559936523,5152,4616,5151,5151,5152,5152,5152,5152,0,0,100,0,0,0,0,0,32353087488,8589930496,2747916288,0
200,1786319767145,856.7774505615234,12800,0,0.32499999999999996,757.383544921875,12800,0,0.32499999999999996,3161.098831176758,12800,0,0.32499999999999996,3349.122604370117,12800,0,0.3687499999999999,16474.865936279297,5152,4616,5151,5151,5152,5152,5152,5152,0,5,87.5,0,2.5,0,2.5,5,32353087488,8589930496,2840506368,0
199,1786319767346,856.7949676513672,16133.333333333334,2,0.28749999999999987,757.4075775146484,16133.333333333334,2,0.28749999999999987,3164.0269622802734,16133.333333333334,0,0.28749999999999987,3349.2462463378906,16133.333333333334,2,0.28749999999999987,16479.045959472656,5152,4616,5151,5151,5152,5152,5152,5152,4.761904716491699,0,100,5.263157844543457,0,0,0,4.761904716491699,32353087488,8589930496,2842062848,0
199,1786319767546,856.8031311035156,15800,2,0.29374999999999996,757.4200134277344,15800,2,0.29374999999999996,3167.0635986328125,15800,0,0.29374999999999996,3349.257034301758,15800,2,0.29374999999999996,16483.24884033203,5152,4616,5151,5151,5152,5152,5152,5152,0,0,100,0,0,4.761904716491699,0,0,32353087488,8589930496,2842062848,0
199,1786319767746,856.8101501464844,15400,2,0.32499999999999996,757.4272003173828,15400,2,0.32499999999999996,3170.1214599609375,15400,0,0.32499999999999996,3349.2677307128906,15400,2,0.32499999999999996,16487.450790405273,5152,4616,5151,5151,5152,5152,5152,5152,0,0,100,0,0,0,0,0,32353087488,8589930496,2842062848,0
199,1786319767946,856.8171691894531,15800,2,0.3125,757.43408203125,15800,2,0.3125,3173.191635131836,15800,0,0.3125,3349.2782135009766,15800,2,0.3125,16491.66961669922,5152,4616,5151,5151,5152,5152,5152,5152,0,0,100,0,0,0,0,0,32353087488,8589930496,2842062848,0
199,1786319768146,856.8243408203125,16533.333333333336,2,0.28125,757.4475402832031,16533.333333333336,2,0.28125,3176.2294921875,16533.333333333336,0,0.28125,3349.2914428710938,16533.333333333336,2,0.28125,16495.844161987305,5152,4616,5151,5151,5152,5152,5152,5152,0,0,100,0,0,0,0,0,32353087488,8589930496,2842062848,0
199,1786319768346,856.8316345214844,15533.333333333334,2,0.3125,757.4551391601563,15533.333333333334,2,0.3125,3179.286911010742,15533.333333333334,0,0.3125,3349.301025390625,15533.333333333334,2,0.3125,16500.050018310547,5152,4616,5151,5151,5152,5152,5152,5152,0,0,100,0,0,0,0,0,32353087488,8589930496,2842292224,0
199,1786319768546,856.8388366699219,15200,2,0.32499999999999996,757.4622192382813,15200,2,0.32499999999999996,3182.348373413086,15200,0,0.32499999999999996,3349.3099975585938,15200,2,0.32499999999999996,16504.251708984375,5152,4616,5151,5151,5152,5152,5152,5152,0,0,100,0,0,0,0,0,32353087488,8589930496,2842292224,0
199,1786319768746,856.84521484375,13333.333333333334,2,0.3812500000000001,757.4699859619141,13266.666666666666,2,0.3812500000000001,3185.1822662353516,13266.666666666666,0,0.3812500000000001,3349.3226776123047,13266.666666666666,0,0.3812500000000001,16508.15754699707,5152,4616,5151,5151,5152,5152,5152,5152,0,0,100,0,0,0,0,0,32353087488,8589930496,2842292224,0
199,1786319768946,856.8489227294922,13400,0,0.375,757.4760284423828,13400,2,0.375,3187.7295989990234,13400,0,0.375,3349.3302307128906,13400,0,0.375,16511.656829833984,5152,4616,5151,5151,5152,5152,5152,5152,0,0,100,0,0,0,0,0,32353087488,8589930496,2842292224,0
199,1786319769146,856.8524017333984,13133.333333333334,2,0.39375000000000004,757.4812164306641,13133.333333333334,2,0.39375000000000004,3190.260543823242,13133.333333333334,0,0.39375000000000004,3349.3391876220703,13133.333333333334,0,0.39375000000000004,16515.139099121094,5152,4616,5151,5151,5152,5152,5152,5152,0,0,100,4.761904716491699,0,0,0,4.761904716491699,32353087488,8589930496,2842292224,0
199,1786319769346,856.8641510009766,12733.333333333332,2,0.40625,757.5013122558594,12733.333333333332,2,0.40625,3192.7230529785156,12733.333333333332,0,0.40625,3349.3546447753906,12733.333333333332,2,0.40625,16518.59992980957,5152,4616,5151,5151,5152,5152,5152,5152,0,5,100,4.761904716491699,0,4.761904716491699,0,0,32353087488,8589930496,2842288128,0
199,1786319769547,856.8688354492188,12933.333333333334,2,0.3999999999999999,757.5049591064453,12933.333333333334,2,0.3999999999999999,3195.2100219726563,12933.333333333334,0,0.3999999999999999,3349.3621826171875,12933.333333333334,2,0.3999999999999999,16522.03321838379,5152,4616,5151,5151,5152,5152,5152,5152,0,0,100,0,0,0,0,0,32353087488,8589930496,2842288128,0
199,1786319769747,856.8723297119141,13133.333333333334,2,0.39375000000000004,757.5088043212891,13133.333333333334,2,0.39375000000000004,3197.6973419189453,13133.333333333334,0,0.39375000000000004,3349.369888305664,13133.333333333334,2,0.39375000000000004,16525.458587646484,5152,4616,5151,5151,5152,5152,5152,5152,0,0,100,0,0,0,0,0,32353087488,8589930496,2842288128,0
199,1786319769947,856.8785247802734,12866.666666666666,2,0.3999999999999999,757.5127410888672,12866.666666666666,2,0.3999999999999999,3200.1541290283203,12866.666666666666,0,0.3999999999999999,3349.3761444091797,12866.666666666666,2,0.3999999999999999,16528.869903564453,5152,4616,5151,5151,5152,5152,5152,5152,0,0,100,4.761904716491699,0,0,0,0,32353087488,8589930496,2842288128,0
199,1786319770147,856.882080078125,12866.666666666666,2,0.3999999999999999,757.5160522460938,12866.666666666666,2,0.3999999999999999,3202.630111694336,12866.666666666666,0,0.3999999999999999,3349.3841094970703,12866.666666666666,2,0.3999999999999999,16532.30111694336,5152,4616,5151,5151,5152,5152,5152,5152,0,0,100,0,0,0,0,0,32353087488,8589930496,2842288128,0
199,1786319770347,856.88623046875,13066.666666666666,2,0.3999999999999999,757.5204162597656,13066.666666666666,2,0.3999999999999999,3205.104690551758,13066.666666666666,0,0.3999999999999999,3349.3890991210938,13066.666666666666,2,0.3999999999999999,16535.705841064453,5152,4616,5151,5151,5152,5152,5152,5152,0,0,100,0,0,0,0,0,32353087488,8589930496,2842288128,0
199,1786319770547,856.8944702148438,12866.666666666666,2,0.3999999999999999,757.5246276855469,12866.666666666666,2,0.3999999999999999,3207.564407348633,12866.666666666666,0,0.3999999999999999,3349.396255493164,12866.666666666666,2,0.3999999999999999,16539.11962890625,5152,4616,5151,5151,5152,5152,5152,5152,0,0,100,0,0,0,0,0,32353087488,8589930496,2842288128,0
199,1786319770747,856.8980407714844,13133.333333333334,2,0.3999999999999999,757.5282135009766,13133.333333333334,2,0.3999999999999999,3210.034133911133,13133.333333333334,0,0.3999999999999999,3349.4034423828125,13133.333333333334,2,0.3999999999999999,16542.51934814453,5152,4616,5151,5151,5152,5152,5152,5152,0,0,100,0,0,0,0,0,32353087488,8589930496,2842288128,0
200,1786319770947,856.9013977050781,12733.333333333332,2,0.3999999999999999,757.5314483642578,12733.333333333332,2,0.3999999999999999,3212.5,12733.333333333332,0,0.3999999999999999,3349.4111328125,12733.333333333332,2,0.3999999999999999,16545.93276977539,5152,4616,5151,5151,5152,5152,5152,5152,0,0,100,0,0,0,0,0,32353087488,8589930496,2842288128,0
199,1786319771147,856.9130706787109,12733.333333333332,0,0.3999999999999999,757.5363464355469,12733.333333333332,2,0.3999999999999999,3214.9522705078125,12733.333333333332,0,0.3999999999999999,3349.4173126220703,12733.333333333332,0,0.3999999999999999,16549.336029052734,5152,4616,5151,5151,5152,5152,5152,5152,0,0,100,0,0,0,0,0,32353087488,8589930496,2842288128,0
199,1786319771347,856.9242095947266,12666.666666666668,0,0.40625,757.5407867431641,12666.666666666668,2,0.40625,3217.3963012695313,12666.666666666668,0,0.40625,3349.4241333007813,12666.666666666668,2,0.40625,16552.735290527344,5152,4616,5151,5151,5152,5152,5152,5152,0,0,100,0,0,0,0,0,32353087488,8589930496,2834882560,0
199,1786319771547,856.9277801513672,12733.333333333332,2,0.40625,757.5442962646484,12733.333333333332,2,0.40625,3219.858917236328,12733.333333333332,0,0.40625,3349.4296112060547,12733.333333333332,0,0.40625,16556.135208129883,5152,4616,5151,5151,5152,5152,5152,5152,0,0,100,0,0,0,0,0,32353087488,8589930496,2834882560,0
199,1786319771748,856.9334869384766,12666.666666666668,2,0.3999999999999999,757.5485687255859,12666.666666666668,2,0.3999999999999999,3222.3133239746094,12666.666666666668,0,0.3999999999999999,3349.435775756836,12666.666666666668,2,0.3999999999999999,16559.53953552246,5152,4616,5151,5151,5152,5152,5152,5152,0,0,100,0,0,0,0,0,32353087488,8589930496,2834882560,0
199,1786319771948,856.9371185302734,12800,2,0.3999999999999999,757.5526885986328,12800,2,0.3999999999999999,3224.7730560302734,12800,0,0.3999999999999999,3349.4411010742188,12800,2,0.3999999999999999,16562.9345703125,5152,4616,5151,5151,5152,5152,5152,5152,0,0,100,0,0,0,0,0,32353087488,8589930496,2834882560,0
199,1786319772148,856.9442901611328,13066.666666666666,2,0.39375000000000004,757.5576782226563,13066.666666666666,2,0.39375000000000004,3227.223159790039,13066.666666666666,0,0.39375000000000004,3349.4544830322266,13066.666666666666,2,0.39375000000000004,16566.327590942383,5152,4616,5151,5151,5152,5152,5152,5152,9.090909004211426,0,100,0,0,0,0,0,32353087488,8589930496,2834882560,0
199,1786319772348,856.9480590820313,12666.666666666668,2,0.40625,757.5612030029297,12666.666666666668,2,0.40625,3229.6852111816406,12666.666666666668,0,0.40625,3349.460678100586,12666.666666666668,2,0.40625,16569.736907958984,5152,4616,5151,5151,5152,5152,5152,5152,0,0,100,0,0,0,0,0,32353087488,8589930496,2834882560,0
199,1786319772548,856.9516143798828,12800,2,0.3999999999999999,757.5651092529297,12800,2,0.3999999999999999,3232.1412963867188,12800,0,0.3999999999999999,3349.46728515625,12800,2,0.3999999999999999,16573.13345336914,5152,4616,5151,5151,5152,5152,5152,5152,0,0,100,0,0,0,0,0,32353087488,8589930496,2834882560,0
199,1786319772748,856.9551239013672,12866.666666666666,2,0.3999999999999999,757.5685729980469,12866.666666666666,2,0.3999999999999999,3234.6204528808594,12866.666666666666,0,0.3999999999999999,3349.4737548828125,12866.666666666666,2,0.3999999999999999,16576.548873901367,5152,4616,5151,5151,5152,5152,5152,5152,0,0,100,0,0,0,0,0,32353087488,8589930496,2834882560,0
199,1786319772948,857.1248016357422,15133.333333333334,2,0.31874999999999987,757.7291259765625,15133.333333333334,2,0.31874999999999987,3236.1049194335938,15133.333333333334,2,0.31874999999999987,3350.000259399414,15133.333333333334,0,0.31874999999999987,16579.81948852539,5152,4616,5151,5151,5152,5152,5152,5152,0,0,100,0,0,0,0,0,32353087488,8589930496,2880086016,0
199,1786319773148,857.1427917480469,12866.666666666666,2,0.3999999999999999,757.7332611083984,12866.666666666666,2,0.3999999999999999,3236.1156463623047,12866.666666666666,2,0.3999999999999999,3352.557647705078,12866.666666666666,0,0.3999999999999999,16583.3572845459,5152,4616,5151,5151,5152,5152,5152,5152,2.5,2.5,30.76923179626465,2.5,4.761904716491699,2.5,4.761904716491699,62.5,32353087488,8589930496,2880385024,0
199,1786319773348,857.1483001708984,12600,2,0.3999999999999999,757.7404022216797,12600,2,0.3999999999999999,3236.1238403320313,12600,2,0.40625,3355.0125885009766,12600,0,0.40625,16586.76089477539,5152,4616,5151,5151,5152,5152,5152,5152,0,0,0,0,0,0,0,100,32353087488,8589930496,2878332928,0
199,1786319773548,857.1524200439453,12733.333333333332,2,0.40625,757.7444152832031,12733.333333333332,2,0.40625,3236.133499145508,12733.333333333332,0,0.40625,3357.4710388183594,12733.333333333332,0,0.40625,16590.153915405273,5152,4616,5151,5151,5152,5152,5152,5152,0,0,0,0,0,0,0,100,32353087488,8589930496,2878578688,0
199,1786319773748,857.1558227539063,12866.666666666666,0,0.3999999999999999,757.7474975585938,12866.666666666666,2,0.3999999999999999,3236.1394805908203,12866.666666666666,0,0.3999999999999999,3359.9473571777344,12866.666666666666,0,0.3999999999999999,16593.54832458496,5152,4616,5151,5151,5152,5152,5152,5152,0,0,4.761904716491699,0,0,0,0,100,32353087488,8589930496,2878578688,0
199,1786319773948,857.1592102050781,12600,2,0.40625,757.7509307861328,12600,2,0.40625,3236.1456756591797,12600,0,0.40625,3362.428955078125,12600,0,0.40625,16596.95330810547,5152,4616,5151,5151,5152,5152,5152,5152,0,0,0,0,0,0,0,100,32353087488,8589930496,2878578688,0
200,1786319774149,857.1626434326172,12666.666666666668,2,0.3999999999999999,757.7540435791016,12666.666666666668,2,0.3999999999999999,3236.151626586914,12666.666666666668,2,0.3999999999999999,3364.902786254883,12666.666666666668,0,0.3999999999999999,16600.350296020508,5152,4616,5151,5151,5152,5152,5152,5152,0,0,0,0,0,0,0,100,32353087488,8589930496,2878869504,0
199,1786319774349,857.1664123535156,12666.666666666668,2,0.3999999999999999,757.7579040527344,12666.666666666668,2,0.3999999999999999,3236.1588134765625,12666.666666666668,2,0.3999999999999999,3367.3731079101563,12666.666666666668,0,0.3999999999999999,16603.750061035156,5152,4616,5151,5151,5152,5152,5152,5152,0,0,0,4.761904716491699,0,0,0,100,32353087488,8589930496,2875641856,0
199,1786319774549,857.1705627441406,12933.333333333334,2,0.39375000000000004,757.8445129394531,12933.333333333334,2,0.39375000000000004,3237.019577026367,12933.333333333334,0,0.39375000000000004,3368.8325805664063,12933.333333333334,2,0.39375000000000004,16607.140838623047,5152,4616,5151,5151,5152,5152,5152,5152,0,0,0,4.761904716491699,0,0,0,100,32353087488,8589930496,2875641856,0
199,1786319774749,857.1742706298828,13266.666666666666,2,0.39375000000000004,757.8495178222656,13266.666666666666,2,0.39375000000000004,3239.3426208496094,13266.666666666666,0,0.39375000000000004,3368.8394775390625,13266.666666666666,2,0.39375000000000004,16610.53399658203,5152,4616,5151,5151,5152,5152,5152,5152,0,0,100,0,0,0,0,0,32353087488,8589930496,2875641856,0
199,1786319774949,857.1780395507813,13066.666666666666,2,0.39375000000000004,757.8546752929688,13066.666666666666,2,0.39375000000000004,3241.6726684570313,13066.666666666666,0,0.39375000000000004,3368.846481323242,13066.666666666666,2,0.39375000000000004,16613.954544067383,5152,4616,5151,5151,5152,5152,5152,5152,0,0,100,0,0,0,0,0,32353087488,8589930496,2875641856,0
199,1786319775149,857.1828002929688,12866.666666666666,2,0.3999999999999999,757.8590698242188,12866.666666666666,2,0.3999999999999999,3244.006637573242,12866.666666666666,0,0.3999999999999999,3368.8533782958984,12866.666666666666,2,0.3999999999999999,16617.35821533203,5152,4616,5151,5151,5152,5152,5152,5152,0,0,100,0,0,0,0,0,32353087488,8589930496,2872651776,0
199,1786319775349,857.1865081787109,12666.666666666668,2,0.3999999999999999,757.8635559082031,12666.666666666668,2,0.3999999999999999,3246.3269958496094,12666.666666666668,0,0.3999999999999999,3368.860641479492,12666.666666666668,2,0.40625,16620.763626098633,5152,4616,5151,5151,5152,5152,5152,5152,4.761904716491699,0,100,0,0,0,0,0,32353087488,8589930496,2872651776,0
199,1786319775549,857.1901702880859,12866.666666666666,2,0.3999999999999999,757.8671569824219,12866.666666666666,2,0.3999999999999999,3248.6400299072266,12866.666666666666,0,0.3999999999999999,3368.8727264404297,12866.666666666666,2,0.3999999999999999,16624.1563873291,5152,4616,5151,5151,5152,5152,5152,5152,4.761904716491699,0,100,0,0,0,0,0,32353087488,8589930496,2872651776,0
199,1786319775749,857.1935882568359,12933.333333333334,2,0.3999999999999999,757.8702850341797,12933.333333333334,2,0.3999999999999999,3250.9579467773438,12933.333333333334,0,0.3999999999999999,3368.8804321289063,12933.333333333334,2,0.3999999999999999,16627.552764892578,5152,4616,5151,5151,5152,5152,5152,5152,0,0,100,0,0,0,0,0,32353087488,8589930496,2872651776,0
199,1786319775949,857.1970062255859,12733.333333333332,2,0.3999999999999999,757.8734893798828,12733.333333333332,2,0.3999999999999999,3253.2744140625,12733.333333333332,0,0.3999999999999999,3368.888641357422,12733.333333333332,0,0.3999999999999999,16630.954299926758,5152,4616,5151,5151,5152,5152,5152,5152,0,0,100,0,0,0,0,0,32353087488,8589930496,2872651776,0
199,1786319776150,857.2004852294922,12800,2,0.3999999999999999,757.8770294189453,12733.333333333332,2,0.3999999999999999,3255.5958557128906,12733.333333333332,0,0.3999999999999999,3368.896942138672,12733.333333333332,0,0.3999999999999999,16634.35220336914,5152,4616,5151,5151,5152,5152,5152,5152,0,0,100,0,0,0,0,0,32353087488,8589930496,2869870592,0
199,1786319776350,857.2051086425781,12733.333333333332,0,0.3999999999999999,757.8805999755859,12733.333333333332,2,0.3999999999999999,3257.9169311523438,12733.333333333332,0,0.3999999999999999,3368.9044342041016,12733.333333333332,2,0.3999999999999999,16637.752227783203,5152,4616,5151,5151,5152,5152,5152,5152,0,0,100,0,0,0,0,0,32353087488,8589930496,2869870592,0
199,1786319776550,857.2116394042969,12733.333333333332,2,0.3999999999999999,757.8845672607422,12733.333333333332,2,0.3999999999999999,3260.2284545898438,12733.333333333332,0,0.3999999999999999,3368.910690307617,12733.333333333332,2,0.3999999999999999,16641.150482177734,5152,4616,5151,5151,5152,5152,5152,5152,4.761904716491699,0,100,0,0,0,0,0,32353087488,8589930496,2869870592,0
199,1786319776750,857.2151489257813,12800,2,0.3999999999999999,757.8878784179688,12800,2,0.3999999999999999,3262.5466918945313,12800,0,0.3999999999999999,3368.9188079833984,12800,2,0.3999999999999999,16644.551544189453,5152,4616,5151,5151,5152,5152,5152,5152,0,0,100,0,0,0,0,0,32353087488,8589930496,2869870592,0
199,1786319776950,857.2184600830078,12866.666666666666,2,0.3999999999999999,757.8911437988281,12866.666666666666,2,0.3999999999999999,3264.863311767578,12866.666666666666,0,0.3999999999999999,3368.926559448242,12866.666666666666,2,0.3999999999999999,16647.944122314453,5152,4616,5151,5151,5152,5152,5152,5152,0,0,100,0,0,0,0,0,32353087488,8589930496,2869870592,0
199,1786319777150,857.2243499755859,12866.666666666666,2,0.3999999999999999,757.8943939208984,12866.666666666666,2,0.3999999999999999,3267.177215576172,12866.666666666666,0,0.3999999999999999,3368.932891845703,12866.666666666666,2,0.3999999999999999,16651.343551635742,5152,4616,5151,5151,5152,5152,5152,5152,0,0,100,0,0,0,0,0,32353087488,8589930496,2867773440,0
199,1786319777350,857.2312469482422,13000,2,0.39375000000000004,757.8989715576172,13000,2,0.39375000000000004,3268.1409759521484,13000,2,0.39375000000000004,3370.3787994384766,13000,0,0.39375000000000004,16654.755767822266,5152,4616,5151,5151,5152,5152,5152,5152,0,0,40,60.000003814697266,0,0,0,0,32353087488,8589930496,2867253248,0
199,1786319777550,857.2382659912109,12866.666666666666,2,0.39375000000000004,757.9022979736328,12866.666666666666,2,0.39375000000000004,3268.1470947265625,12866.666666666666,2,0.39375000000000004,3372.850112915039,12866.666666666666,0,0.39375000000000004,16658.157791137695,5152,4616,5151,5151,5152,5152,5152,5152,0,0,0,100,0,0,0,0,32353087488,8589930496,2867253248,0
199,1786319777750,857.2447967529297,12800,2,0.3999999999999999,757.9057159423828,12800,2,0.3999999999999999,3268.1515502929688,12800,2,0.3999999999999999,3375.316207885742,12800,0,0.3999999999999999,16661.558181762695,5152,4616,5151,5151,5152,5152,5152,5152,0,0,0,100,0,0,0,0,32353087488,8589930496,2867253248,0
199,1786319777950,857.2490844726563,12800,2,0.3999999999999999,757.9088897705078,12800,2,0.3999999999999999,3268.156753540039,12800,2,0.3999999999999999,3377.779281616211,12800,0,0.3999999999999999,16664.956466674805,5152,4616,5151,5151,5152,5152,5152,5152,0,0,0,100,0,0,0,0,32353087488,8589930496,2867253248,0
199,1786319778150,857.2533111572266,12733.333333333332,2,0.3999999999999999,757.9120635986328,12733.333333333332,2,0.3999999999999999,3268.163619995117,12733.333333333332,2,0.3999999999999999,3380.247817993164,12666.666666666668,0,0.3999999999999999,16668.356872558594,5152,4616,5151,5151,5152,5152,5152,5152,0,0,0,100,0,0,0,0,32353087488,8589930496,2864861184,0
199,1786319778351,857.2575531005859,12600,2,0.40625,757.9158782958984,12600,2,0.40625,3268.1705322265625,12600,2,0.3999999999999999,3382.713668823242,12533.333333333332,0,0.3999999999999999,16671.758819580078,5152,4616,5151,5151,5152,5152,5152,5152,0,0,0,100,0,0,0,0,32353087488,8589930496,2863026176,0
199,1786319778551,857.261962890625,12733.333333333332,2,0.3999999999999999,757.91943359375,12733.333333333332,0,0.3999999999999999,3268.1763763427734,12733.333333333332,0,0.3999999999999999,3385.1849517822266,12733.333333333332,0,0.3999999999999999,16675.153610229492,5152,4616,5151,5151,5152,5152,5152,5152,0,0,0,100,0,0,0,0,32353087488,8589930496,2863026176,0
199,1786319778751,857.2662353515625,12533.333333333332,2,0.40625,757.9225463867188,12533.333333333332,2,0.40625,3268.1818084716797,12533.333333333332,0,0.40625,3387.6531677246094,12533.333333333332,0,0.40625,16678.55894470215,5152,4616,5151,5151,5152,5152,5152,5152,0,0,0,100,0,0,0,0,32353087488,8589930496,2863026176,0
200,1786319778951,857.3783264160156,14133.333333333334,0,0.4125000000000001,758.0312652587891,14133.333333333334,0,0.4125000000000001,3268.320114135742,14133.333333333334,0,0.4125000000000001,3389.744186401367,14133.333333333334,0,0.4125000000000001,16681.924255371094,5152,4616,5151,5151,5152,5152,5152,5152,0,0,0,100,0,0,0,0,32353087488,8589930496,2760736768,0
199,1786319779151,857.4208526611328,12533.333333333332,2,0.3999999999999999,758.1134948730469,12533.333333333332,2,0.3999999999999999,3268.350784301758,12533.333333333332,2,0.3999999999999999,3392.0609588623047,12533.333333333332,0,0.3999999999999999,16685.36671447754,5152,4616,5151,5151,5152,5152,5152,5152,0,4.878048419952393,5,87.5,0,4.878048419952393,2.5,2.5,32353087488,8589930496,2859552768,0
199,1786319779351,857.4246978759766,12533.333333333332,2,0.3999999999999999,758.1194763183594,12533.333333333332,2,0.3999999999999999,3268.403823852539,12533.333333333332,2,0.3999999999999999,3394.495147705078,12533.333333333332,0,0.3999999999999999,16688.78143310547,5152,4616,5151,5151,5152,5152,5152,5152,0,0,5,100,0,0,0,0,32353087488,8589930496,2859552768,0
199,1786319779551,857.4284210205078,12933.333333333334,2,0.39375000000000004,758.1305389404297,12933.333333333334,2,0.39375000000000004,3268.4116821289063,12933.333333333334,2,0.39375000000000004,3396.939956665039,12933.333333333334,0,0.39375000000000004,16692.149185180664,5152,4616,5151,5151,5152,5152,5152,5152,0,0,5,100,0,0,0,0,32353087488,8589930496,2859552768,0
199,1786319779751,857.4317779541016,12733.333333333332,2,0.3999999999999999,758.1347503662109,12733.333333333332,2,0.3999999999999999,3268.418167114258,12733.333333333332,2,0.3999999999999999,3399.4112854003906,12733.333333333332,0,0.3999999999999999,16695.552307128906,5152,4616,5151,5151,5152,5152,5152,5152,0,0,0,100,0,0,0,0,32353087488,8589930496,2859552768,0
200,1786319779951,857.4351196289063,12866.666666666666,2,0.3999999999999999,758.1391143798828,12866.666666666666,2,0.3999999999999999,3268.425735473633,12866.666666666666,2,0.3999999999999999,3401.8914794921875,12866.666666666666,0,0.3999999999999999,16698.96646118164,5152,4616,5151,5151,5152,5152,5152,5152,0,0,0,100,0,0,0,0,32353087488,8589930496,2859552768,0
199,1786319780151,857.4384307861328,13000,2,0.3999999999999999,758.1433715820313,13000,2,0.3999999999999999,3268.4335327148438,13000,2,0.3999999999999999,3404.3594818115234,13000,0,0.3999999999999999,16702.361572265625,5152,4616,5151,5151,5152,5152,5152,5152,0,0,0,100,0,0,0,0,32353087488,8589930496,2859552768,0
199,1786319780351,857.44189453125,12666.666666666668,2,0.40625,758.1478881835938,12666.666666666668,2,0.40625,3268.441635131836,12666.666666666668,2,0.40625,3406.8269805908203,12666.666666666668,0,0.40625,16705.768295288086,5152,4616,5151,5151,5152,5152,5152,5152,0,0,0,100,0,0,0,0,32353087488,8589930496,2858823680,0
199,1786319780552,857.4453582763672,12666.666666666668,2,0.3999999999999999,758.1537628173828,12666.666666666668,2,0.3999999999999999,3268.4493103027344,12666.666666666668,0,0.3999999999999999,3409.2896270751953,12666.666666666668,0,0.3999999999999999,16709.165145874023,5152,4616,5151,5151,5152,5152,5152,5152,0,0,0,100,0,0,0,0,32353087488,8589930496,2858823680,0
199,1786319780752,857.4519500732422,12533.333333333332,2,0.40625,758.1582641601563,12533.333333333332,2,0.3999999999999999,3268.4578857421875,12533.333333333332,0,0.3999999999999999,3411.7489318847656,12533.333333333332,0,0.3999999999999999,16712.566635131836,5152,4616,5151,5151,5152,5152,5152,5152,0,0,0,100,0,0,4.761904716491699,0,32353087488,8589930496,2859450368,0
199,1786319780952,857.4553527832031,12800,2,0.3999999999999999,758.1624145507813,12733.333333333332,0,0.3999999999999999,3268.463821411133,12733.333333333332,0,0.3999999999999999,3414.2111053466797,12733.333333333332,0,0.3999999999999999,16715.959243774414,5152,4616,5151,5151,5152,5152,5152,5152,0,0,0,100,0,0,0,0,32353087488,8589930496,2859450368,0
199,1786319781152,857.4587860107422,12533.333333333332,2,0.3999999999999999,758.1666564941406,12533.333333333332,2,0.3999999999999999,3268.469940185547,12533.333333333332,0,0.3999999999999999,3416.677505493164,12533.333333333332,0,0.3999999999999999,16719.36538696289,5152,4616,5151,5151,5152,5152,5152,5152,0,0,0,100,0,0,0,0,32353087488,8589930496,2859450368,0
199,1786319781352,857.4716186523438,12666.666666666668,2,0.40625,758.177490234375,12666.666666666668,2,0.40625,3268.4776916503906,12666.666666666668,2,0.40625,3419.1129608154297,12666.666666666668,0,0.40625,16722.76055908203,5152,4616,5151,5151,5152,5152,5152,5152,0,0,0,100,0,0,0,0,32353087488,8589930496,2859450368,0
199,1786319781552,857.4750518798828,12666.666666666668,2,0.3999999999999999,758.1811676025391,12666.666666666668,2,0.3999999999999999,3268.4860076904297,12666.666666666668,2,0.3999999999999999,3421.5772399902344,12666.666666666668,0,0.3999999999999999,16726.157318115234,5152,4616,5151,5151,5152,5152,5152,5152,0,0,0,100,0,0,0,0,32353087488,8589930496,2859450368,0
199,1786319781752,857.4784698486328,12800,2,0.3999999999999999,758.1844940185547,12800,2,0.3999999999999999,3268.4947967529297,12800,2,0.3999999999999999,3424.041213989258,12800,0,0.3999999999999999,16729.55339050293,5152,4616,5151,5151,5152,5152,5152,5152,0,0,4.761904716491699,100,0,0,0,0,32353087488,8589930496,2859450368,0
199,1786319781952,857.4817657470703,12800,2,0.3999999999999999,758.1878204345703,12800,2,0.3999999999999999,3268.5027465820313,12800,2,0.3999999999999999,3426.513687133789,12800,0,0.3999999999999999,16732.953002929688,5152,4616,5151,5151,5152,5152,5152,5152,0,0,0,100,0,0,0,0,32353087488,8589930496,2859450368,0
199,1786319782152,857.4851684570313,12866.666666666666,2,0.3999999999999999,758.1911773681641,12866.666666666666,2,0.3999999999999999,3268.5108184814453,12866.666666666666,2,0.3999999999999999,3428.9825286865234,12866.666666666666,0,0.3999999999999999,16736.352096557617,5152,4616,5151,5151,5152,5152,5152,5152,0,0,0,100,0,0,0,0,32353087488,8589930496,2859450368,0
199,1786319782352,857.4891662597656,12666.666666666668,2,0.3999999999999999,758.1952972412109,12666.666666666668,2,0.3999999999999999,3268.518829345703,12666.666666666668,2,0.3999999999999999,3431.460235595703,12666.666666666668,0,0.3999999999999999,16739.772689819336,5152,4616,5151,5151,5152,5152,5152,5152,0,0,0,100,0,0,0,0,32353087488,8589930496,2859442176,0
199,1786319782552,857.4937896728516,12733.333333333332,2,0.3999999999999999,758.1988983154297,12733.333333333332,2,0.3999999999999999,3268.5256958007813,12733.333333333332,2,0.3999999999999999,3433.9232635498047,12733.333333333332,0,0.3999999999999999,16743.169158935547,5152,4616,5151,5151,5152,5152,5152,5152,0,0,0,100,0,0,0,0,32353087488,8589930496,2859442176,0
199,1786319782752,857.4972229003906,12800,2,0.3999999999999999,758.2022247314453,12800,2,0.3999999999999999,3268.5328063964844,12800,2,0.3999999999999999,3436.39501953125,12800,0,0.3999999999999999,16746.566452026367,5152,4616,5151,5151,5152,5152,5152,5152,0,0,0,100,0,0,0,0,32353087488,8589930496,2859442176,0
199,1786319782953,857.5005493164063,12800,2,0.3999999999999999,758.2055511474609,12800,2,0.3999999999999999,3268.5409393310547,12800,2,0.3999999999999999,3438.86181640625,12800,0,0.3999999999999999,16749.9649810791,5152,4616,5151,5151,5152,5152,5152,5152,0,0,0,100,0,0,0,0,32353087488,8589930496,2859442176,0
199,1786319783153,857.5038757324219,13200,2,0.39375000000000004,758.2090301513672,13200,2,0.39375000000000004,3268.5480041503906,13200,2,0.39375000000000004,3441.3258056640625,13200,0,0.39375000000000004,16753.35482788086,5152,4616,5151,5151,5152,5152,5152,5152,0,0,0,100,0,0,0,0,32353087488,8589930496,2855247872,0
199,1786319783353,857.5075988769531,12666.666666666668,2,0.3999999999999999,758.2123870849609,12600,0,0.3999999999999999,3268.5567932128906,12600,0,0.3999999999999999,3443.8023071289063,12600,0,0.3999999999999999,16756.76774597168,5152,4616,5151,5151,5152,5152,5152,5152,0,0,0,100,0,0,0,0,32353087488,8589930496,2855247872,0
199,1786319783553,857.5110473632813,12666.666666666668,2,0.3999999999999999,758.2159881591797,12666.666666666668,2,0.3999999999999999,3268.563949584961,12666.666666666668,0,0.3999999999999999,3446.2740325927734,12666.666666666668,0,0.3999999999999999,16760.16828918457,5152,4616,5151,5151,5152,5152,5152,5152,0,0,0,100,0,0,0,0,32353087488,8589930496,2855247872,0
199,1786319783753,857.5145111083984,12533.333333333332,2,0.40625,758.219482421875,12533.333333333332,2,0.40625,3268.5707092285156,12533.333333333332,2,0.40625,3448.740936279297,12533.333333333332,0,0.40625,16763.567611694336,5152,4616,5151,5151,5152,5152,5152,5152,0,0,0,100,0,0,0,0,32353087488,8589930496,2855247872,0
199,1786319783953,857.5178833007813,12466.666666666668,2,0.3999999999999999,758.2228088378906,12466.666666666668,2,0.3999999999999999,3268.5775756835938,12466.666666666668,2,0.3999999999999999,3451.2027740478516,12466.666666666668,0,0.3999999999999999,16766.967514038086,5152,4616,5151,5151,5152,5152,5152,5152,0,0,0,100,0,0,0,0,32353087488,8589930496,2855247872,0
199,1786319784153,857.5211791992188,12600,2,0.3999999999999999,758.2261047363281,12600,2,0.3999999999999999,3268.5851135253906,12600,2,0.3999999999999999,3453.665969848633,12600,0,0.3999999999999999,16770.3643951416,5152,4616,5151,5151,5152,5152,5152,5152,0,0,0,100,0,0,0,0,32353087488,8589930496,2855247872,0
199,1786319784353,857.5244598388672,12666.666666666668,2,0.3999999999999999,758.2295379638672,12666.666666666668,2,0.3999999999999999,3268.5924377441406,12666.666666666668,2,0.3999999999999999,3456.1294555664063,12666.666666666668,0,0.3999999999999999,16773.759002685547,5152,4616,5151,5151,5152,5152,5152,5152,0,0,0,100,0,0,0,0,32353087488,8589930496,2855247872,0
199,1786319784553,857.5278167724609,12666.666666666668,2,0.3999999999999999,758.2328643798828,12666.666666666668,2,0.3999999999999999,3268.5999755859375,12666.666666666668,2,0.3999999999999999,3458.602340698242,12666.666666666668,0,0.3999999999999999,16777.160095214844,5152,4616,5151,5151,5152,5152,5152,5152,0,0,0,100,0,0,0,0,32353087488,8589930496,2855247872,0
199,1786319784753,857.5311584472656,12600,2,0.40625,758.2363891601563,12600,2,0.40625,3268.6074829101563,12600,2,0.40625,3461.0719146728516,12600,0,0.40625,16780.56103515625,5152,4616,5151,5151,5152,5152,5152,5152,0,0,0,100,0,0,0,0,32353087488,8589930496,2855247872,0
199,1786319784953,857.5345916748047,12666.666666666668,2,0.3999999999999999,758.2398071289063,12666.666666666668,2,0.3999999999999999,3268.6149139404297,12666.666666666668,2,0.3999999999999999,3463.5508728027344,12666.666666666668,0,0.3999999999999999,16783.974533081055,5152,4616,5151,5151,5152,5152,5152,5152,0,0,4.761904716491699,100,0,0,0,0,32353087488,8589930496,2855247872,0
199,1786319785154,857.7248992919922,12800,2,0.3999999999999999,758.466796875,12800,2,0.3999999999999999,3268.7684173583984,12800,2,0.3999999999999999,3465.4210510253906,12800,0,0.3999999999999999,16787.38607788086,5152,4616,5151,5151,5152,5152,5152,5152,4.761904716491699,9.523809432983398,0,73.68421173095703,10,0,5,5,32353087488,8589930496,2856300544,0
199,1786319785354,857.7309722900391,12666.666666666668,2,0.40625,758.4709930419922,12666.666666666668,2,0.40625,3268.7774353027344,12666.666666666668,2,0.40625,3467.891632080078,12666.666666666668,0,0.40625,16790.786392211914,5152,4616,5151,5151,5152,5152,5152,5152,0,0,4.761904716491699,100,0,4.761904716491699,0,0,32353087488,8589930496,2856529920,0
199,1786319785554,857.7354888916016,12733.333333333332,2,0.3999999999999999,758.4744262695313,12733.333333333332,2,0.3999999999999999,3268.784225463867,12733.333333333332,0,0.3999999999999999,3470.360382080078,12666.666666666668,0,0.3999999999999999,16794.181518554688,5152,4616,5151,5151,5152,5152,5152,5152,0,0,0,100,0,0,0,0,32353087488,8589930496,2856529920,0
199,1786319785754,857.7398834228516,12466.666666666668,2,0.3999999999999999,758.4778289794922,12466.666666666668,0,0.3999999999999999,3268.7909545898438,12466.666666666668,0,0.3999999999999999,3472.8347930908203,12466.666666666668,0,0.3999999999999999,16797.584426879883,5152,4616,5151,5151,5152,5152,5152,5152,4.761904716491699,0,0,100,0,0,0,0,32353087488,8589930496,2856529920,0
199,1786319785954,857.7442779541016,12733.333333333332,2,0.3999999999999999,758.4810180664063,12733.333333333332,2,0.3999999999999999,3268.7975006103516,12733.333333333332,0,0.3999999999999999,3475.2994079589844,12733.333333333332,0,0.3999999999999999,16800.97718811035,5152,4616,5151,5151,5152,5152,5152,5152,4.761904716491699,0,0,100,0,0,0,0,32353087488,8589930496,2856529920,0
199,1786319786154,857.7486114501953,12666.666666666668,2,0.3999999999999999,758.4841613769531,12666.666666666668,2,0.3999999999999999,3268.8038177490234,12666.666666666668,2,0.3999999999999999,3477.774459838867,12666.666666666668,0,0.3999999999999999,16804.374893188477,5152,4616,5151,5151,5152,5152,5152,5152,0,0,0,100,0,0,0,0,32353087488,8589930496,2856529920,0
199,1786319786354,857.7532043457031,12733.333333333332,2,0.40625,758.4881134033203,12733.333333333332,2,0.40625,3268.810775756836,12733.333333333332,2,0.40625,3480.2391815185547,12733.333333333332,0,0.40625,16807.773376464844,5152,4616,5151,5151,5152,5152,5152,5152,0,0,0,100,0,0,0,0,32353087488,8589930496,2856529920,0
199,1786319786554,857.7580261230469,12666.666666666668,2,0.40625,758.4913330078125,12666.666666666668,2,0.40625,3268.817337036133,12666.666666666668,2,0.40625,3482.7120361328125,12666.666666666668,0,0.40625,16811.171783447266,5152,4616,5151,5151,5152,5152,5152,5152,0,0,0,100,0,0,0,0,32353087488,8589930496,2856529920,0
199,1786319786754,857.7621154785156,12666.666666666668,2,0.3999999999999999,758.4951324462891,12666.666666666668,2,0.3999999999999999,3268.824005126953,12666.666666666668,2,0.3999999999999999,3485.1758728027344,12666.666666666668,0,0.3999999999999999,16814.569046020508,5152,4616,5151,5151,5152,5152,5152,5152,0,0,0,100,0,0,0,0,32353087488,8589930496,2856529920,0
199,1786319786954,857.7657623291016,12666.666666666668,2,0.3999999999999999,758.4992065429688,12666.666666666668,2,0.3999999999999999,3268.832290649414,12666.666666666668,2,0.3999999999999999,3487.64453125,12666.666666666668,0,0.3999999999999999,16817.96824645996,5152,4616,5151,5151,5152,5152,5152,5152,0,0,0,100,0,0,0,0,32353087488,8589930496,2856529920,0
199,1786319787154,857.7693634033203,12733.333333333332,2,0.3999999999999999,758.5037384033203,12733.333333333332,2,0.3999999999999999,3268.839340209961,12733.333333333332,2,0.3999999999999999,3490.127243041992,12733.333333333332,0,0.3999999999999999,16821.38314819336,5152,4616,5151,5151,5152,5152,5152,5152,0,0,0,100,0,0,0,0,32353087488,8589930496,2856529920,0
199,1786319787355,857.7730102539063,12733.333333333332,2,0.3999999999999999,758.5081024169922,12733.333333333332,2,0.3999999999999999,3268.8457794189453,12733.333333333332,2,0.3999999999999999,3492.600830078125,12733.333333333332,0,0.3999999999999999,16824.78253173828,5152,4616,5151,5151,5152,5152,5152,5152,0,0,0,100,0,0,0,0,32353087488,8589930496,2856529920,0
199,1786319787555,857.7777404785156,12733.333333333332,2,0.3999999999999999,758.5123748779297,12733.333333333332,2,0.3999999999999999,3268.853485107422,12733.333333333332,2,0.3999999999999999,3495.063461303711,12733.333333333332,0,0.3999999999999999,16828.180923461914,5152,4616,5151,5151,5152,5152,5152,5152,0,0,0,100,4.761904716491699,0,0,0,32353087488,8589930496,2856529920,0
199,1786319787755,857.7816009521484,12866.666666666666,2,0.39375000000000004,758.5165405273438,12866.666666666666,2,0.39375000000000004,3268.860092163086,12866.666666666666,2,0.39375000000000004,3497.5293579101563,12866.666666666666,0,0.39375000000000004,16831.575805664063,5152,4616,5151,5151,5152,5152,5152,5152,0,0,4.761904716491699,100,0,0,0,0,32353087488,8589930496,2856529920,0
199,1786319787955,857.7852020263672,12933.333333333334,2,0.3999999999999999,758.5206298828125,12933.333333333334,2,0.3999999999999999,3268.8677520751953,12933.333333333334,2,0.39375000000000004,3499.9981994628906,12933.333333333334,0,0.3999999999999999,16834.971633911133,5152,4616,5151,5151,5152,5152,5152,5152,0,0,0,100,0,0,0,0,32353087488,8589930496,2856529920,0
199,1786319788155,857.7886352539063,12466.666666666668,2,0.40625,758.5246887207031,12466.666666666668,2,0.4125000000000001,3268.8741302490234,12466.666666666668,0,0.4125000000000001,3502.474884033203,12466.666666666668,0,0.4125000000000001,16838.38412475586,5152,4616,5151,5151,5152,5152,5152,5152,0,0,0,100,0,0,0,0,32353087488,8589930496,2856529920,0
199,1786319788355,857.7921752929688,12800,2,0.3999999999999999,758.5288848876953,12800,2,0.3999999999999999,3268.8838806152344,12800,0,0.3999999999999999,3504.9383392333984,12800,0,0.3999999999999999,16841.77229309082,5152,4616,5151,5151,5152,5152,5152,5152,0,0,0,100,0,0,0,0,32353087488,8589930496,2856529920,0
199,1786319788555,857.7958221435547,12600,2,0.3999999999999999,758.5328979492188,12600,2,0.3999999999999999,3268.892822265625,12600,2,0.3999999999999999,3507.410934448242,12600,0,0.3999999999999999,16845.177139282227,5152,4616,5151,5151,5152,5152,5152,5152,0,0,0,100,0,0,0,0,32353087488,8589930496,2856529920,0
199,1786319788755,857.7991790771484,12733.333333333332,2,0.3999999999999999,758.5371398925781,12733.333333333332,2,0.3999999999999999,3268.9012603759766,12733.333333333332,2,0.3999999999999999,3509.8824157714844,12733.333333333332,0,0.3999999999999999,16848.573028564453,5152,4616,5151,5151,5152,5152,5152,5152,0,0,0,100,0,0,0,0,32353087488,8589930496,2856529920,0
199,1786319788955,857.8026885986328,12866.666666666666,2,0.39375000000000004,758.5411987304688,12866.666666666666,2,0.39375000000000004,3268.9095764160156,12866.666666666666,2,0.39375000000000004,3512.354934692383,12866.666666666666,0,0.39375000000000004,16851.968658447266,5152,4616,5151,5151,5152,5152,5152,5152,0,0,0,100,0,0,0,0,32353087488,8589930496,2856529920,0
199,1786319789155,857.8062591552734,12666.666666666668,2,0.3999999999999999,758.5451965332031,12666.666666666668,2,0.3999999999999999,3268.917709350586,12666.666666666668,2,0.3999999999999999,3514.8241271972656,12666.666666666668,0,0.3999999999999999,16855.37367248535,5152,4616,5151,5151,5152,5152,5152,5152,0,0,0,100,0,0,0,0,32353087488,8589930496,2856529920,0
199,1786319789355,857.8123474121094,12533.333333333332,2,0.3999999999999999,758.5582275390625,12533.333333333332,2,0.3999999999999999,3268.9290161132813,12533.333333333332,2,0.3999999999999999,3517.2796173095703,12533.333333333332,0,0.3999999999999999,16858.790908813477,5152,4616,5151,5151,5152,5152,5152,5152,0,0,0,100,0,0,0,0,32353087488,8589930496,2856517632,0
199,1786319789556,857.8161315917969,12933.333333333334,2,0.39375000000000004,758.5623168945313,12933.333333333334,2,0.39375000000000004,3268.937530517578,12933.333333333334,2,0.39375000000000004,3519.7539978027344,12933.333333333334,0,0.39375000000000004,16862.179580688477,5152,4616,5151,5151,5152,5152,5152,5152,0,0,0,100,0,0,0,0,32353087488,8589930496,2856517632,0
200,1786319789756,857.8198394775391,12866.666666666666,2,0.39375000000000004,758.5665740966797,12866.666666666666,2,0.39375000000000004,3268.945343017578,12866.666666666666,0,0.39375000000000004,3522.212127685547,12866.666666666666,0,0.39375000000000004,16865.562591552734,5152,4616,5151,5151,5152,5152,5152,5152,0,0,0,100,0,0,0,0,32353087488,8589930496,2856517632,0
199,1786319789956,857.8233795166016,12866.666666666666,2,0.39375000000000004,758.5706939697266,12866.666666666666,2,0.39375000000000004,3268.954147338867,12866.666666666666,2,0.39375000000000004,3524.703903198242,12866.666666666666,0,0.39375000000000004,16868.982177734375,5152,4616,5151,5151,5152,5152,5152,5152,0,0,0,100,0,0,0,0,32353087488,8589930496,2856517632,0
200,1786319790156,857.826904296875,12800,2,0.3999999999999999,758.5747680664063,12800,2,0.3999999999999999,3268.9605712890625,12800,2,0.3999999999999999,3527.178207397461,12800,0,0.3999999999999999,16872.382690429688,5152,4616,5151,5151,5152,5152,5152,5152,0,0,0,100,0,0,0,0,32353087488,8589930496,2856517632,0
199,1786319790356,857.8308410644531,12533.333333333332,2,0.40625,758.5793151855469,12533.333333333332,2,0.40625,3268.9673461914063,12533.333333333332,0,0.40625,3529.6551513671875,12533.333333333332,0,0.40625,16875.78988647461,5152,4616,5151,5151,5152,5152,5152,5152,0,0,0,100,0,0,0,0,32353087488,8589930496,2856517632,0
199,1786319790556,857.8345947265625,12533.333333333332,0,0.40625,758.5833587646484,12533.333333333332,2,0.40625,3268.9756622314453,12533.333333333332,0,0.40625,3532.1219177246094,12533.333333333332,0,0.40625,16879.188095092773,5152,4616,5151,5151,5152,5152,5152,5152,0,0,0,100,0,4.761904716491699,0,0,32353087488,8589930496,2856517632,0
200,1786319790756,857.8381195068359,12800,2,0.3999999999999999,758.58740234375,12800,2,0.3999999999999999,3268.9821166992188,12800,0,0.3999999999999999,3534.5887756347656,12800,0,0.3999999999999999,16882.5799407959,5152,4616,5151,5151,5152,5152,5152,5152,0,0,0,100,0,0,0,0,32353087488,8589930496,2856517632,0
199,1786319790956,857.8416137695313,12600,2,0.40625,758.5918121337891,12600,2,0.40625,3268.9889068603516,12600,2,0.40625,3537.055892944336,12600,0,0.40625,16885.984298706055,5152,4616,5151,5151,5152,5152,5152,5152,0,0,0,100,0,0,0,0,32353087488,8589930496,2856517632,0
199,1786319791156,858.0171203613281,13000,2,0.39375000000000004,758.7446746826172,13000,2,0.39375000000000004,3270.084259033203,13000,0,0.39375000000000004,3538.057601928711,13000,2,0.39375000000000004,16889.38153076172,5152,4616,5151,5151,5152,5152,5152,5152,5.263157844543457,0,45,40,5.263157844543457,5,5,9.523809432983398,32353087488,8589930496,2892541952,0
199,1786319791356,858.0659942626953,12866.666666666666,2,0.3999999999999999,758.7999877929688,12866.666666666666,2,0.3999999999999999,3272.418197631836,12866.666666666666,0,0.3999999999999999,3538.0918579101563,12866.666666666666,2,0.3999999999999999,16892.797729492188,5152,4616,5151,5151,5152,5152,5152,5152,4.761904716491699,0,95.23809814453125,5,0,5,0,0,32353087488,8589930496,2892730368,0
199,1786319791557,858.0706176757813,12800,2,0.3999999999999999,758.8063507080078,12800,2,0.3999999999999999,3274.8783111572266,12800,0,0.3999999999999999,3538.1001739501953,12800,2,0.3999999999999999,16896.19627380371,5152,4616,5151,5151,5152,5152,5152,5152,0,0,100,0,0,0,0,0,32353087488,8589930496,2892730368,0
199,1786319791757,858.0749816894531,12733.333333333332,2,0.3999999999999999,758.8122406005859,12733.333333333332,2,0.3999999999999999,3277.3329467773438,12733.333333333332,0,0.3999999999999999,3538.1084594726563,12733.333333333332,2,0.3999999999999999,16899.59568786621,5152,4616,5151,5151,5152,5152,5152,5152,0,0,100,0,0,0,0,0,32353087488,8589930496,2892730368,0
199,1786319791957,858.0793914794922,12666.666666666668,2,0.40625,758.8181610107422,12666.666666666668,2,0.40625,3279.7909393310547,12666.666666666668,0,0.40625,3538.1177368164063,12666.666666666668,2,0.40625,16902.997497558594,5152,4616,5151,5151,5152,5152,5152,5152,0,0,100,0,0,0,0,0,32353087488,8589930496,2892730368,0
199,1786319792157,858.083984375,12533.333333333332,2,0.3999999999999999,758.8324432373047,12533.333333333332,2,0.3999999999999999,3282.220184326172,12533.333333333332,0,0.3999999999999999,3538.1273803710938,12533.333333333332,2,0.3999999999999999,16906.39862060547,5152,4616,5151,5151,5152,5152,5152,5152,0,4.761904716491699,100,0,0,0,0,0,32353087488,8589930496,2892730368,0
199,1786319792357,858.0885467529297,12666.666666666668,0,0.3999999999999999,758.8385314941406,12666.666666666668,2,0.3999999999999999,3284.665573120117,12666.666666666668,0,0.3999999999999999,3538.1376953125,12666.666666666668,0,0.3999999999999999,16909.794509887695,5152,4616,5151,5151,5152,5152,5152,5152,0,0,100,0,0,0,0,0,32353087488,8589930496,2888073216,0
199,1786319792557,858.0930786132813,12466.666666666668,2,0.4125000000000001,758.8443603515625,12466.666666666668,2,0.4125000000000001,3287.119827270508,12466.666666666668,0,0.4125000000000001,3538.146728515625,12466.666666666668,2,0.4125000000000001,16913.19644165039,5152,4616,5151,5151,5152,5152,5152,5152,0,0,100,0,0,0,0,0,32353087488,8589930496,2888347648,0
199,1786319792757,858.0976715087891,12933.333333333334,2,0.39375000000000004,758.8504486083984,12933.333333333334,2,0.39375000000000004,3289.573501586914,12933.333333333334,0,0.39375000000000004,3538.1532135009766,12933.333333333334,0,0.39375000000000004,16916.581497192383,5152,4616,5151,5151,5152,5152,5152,5152,0,0,100,0,0,0,0,0,32353087488,8589930496,2888347648,0
199,1786319792957,858.1017761230469,12533.333333333332,2,0.40625,758.8565826416016,12533.333333333332,2,0.40625,3292.0343170166016,12533.333333333332,0,0.40625,3538.1622161865234,12533.333333333332,2,0.40625,16919.993087768555,5152,4616,5151,5151,5152,5152,5152,5152,0,0,100,0,4.761904716491699,0,0,0,32353087488,8589930496,2888347648,0
199,1786319793157,858.1051483154297,12533.333333333332,2,0.40625,758.8623962402344,12533.333333333332,2,0.40625,3294.482696533203,12533.333333333332,0,0.40625,3538.169448852539,12533.333333333332,2,0.40625,16923.39112854004,5152,4616,5151,5151,5152,5152,5152,5152,0,0,100,0,0,0,0,0,32353087488,8589930496,2883563520,0
199,1786319793357,858.1116638183594,12866.666666666666,2,0.3999999999999999,759.0700531005859,12866.666666666666,2,0.3999999999999999,3296.654495239258,12866.666666666666,0,0.3999999999999999,3538.1866455078125,12866.666666666666,2,0.3999999999999999,16926.782180786133,5152,4616,5151,5151,5152,5152,5152,5152,0,5.263157844543457,90.47618865966797,0,0,0,0,0,32353087488,8589930496,2883538944,0
199,1786319793557,858.115234375,12800,2,0.3999999999999999,759.0762939453125,12800,2,0.3999999999999999,3298.9762115478516,12800,0,0.3999999999999999,3538.1942596435547,12800,2,0.3999999999999999,16930.18197631836,5152,4616,5151,5151,5152,5152,5152,5152,0,0,100,0,0,0,0,0,32353087488,8589930496,2883538944,0
199,1786319793758,858.1187896728516,12666.666666666668,2,0.40625,759.0823822021484,12666.666666666668,2,0.40625,3301.2951049804688,12666.666666666668,0,0.40625,3538.2018432617188,12666.666666666668,2,0.40625,16933.585708618164,5152,4616,5151,5151,5152,5152,5152,5152,0,0,100,0,0,0,0,0,32353087488,8589930496,2883538944,0
199,1786319793958,858.1222229003906,12666.666666666668,2,0.3999999999999999,759.0886840820313,12666.666666666668,2,0.3999999999999999,3303.6219787597656,12666.666666666668,0,0.3999999999999999,3538.2100677490234,12666.666666666668,2,0.3999999999999999,16937.00132751465,5152,4616,5151,5151,5152,5152,5152,5152,0,0,100,4.761904716491699,0,0,0,0,32353087488,8589930496,2883538944,0
199,1786319794158,858.1256561279297,12800,2,0.3999999999999999,759.0947570800781,12800,2,0.3999999999999999,3305.9345092773438,12800,0,0.3999999999999999,3538.2192993164063,12800,2,0.3999999999999999,16940.395706176758,5152,4616,5151,5151,5152,5152,5152,5152,0,0,100,0,0,0,0,0,32353087488,8589930496,2879352832,0
199,1786319794358,858.1295623779297,12800,2,0.3999999999999999,759.1016845703125,12800,2,0.3999999999999999,3308.2430267333984,12800,0,0.3999999999999999,3538.227737426758,12800,0,0.3999999999999999,16943.7957611084,5152,4616,5151,5151,5152,5152,5152,5152,0,0,100,0,0,0,0,0,32353087488,8589930496,2879332352,0
199,1786319794558,858.1329193115234,12733.333333333332,2,0.40625,759.1078491210938,12733.333333333332,2,0.40625,3310.555892944336,12733.333333333332,0,0.40625,3538.2352905273438,12733.333333333332,2,0.40625,16947.195831298828,5152,4616,5151,5151,5152,5152,5152,5152,0,0,100,0,0,0,0,0,32353087488,8589930496,2879332352,0
199,1786319794758,858.1364440917969,12733.333333333332,2,0.3999999999999999,759.11376953125,12733.333333333332,2,0.3999999999999999,3312.8612213134766,12733.333333333332,0,0.3999999999999999,3538.2437438964844,12733.333333333332,2,0.3999999999999999,16950.594345092773,5152,4616,5151,5151,5152,5152,5152,5152,0,0,100,0,0,0,0,0,32353087488,8589930496,2879332352,0
199,1786319794958,858.1399993896484,12666.666666666668,2,0.3999999999999999,759.1199645996094,12666.666666666668,2,0.3999999999999999,3315.1729125976563,12600,0,0.3999999999999999,3538.2540435791016,12600,0,0.3999999999999999,16953.995025634766,5152,4616,5151,5151,5152,5152,5152,5152,0,0,100,0,0,0,0,0,32353087488,8589930496,2879332352,0
199,1786319795158,858.1437683105469,12600,0,0.40625,759.1261291503906,12600,2,0.40625,3317.484085083008,12600,0,0.40625,3538.2615814208984,12600,0,0.40625,16957.39434814453,5152,4616,5151,5151,5152,5152,5152,5152,0,0,100,0,0,0,0,0,32353087488,8589930496,2875650048,0
199,1786319795358,858.1472015380859,12666.666666666668,2,0.3999999999999999,759.1323852539063,12666.666666666668,2,0.3999999999999999,3319.7953491210938,12666.666666666668,0,0.3999999999999999,3538.2708892822266,12666.666666666668,0,0.3999999999999999,16960.793838500977,5152,4616,5151,5151,5152,5152,5152,5152,0,0,100,0,0,0,0,0,32353087488,8589930496,2875650048,0
199,1786319795558,858.1508026123047,12600,2,0.3999999999999999,759.1385803222656,12600,2,0.3999999999999999,3322.108932495117,12600,0,0.3999999999999999,3538.2804412841797,12600,2,0.3999999999999999,16964.193878173828,5152,4616,5151,5151,5152,5152,5152,5152,0,0,100,0,0,0,0,0,32353087488,8589930496,2875650048,0
200,1786319795758,858.1543121337891,12600,2,0.40625,759.1454162597656,12600,2,0.40625,3324.420150756836,12600,0,0.40625,3538.287384033203,12600,2,0.40625,16967.5908203125,5152,4616,5151,5151,5152,5152,5152,5152,0,0,100,0,0,0,0,0,32353087488,8589930496,2875650048,0
199,1786319795959,858.15771484375,12466.666666666668,2,0.40625,759.1522674560547,12466.666666666668,2,0.40625,3326.7249145507813,12466.666666666668,0,0.40625,3538.294952392578,12466.666666666668,2,0.40625,16970.994110107422,5152,4616,5151,5151,5152,5152,5152,5152,0,0,100,4.761904716491699,0,0,0,0,32353087488,8589930496,2875650048,0
199,1786319796159,858.1611938476563,12600,2,0.40625,759.1590118408203,12600,2,0.40625,3329.034713745117,12600,0,0.40625,3538.3026428222656,12600,2,0.40625,16974.389129638672,5152,4616,5151,5151,5152,5152,5152,5152,0,0,100,4.761904716491699,0,0,0,0,32353087488,8589930496,2872426496,0
199,1786319796359,858.1646118164063,12666.666666666668,2,0.3999999999999999,759.1659393310547,12666.666666666668,2,0.3999999999999999,3331.3424682617188,12666.666666666668,0,0.3999999999999999,3538.3106842041016,12666.666666666668,2,0.3999999999999999,16977.803497314453,5152,4616,5151,5151,5152,5152,5152,5152,0,0,100,0,0,0,0,0,32353087488,8589930496,2872426496,0
199,1786319796559,858.1681518554688,12600,2,0.3999999999999999,759.1727905273438,12600,2,0.3999999999999999,3333.666015625,12600,0,0.3999999999999999,3538.317657470703,12600,2,0.3999999999999999,16981.203994750977,5152,4616,5151,5151,5152,5152,5152,5152,0,0,100,0,0,0,0,0,32353087488,8589930496,2872426496,0
199,1786319796759,858.1716766357422,12666.666666666668,2,0.40625,759.1795043945313,12666.666666666668,2,0.40625,3335.9718170166016,12666.666666666668,0,0.40625,3538.3265380859375,12666.666666666668,2,0.40625,16984.6004486084,5152,4616,5151,5151,5152,5152,5152,5152,0,0,100,0,0,0,0,0,32353087488,8589930496,2872426496,0
199,1786319796959,858.1751098632813,12866.666666666666,2,0.3999999999999999,759.1864013671875,12866.666666666666,2,0.3999999999999999,3338.288116455078,12866.666666666666,0,0.3999999999999999,3538.335433959961,12866.666666666666,2,0.3999999999999999,16987.993438720703,5152,4616,5151,5151,5152,5152,5152,5152,0,0,100,0,0,0,0,0,32353087488,8589930496,2872426496,0
200,1786319797159,858.3348999023438,300,0,0.2437499999999999,759.4239349365234,300,0,0.2437499999999999,3339.972381591797,300,0,0.2437499999999999,3538.513717651367,300,0,0.2437499999999999,16991.25958251953,5152,4616,5151,5151,5152,5152,5152,5152,0,0,100,0,0,0,0,0,32353087488,8589930496,2916950016,0
199,1786319797359,858.3624420166016,12533.333333333332,2,0.3999999999999999,759.4367523193359,12533.333333333332,2,0.3999999999999999,3339.9942016601563,12533.333333333332,0,0.3999999999999999,3541.0357055664063,12533.333333333332,0,0.3999999999999999,16994.807739257813,5152,4616,5151,5151,5152,5152,5152,5152,0,0,0,100,0,0,0,0,32353087488,8589930496,2917019648,0
199,1786319797559,858.3671264648438,12800,2,0.3999999999999999,759.4399108886719,12733.333333333332,2,0.3999999999999999,3340.002471923828,12733.333333333332,0,0.3999999999999999,3543.496597290039,12733.333333333332,0,0.3999999999999999,16998.19906616211,5152,4616,5151,5151,5152,5152,5152,5152,0,0,0,100,0,0,0,0,32353087488,8589930496,2917019648,0
199,1786319797759,858.3721771240234,12600,2,0.3999999999999999,759.4431915283203,12600,2,0.3999999999999999,3340.011199951172,12600,0,0.3999999999999999,3545.959030151367,12600,0,0.3999999999999999,17001.602493286133,5152,4616,5151,5151,5152,5152,5152,5152,0,0,0,100,0,0,0,0,32353087488,8589930496,2917019648,0
199,1786319797959,858.3766784667969,12600,2,0.3999999999999999,759.4481201171875,12600,2,0.3999999999999999,3340.017837524414,12600,2,0.3999999999999999,3548.418197631836,12600,0,0.3999999999999999,17004.999877929688,5152,4616,5151,5151,5152,5152,5152,5152,0,0,4.761904716491699,100,0,0,0,0,32353087488,8589930496,2917019648,0
199,1786319798160,858.3810577392578,12666.666666666668,2,0.3999999999999999,759.4512786865234,12666.666666666668,2,0.3999999999999999,3340.026107788086,12666.666666666668,2,0.3999999999999999,3550.8815307617188,12666.666666666668,0,0.3999999999999999,17008.396362304688,5152,4616,5151,5151,5152,5152,5152,5152,0,0,0,100,0,0,0,0,32353087488,8589930496,2917130240,0
199,1786319798360,858.3861999511719,12466.666666666668,2,0.40625,759.4554748535156,12466.666666666668,2,0.40625,3340.0328216552734,12466.666666666668,2,0.40625,3553.338394165039,12466.666666666668,0,0.40625,17011.800735473633,5152,4616,5151,5151,5152,5152,5152,5152,0,0,4.761904716491699,100,0,0,0,0,32353087488,8589930496,2911412224,0
199,1786319798560,858.3909759521484,12466.666666666668,2,0.40625,759.4586639404297,12466.666666666668,2,0.40625,3340.0392150878906,12466.666666666668,2,0.40625,3555.8041076660156,12466.666666666668,0,0.40625,17015.198654174805,5152,4616,5151,5151,5152,5152,5152,5152,4.761904716491699,0,0,100,0,0,0,0,32353087488,8589930496,2911412224,0
199,1786319798760,858.3947143554688,12466.666666666668,2,0.40625,759.4617919921875,12466.666666666668,2,0.40625,3340.046127319336,12466.666666666668,2,0.40625,3558.2774200439453,12466.666666666668,0,0.40625,17018.61296081543,5152,4616,5151,5151,5152,5152,5152,5152,0,0,0,100,0,0,0,0,32353087488,8589930496,2911412224,0
199,1786319798960,858.3984375,12466.666666666668,2,0.3999999999999999,759.4650573730469,12466.666666666668,2,0.3999999999999999,3340.0543060302734,12466.666666666668,2,0.3999999999999999,3560.7390899658203,12466.666666666668,0,0.3999999999999999,17022.01109313965,5152,4616,5151,5151,5152,5152,5152,5152,0,0,0,100,0,0,0,0,32353087488,8589930496,2911412224,0
199,1786319799160,858.4019470214844,12533.333333333332,2,0.3999999999999999,759.4682922363281,12533.333333333332,2,0.3999999999999999,3340.0621337890625,12533.333333333332,2,0.3999999999999999,3563.1973266601563,12533.333333333332,0,0.3999999999999999,17025.410095214844,5152,4616,5151,5151,5152,5152,5152,5152,0,0,0,100,0,0,0,0,32353087488,8589930496,2911412224,0
199,1786319799360,858.4055480957031,12600,2,0.40625,759.471435546875,12600,2,0.40625,3340.0711364746094,12600,2,0.40625,3565.6543884277344,12600,0,0.40625,17028.806076049805,5152,4616,5151,5151,5152,5152,5152,5152,0,0,0,100,0,0,0,0,32353087488,8589930496,2909306880,0
199,1786319799560,858.4089660644531,12666.666666666668,2,0.3999999999999999,759.4746551513672,12666.666666666668,2,0.3999999999999999,3340.0798950195313,12666.666666666668,2,0.3999999999999999,3568.1121673583984,12666.666666666668,0,0.3999999999999999,17032.202758789063,5152,4616,5151,5151,5152,5152,5152,5152,0,0,0,100,0,0,0,0,32353087488,8589930496,2904289280,0
199,1786319799760,858.4123992919922,12533.333333333332,2,0.3999999999999999,759.4778289794922,12533.333333333332,2,0.40625,3340.0885162353516,12533.333333333332,0,0.40625,3570.573043823242,12533.333333333332,0,0.40625,17035.60400390625,5152,4616,5151,5151,5152,5152,5152,5152,0,0,0,100,0,0,0,0,32353087488,8589930496,2904289280,0
199,1786319799960,858.415771484375,12600,2,0.3999999999999999,759.4809722900391,12600,2,0.3999999999999999,3340.0958099365234,12600,0,0.3999999999999999,3573.0348510742188,12600,0,0.3999999999999999,17039.002349853516,5152,4616,5151,5151,5152,5152,5152,5152,0,0,0,100,0,0,0,0,32353087488,8589930496,2904289280,0
199,1786319800160,858.4192657470703,12600,2,0.3999999999999999,759.4843139648438,12600,2,0.3999999999999999,3340.103240966797,12600,0,0.3999999999999999,3575.4933166503906,12600,0,0.3999999999999999,17042.399291992188,5152,4616,5151,5151,5152,5152,5152,5152,0,0,0,100,0,0,0,0,32353087488,8589930496,2904289280,0
199,1786319800360,858.4227142333984,12600,2,0.40625,759.4899444580078,12600,2,0.40625,3340.1106719970703,12600,2,0.40625,3577.9481201171875,12600,0,0.40625,17045.798858642578,5152,4616,5151,5151,5152,5152,5152,5152,0,0,0,100,0,0,0,0,32353087488,8589930496,2904031232,0
199,1786319800561,858.4260864257813,12666.666666666668,2,0.3999999999999999,759.4934234619141,12666.666666666668,2,0.3999999999999999,3340.1190795898438,12666.666666666668,2,0.3999999999999999,3580.406967163086,12666.666666666668,0,0.3999999999999999,17049.19630432129,5152,4616,5151,5151,5152,5152,5152,5152,0,0,0,100,0,0,0,0,32353087488,8589930496,2904031232,0
199,1786319800761,858.4294586181641,12666.666666666668,2,0.3999999999999999,759.4965209960938,12666.666666666668,2,0.3999999999999999,3340.1283416748047,12666.666666666668,2,0.3999999999999999,3582.869110107422,12666.666666666668,0,0.3999999999999999,17052.597229003906,5152,4616,5151,5151,5152,5152,5152,5152,0,0,0,100,0,0,0,0,32353087488,8589930496,2904031232,0
199,1786319800961,858.432861328125,12466.666666666668,2,0.40625,759.5001373291016,12466.666666666668,2,0.40625,3340.1354217529297,12466.666666666668,2,0.40625,3585.3318481445313,12466.666666666668,0,0.40625,17055.99868774414,5152,4616,5151,5151,5152,5152,5152,5152,0,0,0,100,0,0,0,0,32353087488,8589930496,2904031232,0
199,1786319801161,858.4362182617188,12533.333333333332,2,0.3999999999999999,759.5034790039063,12533.333333333332,2,0.3999999999999999,3340.145309448242,12533.333333333332,2,0.3999999999999999,3587.799041748047,12533.333333333332,0,0.3999999999999999,17059.412658691406,5152,4616,5151,5151,5152,5152,5152,5152,0,0,0,100,0,0,0,0,32353087488,8589930496,2901278720,0
199,1786319801361,858.4409790039063,12400,2,0.40625,759.5128173828125,12400,2,0.40625,3340.1590881347656,12400,2,0.40625,3590.2384185791016,12400,0,0.40625,17062.815841674805,5152,4616,5151,5151,5152,5152,5152,5152,0,0,0,100,0,0,0,0,32353087488,8589930496,2896883712,0
199,1786319801561,858.4443511962891,12733.333333333332,2,0.3999999999999999,759.5159454345703,12733.333333333332,2,0.3999999999999999,3340.1705017089844,12733.333333333332,2,0.3999999999999999,3592.698989868164,12733.333333333332,0,0.3999999999999999,17066.2060546875,5152,4616,5151,5151,5152,5152,5152,5152,0,0,0,100,0,0,0,0,32353087488,8589930496,2896875520,0
199,1786319801761,858.4477081298828,12800,2,0.3999999999999999,759.5191497802734,12800,2,0.3999999999999999,3340.178436279297,12800,2,0.3999999999999999,3595.1666259765625,12800,0,0.3999999999999999,17069.605346679688,5152,4616,5151,5151,5152,5152,5152,5152,0,0,0,100,0,0,0,0,32353087488,8589930496,2896875520,0
199,1786319801961,858.4510498046875,12533.333333333332,2,0.40625,759.5222473144531,12533.333333333332,2,0.40625,3340.1869354248047,12533.333333333332,2,0.40625,3597.6312561035156,12533.333333333332,0,0.40625,17073.00975036621,5152,4616,5151,5151,5152,5152,5152,5152,0,0,0,100,0,0,0,0,32353087488,8589930496,2896875520,0
199,1786319802161,858.454345703125,12400,2,0.4125000000000001,759.52587890625,12333.333333333332,2,0.4125000000000001,3340.1958618164063,12333.333333333332,0,0.4125000000000001,3600.0882568359375,12333.333333333332,0,0.4125000000000001,17076.41293334961,5152,4616,5151,5151,5152,5152,5152,5152,0,0,0,100,0,0,0,0,32353087488,8589930496,2896875520,0
199,1786319802361,858.4580383300781,12533.333333333332,0,0.3999999999999999,759.5297393798828,12533.333333333332,2,0.3999999999999999,3340.2032165527344,12533.333333333332,0,0.3999999999999999,3602.5526123046875,12533.333333333332,0,0.3999999999999999,17079.808395385742,5152,4616,5151,5151,5152,5152,5152,5152,0,0,0,100,0,0,0,0,32353087488,8589930496,2890604544,0
199,1786319802561,858.4645538330078,12533.333333333332,0,0.40625,759.5330810546875,12533.333333333332,2,0.40625,3340.2102966308594,12533.333333333332,2,0.40625,3605.019729614258,12533.333333333332,0,0.40625,17083.20735168457,5152,4616,5151,5151,5152,5152,5152,5152,0,0,0,100,0,0,0,0,32353087488,8589930496,2890604544,0
199,1786319802762,858.4682312011719,12466.666666666668,2,0.40625,759.5361785888672,12466.666666666668,2,0.40625,3340.217239379883,12466.666666666668,2,0.40625,3607.483444213867,12466.666666666668,0,0.40625,17086.608337402344,5152,4616,5151,5151,5152,5152,5152,5152,0,0,0,100,4.761904716491699,0,0,0,32353087488,8589930496,2890604544,0
199,1786319802962,858.4717559814453,12533.333333333332,2,0.3999999999999999,759.5393218994141,12533.333333333332,2,0.3999999999999999,3340.2269439697266,12533.333333333332,2,0.3999999999999999,3609.9371337890625,12533.333333333332,0,0.3999999999999999,17090.004364013672,5152,4616,5151,5151,5152,5152,5152,5152,0,0,4.761904716491699,100,0,0,0,0,32353087488,8589930496,2890604544,0
199,1786319803162,858.5157623291016,13600,0,0.38749999999999996,759.582763671875,13600,0,0.38749999999999996,3340.2811889648438,13600,0,0.38749999999999996,3612.248550415039,13600,0,0.38749999999999996,17093.38299560547,5152,4616,5151,5151,5152,5152,5152,5152,0,0,4.761904716491699,100,0,0,0,0,32353087488,8589930496,2790436864,0
199,1786319803362,858.6915435791016,12466.666666666668,2,0.40625,759.7150115966797,12466.666666666668,2,0.40625,3342.242156982422,12466.666666666668,0,0.40625,3612.3697357177734,12466.666666666668,2,0.40625,17096.815689086914,5152,4616,5151,5151,5152,5152,5152,5152,2.5641026496887207,2.5,2.5,48.780487060546875,2.5641026496887207,0,42.5,4.878048419952393,32353087488,8589930496,2898325504,0
199,1786319803562,858.6951446533203,12600,2,0.3999999999999999,759.721435546875,12600,2,0.3999999999999999,3344.5736389160156,12600,0,0.3999999999999999,3612.3760833740234,12600,2,0.3999999999999999,17100.208908081055,5152,4616,5151,5151,5152,5152,5152,5152,0,0,0,0,0,0,100,0,32353087488,8589930496,2898325504,0
199,1786319803762,858.6985015869141,12466.666666666668,2,0.40625,759.7277069091797,12466.666666666668,2,0.40625,3347.025421142578,12466.666666666668,0,0.40625,3612.382553100586,12466.666666666668,2,0.40625,17103.610931396484,5152,4616,5151,5151,5152,5152,5152,5152,0,0,0,0,0,0,100,0,32353087488,8589930496,2898325504,0
200,1786319803962,858.7018127441406,12533.333333333332,2,0.40625,759.7337493896484,12533.333333333332,2,0.40625,3349.4899139404297,12533.333333333332,0,0.40625,3612.388702392578,12533.333333333332,2,0.40625,17107.024353027344,5152,4616,5151,5151,5152,5152,5152,5152,0,0,0,0,0,0,100,0,32353087488,8589930496,2898325504,0
199,1786319804162,858.7076721191406,12666.666666666668,2,0.3999999999999999,759.7404327392578,12666.666666666668,2,0.3999999999999999,3351.9513397216797,12666.666666666668,0,0.3999999999999999,3612.3950958251953,12666.666666666668,2,0.3999999999999999,17110.418045043945,5152,4616,5151,5151,5152,5152,5152,5152,0,0,0,0,0,0,100,0,32353087488,8589930496,2897846272,0
199,1786319804362,858.7111206054688,12666.666666666668,2,0.40625,759.7467041015625,12666.666666666668,2,0.40625,3354.4048767089844,12666.666666666668,0,0.40625,3612.4038848876953,12666.666666666668,2,0.40625,17113.81590270996,5152,4616,5151,5151,5152,5152,5152,5152,0,0,0,0,0,0,100,0,32353087488,8589930496,2897846272,0
199,1786319804562,858.7146148681641,12466.666666666668,2,0.3999999999999999,759.7529144287109,12466.666666666668,2,0.3999999999999999,3356.858932495117,12466.666666666668,0,0.3999999999999999,3612.4117126464844,12466.666666666668,2,0.3999999999999999,17117.22085571289,5152,4616,5151,5151,5152,5152,5152,5152,0,0,0,0,0,0,100,0,32353087488,8589930496,2897891328,0
199,1786319804762,858.718017578125,12600,2,0.40625,759.7590789794922,12600,2,0.40625,3359.3062133789063,12600,0,0.40625,3612.4194946289063,12600,2,0.3999999999999999,17120.615798950195,5152,4616,5151,5151,5152,5152,5152,5152,0,0,0,0,0,0,100,0,32353087488,8589930496,2897891328,0
199,1786319804962,858.7214050292969,12666.666666666668,2,0.3999999999999999,759.7650909423828,12666.666666666668,2,0.40625,3361.7564239501953,12666.666666666668,0,0.40625,3612.4259185791016,12666.666666666668,0,0.40625,17124.012451171875,5152,4616,5151,5151,5152,5152,5152,5152,0,0,0,0,0,0,100,0,32353087488,8589930496,2897891328,0
199,1786319805163,858.7247467041016,12666.666666666668,2,0.3999999999999999,759.7713470458984,12666.666666666668,2,0.3999999999999999,3364.209487915039,12666.666666666668,0,0.3999999999999999,3612.432418823242,12666.666666666668,0,0.3999999999999999,17127.40985107422,5152,4616,5151,5151,5152,5152,5152,5152,0,0,0,0,0,0,100,0,32353087488,8589930496,2897891328,0
199,1786319805363,858.7305603027344,12600,2,0.3999999999999999,759.7860107421875,12600,2,0.3999999999999999,3366.6160278320313,12600,0,0.3999999999999999,3612.440689086914,12600,2,0.3999999999999999,17130.81069946289,5152,4616,5151,5151,5152,5152,5152,5152,0,4.761904716491699,40,5,0,5,65,0,32353087488,8589930496,2893434880,0
199,1786319805563,858.7352752685547,12733.333333333332,2,0.3999999999999999,759.7922668457031,12733.333333333332,2,0.3999999999999999,3369.0565795898438,12733.333333333332,0,0.3999999999999999,3612.4500885009766,12733.333333333332,2,0.3999999999999999,17134.20571899414,5152,4616,5151,5151,5152,5152,5152,5152,0,0,100,0,0,0,0,0,32353087488,8589930496,2893434880,0
199,1786319805763,858.7398529052734,12666.666666666668,2,0.3999999999999999,759.7984313964844,12666.666666666668,2,0.3999999999999999,3371.5121307373047,12666.666666666668,0,0.3999999999999999,3612.456985473633,12666.666666666668,2,0.3999999999999999,17137.609466552734,5152,4616,5151,5151,5152,5152,5152,5152,0,0,100,0,0,0,0,0,32353087488,8589930496,2893434880,0
199,1786319805963,858.7442626953125,12666.666666666668,2,0.3999999999999999,759.8046264648438,12666.666666666668,2,0.3999999999999999,3373.956741333008,12666.666666666668,0,0.3999999999999999,3612.463607788086,12666.666666666668,2,0.3999999999999999,17141.00762939453,5152,4616,5151,5151,5152,5152,5152,5152,4.761904716491699,0,100,0,0,0,0,0,32353087488,8589930496,2893434880,0
199,1786319806163,858.7485809326172,12533.333333333332,2,0.40625,759.8107604980469,12533.333333333332,2,0.40625,3376.4016723632813,12533.333333333332,0,0.40625,3612.470443725586,12533.333333333332,2,0.40625,17144.410354614258,5152,4616,5151,5151,5152,5152,5152,5152,0,0,100,0,0,0,0,0,32353087488,8589930496,2891640832,0
199,1786319806363,858.7530822753906,12533.333333333332,2,0.40625,759.8177032470703,12533.333333333332,2,0.40625,3378.8575286865234,12533.333333333332,0,0.40625,3612.478485107422,12533.333333333332,2,0.40625,17147.82568359375,5152,4616,5151,5151,5152,5152,5152,5152,0,0,100,0,0,0,0,0,32353087488,8589930496,2889871360,0
199,1786319806563,858.7566986083984,12400,2,0.40625,759.8245697021484,12400,2,0.40625,3381.3023834228516,12400,0,0.40625,3612.4859771728516,12400,2,0.40625,17151.22752380371,5152,4616,5151,5151,5152,5152,5152,5152,0,0,100,0,0,0,0,0,32353087488,8589930496,2889871360,0
199,1786319806763,858.7603149414063,12533.333333333332,2,0.40625,759.8312835693359,12533.333333333332,2,0.40625,3383.733856201172,12533.333333333332,0,0.40625,3612.4935302734375,12533.333333333332,2,0.40625,17154.621963500977,5152,4616,5151,5151,5152,5152,5152,5152,0,0,100,0,0,0,0,0,32353087488,8589930496,2889871360,0
199,1786319806963,858.7637786865234,12533.333333333332,2,0.40625,759.8381195068359,12533.333333333332,2,0.40625,3386.1719512939453,12533.333333333332,0,0.40625,3612.5017852783203,12533.333333333332,2,0.40625,17158.019561767578,5152,4616,5151,5151,5152,5152,5152,5152,0,0,100,0,0,0,0,0,32353087488,8589930496,2889871360,0
199,1786319807163,858.7672119140625,12466.666666666668,2,0.40625,759.8449096679688,12466.666666666668,2,0.40625,3388.616729736328,12466.666666666668,0,0.40625,3612.5082092285156,12466.666666666668,0,0.40625,17161.42071533203,5152,4616,5151,5151,5152,5152,5152,5152,0,0,100,0,0,0,0,0,32353087488,8589930496,2887823360,0
199,1786319807364,858.7708129882813,12600,2,0.40625,759.8519592285156,12600,2,0.40625,3391.0562286376953,12600,0,0.40625,3612.516616821289,12600,0,0.40625,17164.817916870117,5152,4616,5151,5151,5152,5152,5152,5152,0,0,100,0,0,0,0,0,32353087488,8589930496,2887823360,0
199,1786319807564,858.7745971679688,12466.666666666668,2,0.3999999999999999,759.8588714599609,12466.666666666668,2,0.3999999999999999,3393.4998321533203,12466.666666666668,0,0.3999999999999999,3612.5250549316406,12466.666666666668,0,0.3999999999999999,17168.217803955078,5152,4616,5151,5151,5152,5152,5152,5152,0,0,100,0,0,0,0,0,32353087488,8589930496,2887823360,0
199,1786319807764,858.7784118652344,12466.666666666668,2,0.40625,759.8658142089844,12466.666666666668,2,0.40625,3395.945297241211,12466.666666666668,0,0.40625,3612.533950805664,12466.666666666668,2,0.40625,17171.616668701172,5152,4616,5151,5151,5152,5152,5152,5152,0,0,100,0,0,0,0,0,32353087488,8589930496,2887823360,0
199,1786319807964,858.7819061279297,12733.333333333332,2,0.3999999999999999,759.8726196289063,12733.333333333332,2,0.3999999999999999,3398.3878631591797,12733.333333333332,0,0.3999999999999999,3612.540969848633,12733.333333333332,2,0.3999999999999999,17175.010620117188,5152,4616,5151,5151,5152,5152,5152,5152,0,0,100,0,0,0,0,0,32353087488,8589930496,2887823360,0
199,1786319808164,858.7855224609375,12733.333333333332,2,0.40625,759.8793640136719,12733.333333333332,2,0.40625,3400.8255920410156,12733.333333333332,0,0.40625,3612.547607421875,12733.333333333332,2,0.40625,17178.408935546875,5152,4616,5151,5151,5152,5152,5152,5152,0,0,100,0,0,0,0,0,32353087488,8589930496,2885763072,0
199,1786319808364,858.7890472412109,12533.333333333332,2,0.40625,759.8861694335938,12533.333333333332,2,0.40625,3403.2755737304688,12533.333333333332,0,0.40625,3612.554458618164,12533.333333333332,2,0.40625,17181.813354492188,5152,4616,5151,5151,5152,5152,5152,5152,0,0,100,0,0,0,0,0,32353087488,8589930496,2885763072,0
199,1786319808564,858.7925872802734,12466.666666666668,2,0.40625,759.8930053710938,12466.666666666668,2,0.40625,3405.713607788086,12466.666666666668,0,0.40625,3612.561065673828,12466.666666666668,2,0.40625,17185.21273803711,5152,4616,5151,5151,5152,5152,5152,5152,0,0,100,0,0,0,0,0,32353087488,8589930496,2885763072,0
199,1786319808764,858.7960968017578,12466.666666666668,2,0.40625,759.8997955322266,12466.666666666668,2,0.40625,3408.160629272461,12466.666666666668,0,0.40625,3612.569580078125,12466.666666666668,2,0.40625,17188.628143310547,5152,4616,5151,5151,5152,5152,5152,5152,0,0,100,0,0,0,0,0,32353087488,8589930496,2885763072,0
199,1786319808964,858.7995758056641,12533.333333333332,2,0.40625,759.9066162109375,12533.333333333332,2,0.40625,3410.613525390625,12533.333333333332,0,0.40625,3612.5768432617188,12533.333333333332,2,0.40625,17192.025650024414,5152,4616,5151,5151,5152,5152,5152,5152,0,0,100,0,0,0,0,0,32353087488,8589930496,2884534272,0
199,1786319809164,858.8031311035156,12533.333333333332,2,0.40625,759.9133148193359,12533.333333333332,2,0.40625,3413.054000854492,12533.333333333332,0,0.40625,3612.5850830078125,12533.333333333332,2,0.40625,17195.423797607422,5152,4616,5151,5151,5152,5152,5152,5152,0,0,100,0,0,0,0,0,32353087488,8589930496,2884227072,0
199,1786319809364,859.0276641845703,12800,2,0.3999999999999999,760.0661468505859,12800,2,0.3999999999999999,3414.9464416503906,12800,0,0.3999999999999999,3612.759735107422,12800,2,0.3999999999999999,17198.82469177246,5152,4616,5151,5151,5152,5152,5152,5152,5,0,75,9.523809432983398,10,5.263157844543457,4.761904716491699,10,32353087488,8589930496,2863321088,0
199,1786319809565,859.0321960449219,12666.666666666668,2,0.3999999999999999,760.0778045654297,12666.666666666668,2,0.40625,3417.371566772461,12600,0,0.40625,3612.775360107422,12600,0,0.40625,17202.225311279297,5152,4616,5151,5151,5152,5152,5152,5152,0,0,100,0,0,0,0,0,32353087488,8589930496,2863525888,0
199,1786319809765,859.0357513427734,12466.666666666668,0,0.3999999999999999,760.084228515625,12466.666666666668,2,0.3999999999999999,3419.8228149414063,12466.666666666668,0,0.3999999999999999,3612.783660888672,12466.666666666668,0,0.3999999999999999,17205.62745666504,5152,4616,5151,5151,5152,5152,5152,5152,0,4.761904716491699,100,0,0,0,0,0,32353087488,8589930496,2863525888,0
199,1786319809965,859.0390472412109,12666.666666666668,2,0.3999999999999999,760.0904541015625,12666.666666666668,2,0.3999999999999999,3422.279251098633,12666.666666666668,0,0.3999999999999999,3612.7926635742188,12666.666666666668,0,0.3999999999999999,17209.021560668945,5152,4616,5151,5151,5152,5152,5152,5152,0,0,100,0,0,0,0,0,32353087488,8589930496,2863525888,0
199,1786319810165,859.0424346923828,12533.333333333332,2,0.3999999999999999,760.0966644287109,12533.333333333332,2,0.3999999999999999,3424.737335205078,12533.333333333332,0,0.3999999999999999,3612.800735473633,12533.333333333332,2,0.3999999999999999,17212.42332458496,5152,4616,5151,5151,5152,5152,5152,5152,0,0,100,0,0,0,0,0,32353087488,8589930496,2863525888,0
199,1786319810365,859.0459442138672,12466.666666666668,2,0.40625,760.1036834716797,12466.666666666668,2,0.40625,3427.182083129883,12466.666666666668,0,0.40625,3612.807846069336,12466.666666666668,2,0.40625,17215.82373046875,5152,4616,5151,5151,5152,5152,5152,5152,0,0,100,0,0,0,0,0,32353087488,8589930496,2863525888,0
199,1786319810565,859.0493927001953,12400,2,0.40625,760.1101531982422,12400,2,0.40625,3429.6362915039063,12400,0,0.40625,3612.814651489258,12400,2,0.40625,17219.224014282227,5152,4616,5151,5151,5152,5152,5152,5152,0,0,100,0,0,0,0,0,32353087488,8589930496,2863525888,0
199,1786319810765,859.0528869628906,12600,2,0.40625,760.1164398193359,12600,2,0.40625,3432.083465576172,12600,0,0.40625,3612.822296142578,12600,2,0.40625,17222.617462158203,5152,4616,5151,5151,5152,5152,5152,5152,0,0,100,0,0,0,0,0,32353087488,8589930496,2863525888,0
199,1786319810965,859.0562744140625,12666.666666666668,2,0.40625,760.1227416992188,12666.666666666668,2,0.40625,3434.5350189208984,12666.666666666668,0,0.40625,3612.829132080078,12666.666666666668,2,0.40625,17226.01432800293,5152,4616,5151,5151,5152,5152,5152,5152,0,0,100,0,0,0,0,0,32353087488,8589930496,2863525888,0
199,1786319811165,859.0597534179688,12600,2,0.40625,760.129150390625,12600,2,0.40625,3436.9833374023438,12600,0,0.40625,3612.8365020751953,12600,2,0.40625,17229.430297851563,5152,4616,5151,5151,5152,5152,5152,5152,0,0,100,0,0,0,0,0,32353087488,8589930496,2863525888,0
199,1786319811365,859.0638580322266,12600,2,0.3999999999999999,760.1436462402344,12600,2,0.3999999999999999,3439.408218383789,12600,0,0.3999999999999999,3612.843963623047,12600,0,0.3999999999999999,17232.814865112305,5152,4616,5151,5151,5152,5152,5152,5152,0,0,100,0,0,0,0,0,32353087488,8589930496,2862743552,0
199,1786319811565,859.0674743652344,12466.666666666668,2,0.40625,760.1500854492188,12466.666666666668,2,0.40625,3441.8658599853516,12466.666666666668,0,0.40625,3612.8531036376953,12466.666666666668,2,0.40625,17236.233016967773,5152,4616,5151,5151,5152,5152,5152,5152,0,0,100,0,0,0,0,0,32353087488,8589930496,2862743552,0
199,1786319811766,859.0713958740234,12466.666666666668,2,0.4125000000000001,760.1563873291016,12466.666666666668,2,0.4125000000000001,3444.3175506591797,12466.666666666668,0,0.4125000000000001,3612.862319946289,12466.666666666668,2,0.4125000000000001,17239.632263183594,5152,4616,5151,5151,5152,5152,5152,5152,0,0,100,0,0,0,0,0,32353087488,8589930496,2862743552,0
199,1786319811966,859.0747985839844,12533.333333333332,2,0.3999999999999999,760.1626434326172,12533.333333333332,2,0.3999999999999999,3446.769577026367,12533.333333333332,0,0.3999999999999999,3612.8714294433594,12533.333333333332,2,0.3999999999999999,17243.029708862305,5152,4616,5151,5151,5152,5152,5152,5152,0,0,100,0,0,0,0,0,32353087488,8589930496,2862743552,0
199,1786319812166,859.0782165527344,12600,0,0.40625,760.1692657470703,12600,2,0.40625,3449.2175903320313,12600,0,0.40625,3612.879364013672,12600,0,0.40625,17246.428619384766,5152,4616,5151,5151,5152,5152,5152,5152,0,0,100,0,0,0,0,0,32353087488,8589930496,2860580864,0
200,1786319812366,859.0820617675781,12600,2,0.3999999999999999,760.1773223876953,12600,2,0.3999999999999999,3451.6512451171875,12600,0,0.3999999999999999,3612.8863677978516,12600,0,0.3999999999999999,17249.825149536133,5152,4616,5151,5151,5152,5152,5152,5152,0,0,100,0,0,0,0,0,32353087488,8589930496,2860580864,0
199,1786319812566,859.0854644775391,12533.333333333332,2,0.40625,760.18359375,12533.333333333332,2,0.40625,3454.105026245117,12533.333333333332,0,0.40625,3612.892791748047,12533.333333333332,2,0.40625,17253.227447509766,5152,4616,5151,5151,5152,5152,5152,5152,0,0,100,0,0,0,0,0,32353087488,8589930496,2860580864,0
199,1786319812766,859.0890197753906,12600,2,0.40625,760.1898956298828,12600,2,0.40625,3456.5564575195313,12600,0,0.40625,3612.899429321289,12600,2,0.40625,17256.62287902832,5152,4616,5151,5151,5152,5152,5152,5152,0,0,100,0,0,0,0,0,32353087488,8589930496,2860580864,0
199,1786319812966,859.0923614501953,12533.333333333332,2,0.40625,760.1961975097656,12533.333333333332,2,0.40625,3459.0059661865234,12533.333333333332,0,0.40625,3612.906784057617,12533.333333333332,2,0.40625,17260.022552490234,5152,4616,5151,5151,5152,5152,5152,5152,0,0,100,0,0,0,4.761904716491699,0,32353087488,8589930496,2860580864,0
199,1786319813166,859.0957489013672,12666.666666666668,2,0.3999999999999999,760.2024993896484,12666.666666666668,2,0.3999999999999999,3461.4566955566406,12666.666666666668,0,0.3999999999999999,3612.915283203125,12666.666666666668,2,0.3999999999999999,17263.4181060791,5152,4616,5151,5151,5152,5152,5152,5152,0,0,100,0,0,0,0,0,32353087488,8589930496,2860580864,0
199,1786319813366,859.1013793945313,12800,2,0.3999999999999999,760.2168426513672,12800,2,0.3999999999999999,3463.890625,12800,0,0.3999999999999999,3612.926467895508,12800,2,0.3999999999999999,17266.83155822754,5152,4616,5151,5151,5152,5152,5152,5152,4.761904716491699,0,100,0,0,0,0,0,32353087488,8589930496,2858688512,0
199,1786319813566,859.1048431396484,12466.666666666668,2,0.40625,760.2231597900391,12466.666666666668,2,0.40625,3466.3421936035156,12466.666666666668,0,0.40625,3612.935791015625,12466.666666666668,2,0.40625,17270.238891601563,5152,4616,5151,5151,5152,5152,5152,5152,0,4.761904716491699,100,0,0,0,0,0,32353087488,8589930496,2858688512,0
199,1786319813766,859.1083679199219,12533.333333333332,2,0.40625,760.2294311523438,12533.333333333332,2,0.40625,3468.7908325195313,12533.333333333332,0,0.40625,3612.945281982422,12533.333333333332,2,0.40625,17273.634765625,5152,4616,5151,5151,5152,5152,5152,5152,0,0,100,0,0,0,0,0,32353087488,8589930496,2858688512,0
199,1786319813967,859.1117401123047,12733.333333333332,2,0.3999999999999999,760.2356872558594,12733.333333333332,2,0.3999999999999999,3471.2408599853516,12733.333333333332,0,0.3999999999999999,3612.9519805908203,12733.333333333332,2,0.3999999999999999,17277.029220581055,5152,4616,5151,5151,5152,5152,5152,5152,0,0,100,4.761904716491699,0,0,0,0,32353087488,8589930496,2858688512,0
199,1786319814167,859.1151123046875,12533.333333333332,2,0.4125000000000001,760.2420196533203,12600,2,0.40625,3473.690643310547,12600,0,0.40625,3612.9586639404297,12600,0,0.40625,17280.434143066406,5152,4616,5151,5151,5152,5152,5152,5152,0,0,100,0,0,0,0,0,32353087488,8589930496,2858688512,0
199,1786319814367,859.1186828613281,12600,0,0.40625,760.2488708496094,12600,2,0.40625,3476.1424713134766,12600,0,0.40625,3612.96533203125,12600,2,0.40625,17283.832916259766,5152,4616,5151,5151,5152,5152,5152,5152,0,0,100,0,0,0,0,0,32353087488,8589930496,2857615360,0
199,1786319814567,859.1223602294922,12466.666666666668,2,0.40625,760.2557220458984,12466.666666666668,2,0.40625,3478.5968017578125,12466.666666666668,0,0.40625,3612.9715270996094,12466.666666666668,2,0.40625,17287.234497070313,5152,4616,5151,5151,5152,5152,5152,5152,0,0,100,0,0,0,0,0,32353087488,8589930496,2857615360,0
199,1786319814767,859.1266479492188,12600,2,0.3999999999999999,760.2618713378906,12600,2,0.3999999999999999,3481.0446166992188,12600,0,0.3999999999999999,3612.9777221679688,12600,2,0.3999999999999999,17290.629684448242,5152,4616,5151,5151,5152,5152,5152,5152,0,0,100,0,0,0,0,0,32353087488,8589930496,2857615360,0
199,1786319814967,859.1310272216797,12466.666666666668,2,0.40625,760.2684936523438,12466.666666666668,2,0.40625,3483.5021209716797,12466.666666666668,0,0.40625,3612.983901977539,12466.666666666668,2,0.40625,17294.030685424805,5152,4616,5151,5151,5152,5152,5152,5152,0,0,100,0,0,0,0,0,32353087488,8589930496,2857615360,0
199,1786319815167,859.1369781494141,12533.333333333332,2,0.40625,760.2748260498047,12533.333333333332,2,0.40625,3485.954544067383,12533.333333333332,0,0.40625,3612.9900665283203,12533.333333333332,2,0.40625,17297.427856445313,5152,4616,5151,5151,5152,5152,5152,5152,0,0,100,0,0,0,0,0,32353087488,8589930496,2857615360,0
200,1786319815367,859.3249816894531,300,0,0.26249999999999996,760.3914489746094,300,0,0.26249999999999996,3487.728515625,300,0,0.26249999999999996,3613.2386932373047,300,0,0.26249999999999996,17300.668579101563,5152,4616,5151,5151,5152,5152,5152,5152,0,0,100,0,0,0,0,0,32353087488,8589930496,2832826368,0
199,1786319815567,859.3558959960938,12066.666666666668,2,0.4125000000000001,760.4201202392578,12066.666666666668,2,0.4125000000000001,3487.7740325927734,12066.666666666668,2,0.4125000000000001,3615.7670288085938,12066.666666666668,0,0.4125000000000001,17304.264862060547,5152,4616,5151,5151,5152,5152,5152,5152,2.5641026496887207,0,38.46154022216797,56.41025924682617,0,2.5,2.5,0,32353087488,8589930496,2867470336,0
199,1786319815767,859.363525390625,12466.666666666668,2,0.3999999999999999,760.4233856201172,12466.666666666668,2,0.3999999999999999,3487.7825317382813,12466.666666666668,2,0.3999999999999999,3618.2238006591797,12466.666666666668,0,0.3999999999999999,17307.64974975586,5152,4616,5151,5151,5152,5152,5152,5152,0,0,0,100,0,0,0,0,32353087488,8589930496,2867470336,0
199,1786319815968,859.3695678710938,12533.333333333332,2,0.3999999999999999,760.4268951416016,12533.333333333332,2,0.3999999999999999,3487.789291381836,12533.333333333332,0,0.3999999999999999,3620.6847229003906,12533.333333333332,0,0.3999999999999999,17311.046417236328,5152,4616,5151,5151,5152,5152,5152,5152,0,0,0,100,0,0,0,0,32353087488,8589930496,2867470336,0
199,1786319816168,859.3739318847656,12466.666666666668,2,0.40625,760.4302520751953,12466.666666666668,2,0.40625,3487.798858642578,12533.333333333332,2,0.40625,3623.155059814453,12533.333333333332,0,0.40625,17314.445526123047,5152,4616,5151,5151,5152,5152,5152,5152,0,0,0,100,0,0,0,0,32353087488,8589930496,2867675136,0
199,1786319816368,859.3876342773438,12866.666666666666,2,0.3999999999999999,760.4350280761719,12800,0,0.3999999999999999,3488.7731018066406,12800,0,0.3999999999999999,3624.613800048828,12800,0,0.3999999999999999,17317.834503173828,5152,4616,5151,5151,5152,5152,5152,5152,5,0,40,60.000003814697266,0,0,0,4.761904716491699,32353087488,8589930496,2867707904,0
199,1786319816568,859.3933258056641,12800,2,0.3999999999999999,760.4413909912109,12800,2,0.3999999999999999,3491.236358642578,12800,0,0.3999999999999999,3624.6204986572266,12800,2,0.3999999999999999,17321.236557006836,5152,4616,5151,5151,5152,5152,5152,5152,5,0,40,60.000003814697266,0,0,0,4.761904716491699,32353087488,8589930496,2867707904,0
199,1786319816768,859.3976745605469,12533.333333333332,2,0.3999999999999999,760.4475555419922,12533.333333333332,0,0.3999999999999999,3493.6969146728516,12533.333333333332,0,0.3999999999999999,3624.6272583007813,12533.333333333332,0,0.3999999999999999,17324.641067504883,5152,4616,5151,5151,5152,5152,5152,5152,0,0,100,0,0,0,0,0,32353087488,8589930496,2867707904,0
199,1786319816968,859.4022674560547,12600,2,0.40625,760.4537200927734,12600,2,0.40625,3496.1543884277344,12600,0,0.40625,3624.6337890625,12600,0,0.40625,17328.03643798828,5152,4616,5151,5151,5152,5152,5152,5152,0,0,100,0,0,0,0,0,32353087488,8589930496,2867707904,0
199,1786319817168,859.4067077636719,12666.666666666668,2,0.3999999999999999,760.4600067138672,12666.666666666668,2,0.3999999999999999,3498.615982055664,12666.666666666668,0,0.3999999999999999,3624.642852783203,12666.666666666668,2,0.3999999999999999,17331.4354095459,5152,4616,5151,5151,5152,5152,5152,5152,0,0,100,0,0,0,0,0,32353087488,8589930496,2867707904,0
199,1786319817368,859.4161834716797,12400,2,0.4125000000000001,760.4731750488281,12400,2,0.4125000000000001,3501.0261840820313,12400,0,0.4125000000000001,3624.6591186523438,12400,2,0.4125000000000001,17334.823303222656,5152,4616,5151,5151,5152,5152,5152,5152,0,0,100,0,0,0,0,0,32353087488,8589930496,2867703808,0
199,1786319817568,859.4200744628906,12733.333333333332,2,0.3999999999999999,760.4806060791016,12733.333333333332,2,0.3999999999999999,3503.479248046875,12733.333333333332,0,0.3999999999999999,3624.6676177978516,12733.333333333332,2,0.3999999999999999,17338.21369934082,5152,4616,5151,5151,5152,5152,5152,5152,0,0,100,0,0,0,0,0,32353087488,8589930496,2867703808,0
199,1786319817768,859.4237670898438,12666.666666666668,2,0.3999999999999999,760.4875030517578,12666.666666666668,2,0.3999999999999999,3505.9346771240234,12666.666666666668,0,0.3999999999999999,3624.675308227539,12666.666666666668,2,0.3999999999999999,17341.61279296875,5152,4616,5151,5151,5152,5152,5152,5152,0,0,100,0,0,0,0,0,32353087488,8589930496,2867703808,0
199,1786319817968,859.4273223876953,12666.666666666668,2,0.3999999999999999,760.4944610595703,12666.666666666668,2,0.3999999999999999,3508.3933868408203,12666.666666666668,0,0.3999999999999999,3624.6824645996094,12666.666666666668,2,0.3999999999999999,17345.029983520508,5152,4616,5151,5151,5152,5152,5152,5152,0,0,100,4.761904716491699,0,0,0,0,32353087488,8589930496,2867703808,0
199,1786319818168,859.4309844970703,12733.333333333332,2,0.3999999999999999,760.5013732910156,12733.333333333332,2,0.3999999999999999,3510.8487548828125,12733.333333333332,0,0.3999999999999999,3624.69140625,12733.333333333332,2,0.3999999999999999,17348.427688598633,5152,4616,5151,5151,5152,5152,5152,5152,0,0,100,0,0,0,0,0,32353087488,8589930496,2867703808,0
199,1786319818369,859.4354400634766,12600,2,0.40625,760.5089111328125,12600,2,0.40625,3513.30615234375,12600,0,0.40625,3624.698028564453,12600,2,0.40625,17351.830795288086,5152,4616,5151,5151,5152,5152,5152,5152,0,0,100,0,0,0,0,0,32353087488,8589930496,2867703808,0
199,1786319818569,859.4412689208984,12600,2,0.3999999999999999,760.5159759521484,12600,2,0.3999999999999999,3515.76513671875,12600,0,0.3999999999999999,3624.704360961914,12600,2,0.3999999999999999,17355.226181030273,5152,4616,5151,5151,5152,5152,5152,5152,0,0,100,0,0,0,0,0,32353087488,8589930496,2867703808,0
199,1786319818769,859.4452362060547,12733.333333333332,2,0.3999999999999999,760.5229949951172,12733.333333333332,2,0.3999999999999999,3518.2239990234375,12733.333333333332,0,0.3999999999999999,3624.7128295898438,12733.333333333332,2,0.3999999999999999,17358.62269592285,5152,4616,5151,5151,5152,5152,5152,5152,0,0,100,0,2.4390242099761963,0,0,0,32353087488,8589930496,2867703808,0
199,1786319818969,859.4486999511719,12466.666666666668,2,0.40625,760.5299682617188,12466.666666666668,2,0.40625,3520.681350708008,12400,0,0.40625,3624.719436645508,12400,0,0.40625,17362.030075073242,5152,4616,5151,5151,5152,5152,5152,5152,0,0,100,0,0,0,0,0,32353087488,8589930496,2867703808,0
199,1786319819169,859.4521789550781,12533.333333333332,2,0.3999999999999999,760.5369110107422,12533.333333333332,0,0.3999999999999999,3523.1323852539063,12533.333333333332,0,0.3999999999999999,3624.7258911132813,12533.333333333332,0,0.3999999999999999,17365.425979614258,5152,4616,5151,5151,5152,5152,5152,5152,0,0,100,0,0,0,0,0,32353087488,8589930496,2867703808,0
199,1786319819369,859.4558563232422,12666.666666666668,2,0.40625,760.5438537597656,12666.666666666668,2,0.40625,3525.585678100586,12666.666666666668,0,0.40625,3624.732711791992,12666.666666666668,0,0.40625,17368.819931030273,5152,4616,5151,5151,5152,5152,5152,5152,0,0,100,0,0,0,0,0,32353087488,8589930496,2867703808,0
199,1786319819569,859.4595794677734,12533.333333333332,2,0.3999999999999999,760.5511627197266,12533.333333333332,2,0.3999999999999999,3528.0463104248047,12533.333333333332,0,0.3999999999999999,3624.739273071289,12533.333333333332,2,0.3999999999999999,17372.223220825195,5152,4616,5151,5151,5152,5152,5152,5152,0,5,100,0,0,0,0,0,32353087488,8589930496,2867703808,0
199,1786319819769,859.4634094238281,12600,2,0.40625,760.5580596923828,12600,2,0.40625,3530.5072631835938,12600,0,0.40625,3624.746612548828,12600,2,0.40625,17375.619522094727,5152,4616,5151,5151,5152,5152,5152,5152,0,0,100,0,0,0,0,0,32353087488,8589930496,2867703808,0
199,1786319819969,859.4670104980469,12466.666666666668,2,0.40625,760.5648956298828,12466.666666666668,2,0.40625,3532.9638061523438,12466.666666666668,0,0.40625,3624.7531127929688,12466.666666666668,2,0.40625,17379.023696899414,5152,4616,5151,5151,5152,5152,5152,5152,0,0,100,0,0,0,0,0,32353087488,8589930496,2867703808,0
199,1786319820169,859.4709777832031,12666.666666666668,2,0.40625,760.572265625,12666.666666666668,2,0.40625,3535.4124298095703,12666.666666666668,0,0.40625,3624.7638244628906,12666.666666666668,2,0.40625,17382.41651916504,5152,4616,5151,5151,5152,5152,5152,5152,0,0,100,0,0,0,0,0,32353087488,8589930496,2867703808,0
199,1786319820369,859.4746551513672,12600,2,0.40625,760.5792236328125,12600,2,0.40625,3537.8667907714844,12600,0,0.40625,3624.772933959961,12600,2,0.40625,17385.817001342773,5152,4616,5151,5151,5152,5152,5152,5152,0,0,100,0,0,0,0,0,32353087488,8589930496,2867703808,0
199,1786319820570,859.4784393310547,12600,2,0.40625,760.5868377685547,12600,2,0.40625,3540.3358306884766,12600,0,0.40625,3624.780288696289,12600,2,0.40625,17389.23321533203,5152,4616,5151,5151,5152,5152,5152,5152,0,0,100,0,0,0,0,0,32353087488,8589930496,2867703808,0
199,1786319820770,859.4822692871094,12400,2,0.4125000000000001,760.5937347412109,12400,2,0.4125000000000001,3542.789581298828,12400,0,0.4125000000000001,3624.7891998291016,12400,2,0.4125000000000001,17392.63734436035,5152,4616,5151,5151,5152,5152,5152,5152,0,0,100,0,0,0,0,0,32353087488,8589930496,2867703808,0
199,1786319820970,859.4857025146484,12466.666666666668,2,0.40625,760.6006469726563,12466.666666666668,2,0.40625,3545.235626220703,12466.666666666668,0,0.40625,3624.795883178711,12466.666666666668,2,0.40625,17396.03498840332,5152,4616,5151,5151,5152,5152,5152,5152,0,0,100,0,0,0,0,0,32353087488,8589930496,2867703808,0
199,1786319821170,859.4892730712891,12600,2,0.3999999999999999,760.6075286865234,12600,2,0.3999999999999999,3547.6844329833984,12600,0,0.3999999999999999,3624.804229736328,12600,2,0.3999999999999999,17399.429229736328,5152,4616,5151,5151,5152,5152,5152,5152,0,0,100,0,0,0,0,0,32353087488,8589930496,2867105792,0
0,1786319821370,859.5391693115234,16466.666666666664,0,0.32499999999999996,760.6483917236328,16466.666666666664,0,0.32499999999999996,3549.8877716064453,16466.666666666664,0,0.32499999999999996,3624.8832244873047,16466.666666666664,0,0.32499999999999996,17402.730743408203,5152,4616,5151,5151,5152,5152,5152,5152,0,0,100,0,0,0,0,0,32353087488,8589930496,2750492672,0
