Delta,Time,CORE0_ENERGY (J),CORE0_FREQ (MHZ),CORE0_PSTATE,CORE0_VOLT (V),CORE1_ENERGY (J),CORE1_FREQ (MHZ),CORE1_PSTATE,CORE1_VOLT (V),CORE2_ENERGY (J),CORE2_FREQ (MHZ),CORE2_PSTATE,CORE2_VOLT (V),CORE3_ENERGY (J),CORE3_FREQ (MHZ),CORE3_PSTATE,CORE3_VOLT (V),CPU_ENERGY (J),CPU_FREQUENCY_0,CPU_FREQUENCY_1,CPU_FREQUENCY_2,CPU_FREQUENCY_3,CPU_FREQUENCY_4,CPU_FREQUENCY_5,CPU_FREQUENCY_6,CPU_FREQUENCY_7,CPU_USAGE_0,CPU_USAGE_1,CPU_USAGE_2,CPU_USAGE_3,CPU_USAGE_4,CPU_USAGE_5,CPU_USAGE_6,CPU_USAGE_7,TOTAL_MEMORY,TOTAL_SWAP,USED_MEMORY,USED_SWAP
0,1786320224191,882.4209747314453,300,2,0.7375,779.1411895751953,300,2,0.7375,4629.277404785156,300,0,0.7375,4440.5289306640625,300,0,0.7375,20896.317459106445,605,5147,4556,4744,605,605,605,605,3.7037036418914795,0,7.142857551574707,0,0,3.5714287757873535,0,3.5714287757873535,32353087488,8589930496,2730758144,0
200,1786320224191,882.4209747314453,300,2,0.7375,779.1416625976563,300,2,0.7375,4629.280258178711,300,0,0.7375,4440.529006958008,300,0,0.7375,20896.321975708008,605,5147,4556,4744,605,605,605,605,3.7037036418914795,0,7.142857551574707,0,0,3.5714287757873535,0,3.5714287757873535,32353087488,8589930496,2730758144,0
199,1786320224392,882.6587524414063,16000,2,0.30000000000000004,779.3176574707031,16000,2,0.30000000000000004,4629.451126098633,16000,2,0.30000000000000004,4442.738433837891,16000,0,0.30000000000000004,20900.136642456055,605,5147,4556,4744,605,605,605,605,5,4.761904716491699,5.263157844543457,76.19047546386719,10,5,5,0,32353087488,8589930496,2847813632,0
199,1786320224592,882.7581787109375,15600,2,0.3062499999999999,779.3245544433594,15600,2,0.3062499999999999,4629.477111816406,15600,2,0.3062499999999999,4445.667495727539,15600,0,0.3062499999999999,20904.338577270508,605,5147,4556,4744,605,605,605,605,0,0,0,95,5,0,0,4.761904716491699,32353087488,8589930496,2847858688,0
199,1786320224792,882.7653350830078,15333.333333333334,2,0.31874999999999987,779.3309783935547,15333.333333333334,2,0.31874999999999987,4629.486831665039,15333.333333333334,2,0.31874999999999987,4448.7362060546875,15333.333333333334,0,0.31874999999999987,20908.539993286133,605,5147,4556,4744,605,605,605,605,0,0,4.761904716491699,100,0,0,0,0,32353087488,8589930496,2847858688,0
199,1786320224992,882.7720489501953,15533.333333333334,2,0.29374999999999996,779.3378143310547,15533.333333333334,2,0.29374999999999996,4629.494705200195,15533.333333333334,2,0.29374999999999996,4451.824371337891,15533.333333333334,0,0.29374999999999996,20912.738571166992,605,5147,4556,4744,605,605,605,605,0,0,0,100,0,0,0,0,32353087488,8589930496,2847858688,0
199,1786320225192,882.7787170410156,15466.666666666666,2,0.3125,779.3451080322266,15466.666666666666,2,0.3125,4629.503890991211,15466.666666666666,2,0.3125,4454.900924682617,15466.666666666666,0,0.3125,20916.960174560547,605,5147,4556,4744,605,605,605,605,0,0,0,100,0,0,0,0,32353087488,8589930496,2847858688,0
199,1786320225392,882.7885284423828,15400,2,0.31874999999999987,779.4409942626953,15400,2,0.31874999999999987,4631.705993652344,15400,0,0.31874999999999987,4455.507125854492,15400,2,0.31874999999999987,20921.161163330078,605,5147,4556,4744,605,605,605,605,0,0,78.94737243652344,21.052631378173828,0,5,0,0,32353087488,8589930496,2847858688,0
199,1786320225592,882.7976989746094,15733.333333333334,2,0.3125,779.4479370117188,15733.333333333334,2,0.3125,4634.594512939453,15733.333333333334,0,0.3125,4455.516189575195,15733.333333333334,2,0.3125,20925.359100341797,605,5147,4556,4744,605,605,605,605,0,0,100,0,0,0,0,0,32353087488,8589930496,2847858688,0
199,1786320225792,882.8053588867188,16466.666666666664,2,0.28125,779.4553070068359,16466.666666666664,2,0.28125,4637.469375610352,16466.666666666664,0,0.28125,4455.527191162109,16466.666666666664,2,0.28125,20929.555725097656,605,5147,4556,4744,605,605,605,605,0,0,100,0,0,0,0,0,32353087488,8589930496,2847858688,0
199,1786320225992,882.8119201660156,15733.333333333334,2,0.29374999999999996,779.4626617431641,15733.333333333334,2,0.29374999999999996,4640.35302734375,15733.333333333334,0,0.29374999999999996,4455.537902832031,15733.333333333334,2,0.29374999999999996,20933.759658813477,605,5147,4556,4744,605,605,605,605,0,0,100,0,0,0,0,0,32353087488,8589930496,2847858688,0
199,1786320226192,882.8183288574219,15800,2,0.3062499999999999,779.4693298339844,15800,2,0.3062499999999999,4643.23860168457,15933.333333333334,0,0.3062499999999999,4455.548004150391,15933.333333333334,2,0.3062499999999999,20937.959213256836,605,5147,4556,4744,605,605,605,605,0,0,100,0,0,0,0,0,32353087488,8589930496,2847858688,0
199,1786320226392,882.8272247314453,15466.666666666666,2,0.31874999999999987,779.4776611328125,15466.666666666666,2,0.31874999999999987,4646.1107177734375,15466.666666666666,0,0.31874999999999987,4455.559677124023,15466.666666666666,0,0.31874999999999987,20942.1609954834,605,5147,4556,4744,605,605,605,605,0,0,100,0,0,0,0,0,32353087488,8589930496,2847858688,0
199,1786320226593,882.8339538574219,15866.666666666666,2,0.3062499999999999,779.4846496582031,15866.666666666666,2,0.3062499999999999,4648.9945068359375,15866.666666666666,0,0.3062499999999999,4455.568283081055,15866.666666666666,2,0.3062499999999999,20946.358123779297,605,5147,4556,4744,605,605,605,605,0,0,100,4.761904716491699,0,0,0,0,32353087488,8589930496,2847858688,0
199,1786320226793,882.8405303955078,15333.333333333334,2,0.3125,779.491455078125,15333.333333333334,2,0.3125,4651.886245727539,15333.333333333334,0,0.3125,4455.580139160156,15333.333333333334,2,0.3125,20950.56121826172,605,5147,4556,4744,605,605,605,605,0,0,100,0,0,0,0,0,32353087488,8589930496,2847858688,0
199,1786320226993,882.8482666015625,15266.666666666666,2,0.31874999999999987,779.4999694824219,15266.666666666666,2,0.31874999999999987,4654.770050048828,15266.666666666666,0,0.31874999999999987,4455.591934204102,15266.666666666666,2,0.31874999999999987,20954.76141357422,605,5147,4556,4744,605,605,605,605,0,0,100,0,0,0,0,0,32353087488,8589930496,2847858688,0
200,1786320227193,882.8548278808594,15933.333333333334,2,0.30000000000000004,779.5067138671875,15933.333333333334,2,0.30000000000000004,4657.645812988281,15933.333333333334,0,0.30000000000000004,4455.602981567383,15933.333333333334,2,0.30000000000000004,20958.95867919922,605,5147,4556,4744,605,605,605,605,0,0,100,0,0,0,0,0,32353087488,8589930496,2847858688,0
199,1786320227393,882.8620147705078,16200,2,0.30000000000000004,779.5140075683594,16200,2,0.30000000000000004,4660.496963500977,16200,0,0.30000000000000004,4455.665008544922,16200,2,0.30000000000000004,20963.177810668945,605,5147,4556,4744,605,605,605,605,0,0,100,2.5641026496887207,0,0,0,0,32353087488,8589930496,2847858688,0
199,1786320227593,882.8697357177734,15733.333333333334,2,0.3125,779.5213470458984,15733.333333333334,2,0.3125,4663.3607177734375,15733.333333333334,0,0.3125,4455.680206298828,15733.333333333334,2,0.3125,20967.358947753906,605,5147,4556,4744,605,605,605,605,0,0,100,0,4.761904716491699,0,4.761904716491699,0,32353087488,8589930496,2847858688,0
199,1786320227793,882.8764953613281,15533.333333333334,2,0.31874999999999987,779.5281219482422,15533.333333333334,2,0.31874999999999987,4666.24658203125,15533.333333333334,0,0.31874999999999987,4455.693328857422,15533.333333333334,2,0.31874999999999987,20971.560180664063,605,5147,4556,4744,605,605,605,605,0,0,100,0,0,0,0,0,32353087488,8589930496,2847858688,0
199,1786320227993,882.883056640625,15800,2,0.3062499999999999,779.5356292724609,15800,2,0.3062499999999999,4669.1385498046875,15800,0,0.3062499999999999,4455.704208374023,15800,2,0.3062499999999999,20975.758697509766,605,5147,4556,4744,605,605,605,605,0,0,100,0,0,0,0,0,32353087488,8589930496,2847858688,0
199,1786320228193,882.8991394042969,15533.333333333334,2,0.3125,779.5430603027344,15400,2,0.3125,4671.989227294922,15400,0,0.3125,4455.716781616211,15400,0,0.3125,20979.96014404297,605,5147,4556,4744,605,605,605,605,0,0,100,4.761904716491699,0,0,0,0,32353087488,8589930496,2847858688,0
199,1786320228393,882.90576171875,15866.666666666666,2,0.28125,779.5499267578125,15866.666666666666,2,0.28125,4674.884201049805,15866.666666666666,0,0.28125,4455.725799560547,15866.666666666666,2,0.28125,20984.15867614746,605,5147,4556,4744,605,605,605,605,0,0,100,4.761904716491699,0,0,0,0,32353087488,8589930496,2847858688,0
199,1786320228593,882.9125518798828,15600,2,0.3125,779.5567932128906,15600,0,0.3125,4677.776321411133,15600,0,0.3125,4455.736389160156,15600,0,0.3125,20988.359603881836,605,5147,4556,4744,605,605,605,605,0,0,100,0,0,0,0,2.5,32353087488,8589930496,2847858688,0
199,1786320228794,882.9216156005859,15533.333333333334,2,0.31874999999999987,779.5644073486328,15533.333333333334,2,0.31874999999999987,4680.645278930664,15533.333333333334,0,0.31874999999999987,4455.7452392578125,15533.333333333334,0,0.31874999999999987,20992.55940246582,605,5147,4556,4744,605,605,605,605,0,0,100,0,4.761904716491699,0,0,0,32353087488,8589930496,2847858688,0
199,1786320228994,882.9281921386719,15733.333333333334,2,0.30000000000000004,779.5710601806641,15733.333333333334,2,0.30000000000000004,4683.530090332031,15733.333333333334,0,0.30000000000000004,4455.753997802734,15733.333333333334,2,0.30000000000000004,20996.75910949707,605,5147,4556,4744,605,605,605,605,0,4.761904716491699,100,0,0,0,0,0,32353087488,8589930496,2847858688,0
199,1786320229194,882.9347686767578,15200,2,0.31874999999999987,779.5782165527344,15200,2,0.31874999999999987,4686.413040161133,15200,0,0.31874999999999987,4455.763366699219,15200,2,0.31874999999999987,21000.961624145508,605,5147,4556,4744,605,605,605,605,0,4.761904716491699,100,0,0,0,0,0,32353087488,8589930496,2847858688,0
199,1786320229394,882.9434509277344,16133.333333333334,2,0.28749999999999987,779.5926971435547,16133.333333333334,2,0.28749999999999987,4687.902862548828,16133.333333333334,2,0.28749999999999987,4457.142181396484,16133.333333333334,0,0.28749999999999987,21005.152572631836,605,5147,4556,4744,605,605,605,605,0,0,75.60975646972656,25.641027450561523,0,2.5,0,0,32353087488,8589930496,2848088064,0
199,1786320229594,882.9502410888672,15733.333333333334,2,0.30000000000000004,779.5989685058594,15733.333333333334,2,0.30000000000000004,4687.913131713867,15733.333333333334,2,0.30000000000000004,4460.038909912109,15733.333333333334,0,0.30000000000000004,21009.357452392578,605,5147,4556,4744,605,605,605,605,0,0,0,100,0,0,0,0,32353087488,8589930496,2848088064,0
199,1786320229794,882.9567108154297,15800,2,0.29374999999999996,779.6053009033203,15800,2,0.29374999999999996,4687.921661376953,15800,2,0.29374999999999996,4462.942123413086,15800,0,0.29374999999999996,21013.55665588379,605,5147,4556,4744,605,605,605,605,0,0,0,100,0,0,0,0,32353087488,8589930496,2848088064,0
200,1786320229994,883.0464324951172,300,0,0.2749999999999999,779.696533203125,300,0,0.2749999999999999,4688.02702331543,300,0,0.2749999999999999,4465.485855102539,300,0,0.2749999999999999,21017.626358032227,605,5147,4556,4744,605,605,605,605,0,0,0,100,0,0,0,0,32353087488,8589930496,2777821184,0
199,1786320230194,883.185791015625,16000,2,0.28749999999999987,779.824951171875,16000,2,0.28749999999999987,4688.155136108398,16000,2,0.28749999999999987,4468.1339111328125,16000,0,0.28749999999999987,21021.771041870117,605,5147,4556,4744,605,605,605,605,2.5,2.5641026496887207,0,90,2.5641026496887207,4.878048419952393,2.5641026496887207,2.5641026496887207,32353087488,8589930496,2830233600,0
199,1786320230394,883.1928405761719,15933.333333333334,2,0.29374999999999996,779.8316345214844,15933.333333333334,2,0.29374999999999996,4688.165710449219,15933.333333333334,2,0.29374999999999996,4471.218063354492,15933.333333333334,0,0.29374999999999996,21025.975311279297,605,5147,4556,4744,605,605,605,605,0,0,0,100,0,0,0,0,32353087488,8589930496,2830233600,0
199,1786320230594,883.2003784179688,15333.333333333334,2,0.3125,779.8402252197266,15333.333333333334,2,0.3125,4688.177734375,15333.333333333334,2,0.3125,4474.288925170898,15333.333333333334,0,0.3125,21030.179244995117,605,5147,4556,4744,605,605,605,605,0,0,0,100,0,0,0,0,32353087488,8589930496,2830233600,0
199,1786320230794,883.2069396972656,15800,2,0.3062499999999999,779.8466644287109,16000,2,0.3062499999999999,4688.190811157227,16000,2,0.3062499999999999,4477.364212036133,16000,0,0.3062499999999999,21034.376266479492,605,5147,4556,4744,605,605,605,605,0,0,0,100,0,0,0,0,32353087488,8589930496,2830233600,0
199,1786320230995,883.2135314941406,15533.333333333334,2,0.3125,779.8529357910156,15533.333333333334,0,0.3125,4688.203689575195,15533.333333333334,0,0.3125,4480.4415283203125,15533.333333333334,0,0.3125,21038.578369140625,605,5147,4556,4744,605,605,605,605,0,0,0,100,0,0,0,0,32353087488,8589930496,2830233600,0
199,1786320231195,883.2214050292969,15600,2,0.3062499999999999,779.8604888916016,15600,2,0.3062499999999999,4688.216156005859,15600,0,0.3062499999999999,4483.508499145508,15600,0,0.3062499999999999,21042.778106689453,605,5147,4556,4744,605,605,605,605,0,0,4.761904716491699,100,0,0,0,0,32353087488,8589930496,2830233600,0
199,1786320231395,883.2286987304688,15266.666666666666,2,0.31874999999999987,779.8670196533203,15266.666666666666,2,0.31874999999999987,4688.2281494140625,15266.666666666666,2,0.31874999999999987,4486.5831298828125,15266.666666666666,0,0.31874999999999987,21046.980499267578,605,5147,4556,4744,605,605,605,605,0,0,0,100,0,0,0,0,32353087488,8589930496,2830233600,0
199,1786320231595,883.2353973388672,15800,2,0.3062499999999999,779.8733215332031,15800,2,0.3062499999999999,4688.2396240234375,15800,2,0.3062499999999999,4489.656005859375,15800,0,0.3062499999999999,21051.17790222168,605,5147,4556,4744,605,605,605,605,0,0,0,100,0,0,4.761904716491699,0,32353087488,8589930496,2830233600,0
199,1786320231795,883.2415618896484,13266.666666666666,2,0.38749999999999996,779.8790588378906,13266.666666666666,2,0.38749999999999996,4688.252044677734,13266.666666666666,2,0.38749999999999996,4492.489593505859,13266.666666666666,0,0.38749999999999996,21055.06834411621,605,5147,4556,4744,605,605,605,605,0,0,4.761904716491699,100,0,0,0,0,32353087488,8589930496,2830233600,0
199,1786320231995,883.2449340820313,13333.333333333334,2,0.3812500000000001,779.8822631835938,13333.333333333334,2,0.3812500000000001,4688.261306762695,13333.333333333334,2,0.3812500000000001,4495.053451538086,13333.333333333334,0,0.3812500000000001,21058.567764282227,605,5147,4556,4744,605,605,605,605,0,0,0,100,0,0,0,0,32353087488,8589930496,2830233600,0
199,1786320232195,883.2483367919922,13133.333333333334,2,0.38749999999999996,779.8856506347656,13133.333333333334,2,0.38749999999999996,4688.268615722656,13133.333333333334,2,0.38749999999999996,4497.596145629883,13133.333333333334,0,0.38749999999999996,21062.064208984375,605,5147,4556,4744,605,605,605,605,0,0,0,100,0,0,0,0,32353087488,8589930496,2830233600,0
199,1786320232395,883.2523498535156,12733.333333333332,2,0.3999999999999999,779.8893737792969,12733.333333333332,2,0.3999999999999999,4688.27783203125,12733.333333333332,2,0.3999999999999999,4500.10139465332,12733.333333333332,0,0.3999999999999999,21065.52816772461,605,5147,4556,4744,605,605,605,605,0,0,0,100,0,0,0,0,32353087488,8589930496,2830233600,0
199,1786320232595,883.2557525634766,12733.333333333332,2,0.3999999999999999,779.892578125,12733.333333333332,2,0.3999999999999999,4688.285827636719,12733.333333333332,2,0.3999999999999999,4502.602935791016,12733.333333333332,0,0.3999999999999999,21068.96534729004,605,5147,4556,4744,605,605,605,605,0,0,0,100,0,0,0,0,32353087488,8589930496,2830233600,0
199,1786320232795,883.2590789794922,13000,2,0.3999999999999999,779.8957824707031,13000,2,0.3999999999999999,4688.291839599609,13000,2,0.3999999999999999,4505.089859008789,13000,0,0.3999999999999999,21072.386978149414,605,5147,4556,4744,605,605,605,605,0,0,0,100,0,0,0,0,32353087488,8589930496,2830233600,0
199,1786320232995,883.2629699707031,12800,2,0.3999999999999999,779.8995666503906,12800,2,0.3999999999999999,4688.300811767578,12800,2,0.3999999999999999,4507.565536499023,12866.666666666666,0,0.3999999999999999,21075.81170654297,605,5147,4556,4744,605,605,605,605,0,0,0,100,4.761904716491699,0,0,0,32353087488,8589930496,2830233600,0
199,1786320233196,883.2663879394531,12866.666666666666,2,0.3999999999999999,779.903076171875,12866.666666666666,2,0.3999999999999999,4688.30876159668,12866.666666666666,2,0.3999999999999999,4510.045547485352,12800,0,0.3999999999999999,21079.225341796875,605,5147,4556,4744,605,605,605,605,0,0,0,100,0,0,0,0,32353087488,8589930496,2830233600,0
199,1786320233396,883.2710113525391,12933.333333333334,2,0.3999999999999999,779.9085540771484,12933.333333333334,0,0.3999999999999999,4688.315521240234,12933.333333333334,0,0.3999999999999999,4512.513473510742,12933.333333333334,0,0.3999999999999999,21082.632781982422,605,5147,4556,4744,605,605,605,605,0,0,0,100,0,0,0,0,32353087488,8589930496,2830233600,0
199,1786320233596,883.2750244140625,12733.333333333332,2,0.3999999999999999,779.9121246337891,12733.333333333332,2,0.3999999999999999,4688.321151733398,12733.333333333332,0,0.3999999999999999,4514.985992431641,12733.333333333332,0,0.3999999999999999,21086.046752929688,605,5147,4556,4744,605,605,605,605,0,0,0,100,0,0,0,0,32353087488,8589930496,2830233600,0
200,1786320233796,883.2783508300781,12866.666666666666,2,0.3999999999999999,779.9153289794922,12866.666666666666,2,0.3999999999999999,4688.325790405273,12866.666666666666,0,0.3999999999999999,4517.459091186523,12866.666666666666,0,0.3999999999999999,21089.447952270508,605,5147,4556,4744,605,605,605,605,0,0,0,100,0,0,0,0,32353087488,8589930496,2830233600,0
199,1786320233996,883.2817230224609,12666.666666666668,2,0.3999999999999999,779.91845703125,12666.666666666668,2,0.3999999999999999,4688.330261230469,12666.666666666668,2,0.3999999999999999,4519.939208984375,12666.666666666668,0,0.3999999999999999,21092.85858154297,605,5147,4556,4744,605,605,605,605,0,0,0,100,0,0,0,0,32353087488,8589930496,2830233600,0
199,1786320234196,883.2857208251953,12733.333333333332,2,0.3999999999999999,779.9223022460938,12733.333333333332,2,0.3999999999999999,4688.338134765625,12733.333333333332,2,0.3999999999999999,4522.398010253906,12733.333333333332,0,0.3999999999999999,21096.258270263672,605,5147,4556,4744,605,605,605,605,0,0,0,100,0,0,0,0,32353087488,8589930496,2830233600,0
199,1786320234396,883.2892761230469,12933.333333333334,2,0.39375000000000004,779.9257202148438,12933.333333333334,2,0.39375000000000004,4688.345367431641,12933.333333333334,2,0.39375000000000004,4524.873077392578,12933.333333333334,0,0.39375000000000004,21099.67123413086,605,5147,4556,4744,605,605,605,605,0,0,0,100,0,0,0,0,32353087488,8589930496,2830233600,0
199,1786320234596,883.2926330566406,12533.333333333332,2,0.40625,779.9288940429688,12533.333333333332,2,0.40625,4688.350860595703,12533.333333333332,2,0.40625,4527.347549438477,12533.333333333332,0,0.40625,21103.08285522461,605,5147,4556,4744,605,605,605,605,0,0,0,100,0,0,0,0,32353087488,8589930496,2830233600,0
199,1786320234796,883.2964324951172,12666.666666666668,2,0.40625,779.9327392578125,12666.666666666668,2,0.40625,4688.357620239258,12666.666666666668,2,0.40625,4529.812469482422,12666.666666666668,0,0.40625,21106.480270385742,605,5147,4556,4744,605,605,605,605,0,0,4.761904716491699,100,0,0,0,0,32353087488,8589930496,2830233600,0
199,1786320234996,883.2998199462891,12733.333333333332,2,0.3999999999999999,779.9359741210938,12733.333333333332,2,0.3999999999999999,4688.364273071289,12733.333333333332,2,0.3999999999999999,4532.278137207031,12733.333333333332,0,0.3999999999999999,21109.87757873535,605,5147,4556,4744,605,605,605,605,0,0,0,100,0,0,4.761904716491699,0,32353087488,8589930496,2830233600,0
199,1786320235197,883.3032379150391,12800,2,0.3999999999999999,779.9399261474609,12800,2,0.3999999999999999,4688.369766235352,12800,0,0.3999999999999999,4534.737854003906,12800,0,0.3999999999999999,21113.275421142578,605,5147,4556,4744,605,605,605,605,0,0,4.761904716491699,100,0,0,0,0,32353087488,8589930496,2830233600,0
199,1786320235397,883.3067321777344,13133.333333333334,2,0.39375000000000004,779.9430999755859,13133.333333333334,0,0.39375000000000004,4688.37663269043,13133.333333333334,0,0.39375000000000004,4537.198669433594,13133.333333333334,0,0.39375000000000004,21116.66664123535,605,5147,4556,4744,605,605,605,605,0,0,0,100,0,0,0,0,32353087488,8589930496,2830233600,0
199,1786320235597,883.3103637695313,12600,0,0.3999999999999999,779.9463043212891,12600,2,0.3999999999999999,4688.38298034668,12600,0,0.3999999999999999,4539.66667175293,12600,0,0.3999999999999999,21120.079849243164,605,5147,4556,4744,605,605,605,605,0,0,0,100,0,0,0,0,32353087488,8589930496,2830233600,0
199,1786320235797,883.3139190673828,12600,2,0.3999999999999999,779.9495086669922,12600,2,0.3999999999999999,4688.389266967773,12600,0,0.3999999999999999,4542.136566162109,12600,0,0.3999999999999999,21123.47801208496,605,5147,4556,4744,605,605,605,605,0,0,0,100,0,0,0,0,32353087488,8589930496,2830233600,0
199,1786320235997,883.5579376220703,16600,0,0.2749999999999999,780.1511077880859,16600,2,0.2749999999999999,4688.7723388671875,16600,0,0.2749999999999999,4543.701141357422,16600,2,0.2749999999999999,21126.7706451416,605,5147,4556,4744,605,605,605,605,10,5,15.000000953674316,68.42105102539063,10,9.523809432983398,5,5,32353087488,8589930496,2873180160,0
199,1786320236197,883.5777282714844,12866.666666666666,2,0.3999999999999999,780.1571044921875,12866.666666666666,2,0.3999999999999999,4691.275375366211,12866.666666666666,0,0.3999999999999999,4543.709655761719,12866.666666666666,2,0.3999999999999999,21130.280242919922,605,5147,4556,4744,605,605,605,605,0,0,100,0,0,0,5,0,32353087488,8589930496,2873229312,0
199,1786320236397,883.5812377929688,12866.666666666666,2,0.3999999999999999,780.1603546142578,12866.666666666666,2,0.3999999999999999,4693.73844909668,12866.666666666666,0,0.3999999999999999,4543.716796875,12866.666666666666,2,0.3999999999999999,21133.678192138672,605,5147,4556,4744,605,605,605,605,0,0,100,0,0,0,0,0,32353087488,8589930496,2873229312,0
199,1786320236597,883.5852355957031,12866.666666666666,2,0.3999999999999999,780.1635894775391,12866.666666666666,2,0.3999999999999999,4696.19319152832,12866.666666666666,0,0.3999999999999999,4543.724746704102,12866.666666666666,2,0.3999999999999999,21137.09422302246,605,5147,4556,4744,605,605,605,605,0,0,100,0,0,0,0,0,32353087488,8589930496,2873229312,0
199,1786320236797,883.5885925292969,12933.333333333334,2,0.3999999999999999,780.1668548583984,12933.333333333334,2,0.3999999999999999,4698.653091430664,12933.333333333334,0,0.3999999999999999,4543.733917236328,12933.333333333334,2,0.3999999999999999,21140.490600585938,605,5147,4556,4744,605,605,605,605,0,0,100,0,0,0,0,0,32353087488,8589930496,2873229312,0
199,1786320236997,883.5918731689453,13000,2,0.39375000000000004,780.1700592041016,13000,2,0.39375000000000004,4701.126983642578,13000,0,0.39375000000000004,4543.743270874023,13000,2,0.39375000000000004,21143.886672973633,605,5147,4556,4744,605,605,605,605,0,0,100,0,0,0,0,0,32353087488,8589930496,2873229312,0
199,1786320237197,883.5958557128906,12733.333333333332,2,0.40625,780.1738586425781,12733.333333333332,2,0.40625,4703.5904541015625,12733.333333333332,0,0.40625,4543.750793457031,12733.333333333332,2,0.40625,21147.294036865234,605,5147,4556,4744,605,605,605,605,0,0,100,0,0,0,0,0,32353087488,8589930496,2873389056,0
199,1786320237398,883.6001281738281,12933.333333333334,2,0.3999999999999999,780.1853485107422,12933.333333333334,2,0.3999999999999999,4706.019821166992,12933.333333333334,0,0.3999999999999999,4543.761703491211,12933.333333333334,0,0.3999999999999999,21150.685546875,605,5147,4556,4744,605,605,605,605,0,0,100,5,0,0,0,0,32353087488,8589930496,2873389056,0
199,1786320237598,883.6038208007813,12733.333333333332,2,0.3999999999999999,780.1892547607422,12733.333333333332,2,0.3999999999999999,4708.4541015625,12733.333333333332,0,0.3999999999999999,4543.770523071289,12733.333333333332,2,0.3999999999999999,21154.088256835938,605,5147,4556,4744,605,605,605,605,0,0,100,5,0,0,0,0,32353087488,8589930496,2873389056,0
199,1786320237798,883.6072540283203,12933.333333333334,2,0.3999999999999999,780.1925048828125,12933.333333333334,2,0.3999999999999999,4710.904586791992,12933.333333333334,0,0.3999999999999999,4543.776962280273,12866.666666666666,0,0.3999999999999999,21157.481338500977,605,5147,4556,4744,605,605,605,605,0,0,97.5,0,0,0,0,0,32353087488,8589930496,2873389056,0
199,1786320237998,883.6106567382813,12933.333333333334,2,0.3999999999999999,780.1957092285156,12933.333333333334,2,0.3999999999999999,4713.349624633789,12933.333333333334,2,0.3999999999999999,4543.786468505859,12933.333333333334,0,0.3999999999999999,21160.885971069336,605,5147,4556,4744,605,605,605,605,0,0,100,0,0,0,0,0,32353087488,8589930496,2873389056,0
200,1786320238198,883.6142272949219,12866.666666666666,2,0.3999999999999999,780.3044738769531,12866.666666666666,2,0.3999999999999999,4715.696014404297,12866.666666666666,0,0.3999999999999999,4543.7940673828125,12866.666666666666,0,0.3999999999999999,21164.283203125,605,5147,4556,4744,605,605,605,605,0,0,100,0,0,0,0,0,32353087488,8589930496,2869501952,0
199,1786320238398,883.6180877685547,12866.666666666666,2,0.3999999999999999,780.3082275390625,12866.666666666666,2,0.3999999999999999,4718.155059814453,12866.666666666666,0,0.3999999999999999,4543.801010131836,12866.666666666666,0,0.3999999999999999,21167.680267333984,605,5147,4556,4744,605,605,605,605,0,2.5,100,0,0,0,0,0,32353087488,8589930496,2869309440,0
199,1786320238598,883.6215515136719,12733.333333333332,2,0.3999999999999999,780.3123168945313,12733.333333333332,2,0.3999999999999999,4720.61946105957,12733.333333333332,0,0.3999999999999999,4543.807220458984,12733.333333333332,2,0.3999999999999999,21171.083374023438,605,5147,4556,4744,605,605,605,605,0,0,100,0,0,0,0,0,32353087488,8589930496,2869309440,0
199,1786320238798,883.6248474121094,12933.333333333334,2,0.3999999999999999,780.3165435791016,12933.333333333334,2,0.3999999999999999,4723.073669433594,12933.333333333334,0,0.3999999999999999,4543.813369750977,12933.333333333334,2,0.3999999999999999,21174.476318359375,605,5147,4556,4744,605,605,605,605,0,0,100,0,0,0,0,0,32353087488,8589930496,2869309440,0
199,1786320238998,883.6281585693359,12666.666666666668,2,0.3999999999999999,780.3206634521484,12666.666666666668,2,0.3999999999999999,4725.535507202148,12666.666666666668,0,0.3999999999999999,4543.819381713867,12666.666666666668,2,0.3999999999999999,21177.88250732422,605,5147,4556,4744,605,605,605,605,0,0,100,0,0,0,0,0,32353087488,8589930496,2869309440,0
199,1786320239198,883.6314849853516,12933.333333333334,2,0.3999999999999999,780.3250427246094,12933.333333333334,2,0.3999999999999999,4727.989944458008,12933.333333333334,0,0.3999999999999999,4543.826812744141,12933.333333333334,2,0.3999999999999999,21181.27410888672,605,5147,4556,4744,605,605,605,605,0,0,100,0,0,0,0,0,32353087488,8589930496,2869309440,0
199,1786320239398,883.6353607177734,12733.333333333332,2,0.3999999999999999,780.3293304443359,12733.333333333332,2,0.3999999999999999,4730.415283203125,12733.333333333332,0,0.3999999999999999,4543.880676269531,12733.333333333332,2,0.3999999999999999,21184.69302368164,605,5147,4556,4744,605,605,605,605,0,0,100,9.523809432983398,0,0,0,0,32353087488,8589930496,2865324032,0
199,1786320239598,883.6389312744141,13000,2,0.3999999999999999,780.3337249755859,13000,2,0.3999999999999999,4732.8704833984375,13000,0,0.3999999999999999,4543.889068603516,13000,2,0.3999999999999999,21188.087005615234,605,5147,4556,4744,605,605,605,605,0,0,100,0,0,0,0,0,32353087488,8589930496,2865324032,0
199,1786320239798,883.642333984375,12933.333333333334,2,0.39375000000000004,780.3379821777344,12933.333333333334,2,0.39375000000000004,4735.324600219727,12933.333333333334,0,0.39375000000000004,4543.89762878418,12933.333333333334,2,0.39375000000000004,21191.485549926758,605,5147,4556,4744,605,605,605,605,0,0,100,0,0,0,0,0,32353087488,8589930496,2865324032,0
199,1786320239999,883.6457824707031,12866.666666666666,2,0.3999999999999999,780.3423309326172,12866.666666666666,2,0.3999999999999999,4737.787338256836,12866.666666666666,0,0.3999999999999999,4543.904159545898,12866.666666666666,2,0.3999999999999999,21194.886611938477,605,5147,4556,4744,605,605,605,605,0,0,100,0,0,0,0,0,32353087488,8589930496,2865324032,0
199,1786320240199,883.6494140625,12666.666666666668,2,0.40625,780.3470611572266,12666.666666666668,2,0.40625,4737.87825012207,12666.666666666668,2,0.40625,4546.277359008789,12666.666666666668,0,0.40625,21198.2901763916,605,5147,4556,4744,605,605,605,605,0,0,0,55,0,0,0,42.85714340209961,32353087488,8589930496,2861764608,0
199,1786320240399,883.6533813476563,13000,2,0.3999999999999999,780.3513641357422,13000,2,0.3999999999999999,4737.884185791016,13000,0,0.3999999999999999,4548.739852905273,13000,2,0.3999999999999999,21201.69189453125,605,5147,4556,4744,605,605,605,605,0,0,0,4.761904716491699,0,0,0,100,32353087488,8589930496,2861764608,0
199,1786320240599,883.6649017333984,12800,0,0.3999999999999999,780.3585968017578,12800,0,0.3999999999999999,4740.313827514648,12800,0,0.3999999999999999,4548.746017456055,12800,2,0.3999999999999999,21205.087860107422,605,5147,4556,4744,605,605,605,605,0,0,100,0,0,0,0,0,32353087488,8589930496,2861764608,0
199,1786320240799,883.6683197021484,12866.666666666666,2,0.3999999999999999,780.3659362792969,12866.666666666666,0,0.3999999999999999,4742.771255493164,12866.666666666666,0,0.3999999999999999,4548.7518310546875,12866.666666666666,2,0.3999999999999999,21208.481552124023,605,5147,4556,4744,605,605,605,605,0,0,100,0,0,0,0,0,32353087488,8589930496,2861764608,0
199,1786320240999,883.6716613769531,12866.666666666666,2,0.3999999999999999,780.3722991943359,12866.666666666666,2,0.3999999999999999,4745.230285644531,12866.666666666666,0,0.3999999999999999,4548.7578125,12866.666666666666,2,0.3999999999999999,21211.881591796875,605,5147,4556,4744,605,605,605,605,0,0,100,0,0,0,0,0,32353087488,8589930496,2861764608,0
199,1786320241199,883.675048828125,12666.666666666668,2,0.3999999999999999,780.3767547607422,12666.666666666668,2,0.3999999999999999,4747.690093994141,12666.666666666668,0,0.3999999999999999,4548.764083862305,12666.666666666668,2,0.3999999999999999,21215.28483581543,605,5147,4556,4744,605,605,605,605,0,0,100,0,0,0,0,0,32353087488,8589930496,2861764608,0
199,1786320241399,883.6865234375,12800,2,0.3999999999999999,780.4095916748047,12800,2,0.3999999999999999,4750.101226806641,12800,0,0.3999999999999999,4548.770080566406,12800,2,0.3999999999999999,21218.69760131836,605,5147,4556,4744,605,605,605,605,0,4.761904716491699,100,0,0,0,0,0,32353087488,8589930496,2858496000,0
199,1786320241599,883.6901245117188,12666.666666666668,2,0.3999999999999999,780.4144592285156,12666.666666666668,2,0.3999999999999999,4752.556259155273,12666.666666666668,0,0.3999999999999999,4548.777252197266,12666.666666666668,2,0.3999999999999999,21222.083297729492,605,5147,4556,4744,605,605,605,605,0,0,100,0,0,0,0,0,32353087488,8589930496,2858496000,0
199,1786320241799,883.6935882568359,13000,2,0.3999999999999999,780.4191131591797,13000,2,0.3999999999999999,4755.0181884765625,13000,0,0.3999999999999999,4548.784973144531,13000,2,0.3999999999999999,21225.474395751953,605,5147,4556,4744,605,605,605,605,0,0,100,0,0,0,0,0,32353087488,8589930496,2858496000,0
200,1786320241999,883.7346954345703,13800,0,0.36250000000000004,780.4508514404297,13800,0,0.36250000000000004,4757.379013061523,13800,0,0.36250000000000004,4548.809112548828,13800,0,0.36250000000000004,21228.851303100586,605,5147,4556,4744,605,605,605,605,0,0,100,0,0,0,0,0,32353087488,8589930496,2799960064,0
199,1786320242200,883.9142456054688,12066.666666666668,2,0.41874999999999996,780.60986328125,12066.666666666668,2,0.41874999999999996,4757.609878540039,12066.666666666668,2,0.41874999999999996,4550.750839233398,12066.666666666668,0,0.41874999999999996,21232.325149536133,605,5147,4556,4744,605,605,605,605,5,2.5,55,38.46154022216797,4.878048419952393,4.878048419952393,4.878048419952393,2.5641026496887207,32353087488,8589930496,2887675904,0
199,1786320242400,883.9181671142578,12933.333333333334,2,0.39375000000000004,780.614013671875,12933.333333333334,2,0.3999999999999999,4757.620330810547,12933.333333333334,0,0.3999999999999999,4553.175399780273,12933.333333333334,0,0.3999999999999999,21235.69529724121,605,5147,4556,4744,605,605,605,605,0,4.761904716491699,0,100,0,0,0,0,32353087488,8589930496,2887675904,0
199,1786320242600,883.921875,12800,2,0.3999999999999999,780.6175994873047,12800,2,0.3999999999999999,4757.628875732422,12800,2,0.3999999999999999,4555.614837646484,12800,0,0.3999999999999999,21239.09747314453,605,5147,4556,4744,605,605,605,605,0,4.761904716491699,0,100,0,0,0,0,32353087488,8589930496,2887675904,0
199,1786320242800,883.9252319335938,13000,2,0.39375000000000004,780.6208801269531,13000,2,0.39375000000000004,4757.63720703125,13000,2,0.39375000000000004,4558.06428527832,13000,0,0.39375000000000004,21242.490158081055,605,5147,4556,4744,605,605,605,605,0,0,0,100,0,0,0,2.4390242099761963,32353087488,8589930496,2887675904,0
199,1786320243000,883.9284515380859,13133.333333333334,2,0.39375000000000004,780.6240539550781,13133.333333333334,0,0.39375000000000004,4757.646697998047,13133.333333333334,0,0.39375000000000004,4560.510391235352,13133.333333333334,0,0.39375000000000004,21245.885650634766,605,5147,4556,4744,605,605,605,605,0,0,0,100,0,0,0,0,32353087488,8589930496,2887675904,0
199,1786320243200,883.9317169189453,12733.333333333332,2,0.3999999999999999,780.6272125244141,12733.333333333332,0,0.3999999999999999,4757.653244018555,12733.333333333332,0,0.3999999999999999,4562.945327758789,12733.333333333332,0,0.3999999999999999,21249.293350219727,605,5147,4556,4744,605,605,605,605,0,0,0,100,0,0,0,0,32353087488,8589930496,2887675904,0
199,1786320243400,883.935302734375,12933.333333333334,2,0.39375000000000004,780.6307525634766,12933.333333333334,2,0.39375000000000004,4757.659973144531,12933.333333333334,2,0.39375000000000004,4565.370223999023,12933.333333333334,0,0.39375000000000004,21252.685440063477,605,5147,4556,4744,605,605,605,605,0,0,0,100,0,0,0,0,32353087488,8589930496,2887675904,0
199,1786320243600,883.938720703125,12733.333333333332,2,0.3999999999999999,780.6340789794922,12733.333333333332,2,0.3999999999999999,4757.666931152344,12733.333333333332,2,0.3999999999999999,4567.805358886719,12733.333333333332,0,0.3999999999999999,21256.09017944336,605,5147,4556,4744,605,605,605,605,0,0,0,100,0,0,0,0,32353087488,8589930496,2880557056,0
199,1786320243800,883.9419708251953,13000,2,0.39375000000000004,780.6373138427734,13000,2,0.39375000000000004,4757.673812866211,13000,2,0.39375000000000004,4570.238464355469,13000,0,0.39375000000000004,21259.483108520508,605,5147,4556,4744,605,605,605,605,0,0,0,100,0,0,0,0,32353087488,8589930496,2880557056,0
199,1786320244000,883.9452819824219,12800,2,0.3999999999999999,780.6405029296875,12800,2,0.3999999999999999,4757.681732177734,12800,2,0.3999999999999999,4572.661636352539,12800,0,0.3999999999999999,21262.88784790039,605,5147,4556,4744,605,605,605,605,0,0,0,100,0,0,0,0,32353087488,8589930496,2880557056,0
199,1786320244200,883.9485473632813,13000,2,0.39375000000000004,780.6436920166016,13000,2,0.39375000000000004,4757.689453125,13000,2,0.39375000000000004,4575.102386474609,13000,0,0.39375000000000004,21266.28237915039,605,5147,4556,4744,605,605,605,605,0,0,0,100,0,0,0,0,32353087488,8589930496,2880557056,0
199,1786320244401,883.9518890380859,13000,2,0.39375000000000004,780.6469268798828,13000,2,0.39375000000000004,4757.697677612305,13000,2,0.39375000000000004,4577.543640136719,13000,0,0.39375000000000004,21269.69822692871,605,5147,4556,4744,605,605,605,605,0,0,0,100,0,0,4.761904716491699,0,32353087488,8589930496,2880557056,0
200,1786320244601,883.9552459716797,12933.333333333334,2,0.39375000000000004,780.6502380371094,12933.333333333334,2,0.39375000000000004,4757.706024169922,12933.333333333334,2,0.39375000000000004,4580.0009765625,12933.333333333334,0,0.39375000000000004,21273.09765625,605,5147,4556,4744,605,605,605,605,0,0,0,100,0,0,0,0,32353087488,8589930496,2880557056,0
199,1786320244801,883.9585876464844,13066.666666666666,2,0.38749999999999996,780.6534881591797,13066.666666666666,2,0.38749999999999996,4757.714279174805,13066.666666666666,2,0.38749999999999996,4582.44287109375,13066.666666666666,0,0.38749999999999996,21276.494110107422,605,5147,4556,4744,605,605,605,605,0,0,0,100,0,0,0,0,32353087488,8589930496,2880557056,0
199,1786320245001,883.9618377685547,12800,2,0.3999999999999999,780.6566925048828,12800,2,0.3999999999999999,4757.723602294922,12800,0,0.3999999999999999,4584.889389038086,12800,0,0.3999999999999999,21279.899673461914,605,5147,4556,4744,605,605,605,605,0,0,0,100,0,0,0,0,32353087488,8589930496,2880557056,0
199,1786320245201,883.9652099609375,12933.333333333334,2,0.3999999999999999,780.6602630615234,12933.333333333334,2,0.3999999999999999,4757.730361938477,12933.333333333334,2,0.3999999999999999,4587.332321166992,13000,0,0.3999999999999999,21283.296005249023,605,5147,4556,4744,605,605,605,605,0,0,0,100,0,0,0,0,32353087488,8589930496,2880557056,0
199,1786320245401,883.9688415527344,12733.333333333332,2,0.3999999999999999,780.6695098876953,12733.333333333332,2,0.3999999999999999,4757.752395629883,12733.333333333332,0,0.3999999999999999,4589.736343383789,12733.333333333332,0,0.3999999999999999,21286.68099975586,605,5147,4556,4744,605,605,605,605,0,4.761904716491699,0,100,0,0,0,0,32353087488,8589930496,2874277888,0
199,1786320245601,883.9722442626953,12933.333333333334,2,0.39375000000000004,780.6726989746094,12933.333333333334,2,0.39375000000000004,4757.759124755859,12933.333333333334,2,0.39375000000000004,4592.177169799805,12933.333333333334,0,0.39375000000000004,21290.074981689453,605,5147,4556,4744,605,605,605,605,0,0,0,100,0,0,0,0,32353087488,8589930496,2874277888,0
199,1786320245801,883.9754638671875,12933.333333333334,2,0.39375000000000004,780.6759643554688,12933.333333333334,2,0.39375000000000004,4757.767913818359,12933.333333333334,2,0.39375000000000004,4594.6209716796875,12933.333333333334,0,0.39375000000000004,21293.47348022461,605,5147,4556,4744,605,605,605,605,0,0,0,100,0,0,0,0,32353087488,8589930496,2874277888,0
199,1786320246001,883.9787445068359,12866.666666666666,2,0.39375000000000004,780.6792297363281,12866.666666666666,2,0.39375000000000004,4757.775543212891,12866.666666666666,2,0.39375000000000004,4597.069305419922,12866.666666666666,0,0.39375000000000004,21296.873504638672,605,5147,4556,4744,605,605,605,605,0,0,0,100,0,0,0,0,32353087488,8589930496,2874277888,0
199,1786320246201,883.9821166992188,12866.666666666666,2,0.3999999999999999,780.6824340820313,12866.666666666666,2,0.3999999999999999,4757.783828735352,12866.666666666666,2,0.3999999999999999,4599.511505126953,12866.666666666666,0,0.3999999999999999,21300.27362060547,605,5147,4556,4744,605,605,605,605,0,0,0,100,0,0,0,0,32353087488,8589930496,2874277888,0
199,1786320246401,883.9855041503906,12933.333333333334,2,0.39375000000000004,780.6859741210938,12933.333333333334,2,0.39375000000000004,4757.791519165039,12933.333333333334,2,0.39375000000000004,4601.941513061523,12933.333333333334,0,0.39375000000000004,21303.6689453125,605,5147,4556,4744,605,605,605,605,0,0,0,100,0,0,0,0,32353087488,8589930496,2874277888,0
199,1786320246602,883.9888153076172,12866.666666666666,2,0.3999999999999999,780.6894836425781,12866.666666666666,2,0.3999999999999999,4757.801055908203,12866.666666666666,2,0.3999999999999999,4604.405517578125,12866.666666666666,0,0.3999999999999999,21307.088439941406,605,5147,4556,4744,605,605,605,605,0,0,0,100,0,0,0,0,32353087488,8589930496,2869039104,0
199,1786320246802,883.9921722412109,12800,2,0.3999999999999999,780.6927490234375,12800,2,0.3999999999999999,4757.811096191406,12800,2,0.3999999999999999,4606.830413818359,12800,0,0.3999999999999999,21310.488250732422,605,5147,4556,4744,605,605,605,605,0,0,0,100,0,0,0,0,32353087488,8589930496,2869039104,0
200,1786320247002,883.9954986572266,12733.333333333332,2,0.3999999999999999,780.6959533691406,12733.333333333332,2,0.3999999999999999,4757.817581176758,12733.333333333332,2,0.3999999999999999,4609.258453369141,12733.333333333332,0,0.3999999999999999,21313.889434814453,605,5147,4556,4744,605,605,605,605,0,0,0,100,0,0,0,0,32353087488,8589930496,2869039104,0
199,1786320247202,883.9987487792969,13000,2,0.39375000000000004,780.6991424560547,13000,2,0.39375000000000004,4757.826904296875,13000,2,0.39375000000000004,4611.695755004883,13000,0,0.39375000000000004,21317.28256225586,605,5147,4556,4744,605,605,605,605,0,0,0,100,0,0,0,0,32353087488,8589930496,2869039104,0
199,1786320247402,884.0020141601563,12933.333333333334,2,0.39375000000000004,780.7024230957031,12933.333333333334,2,0.39375000000000004,4757.835250854492,12933.333333333334,2,0.39375000000000004,4614.135116577148,12933.333333333334,0,0.39375000000000004,21320.68196105957,605,5147,4556,4744,605,605,605,605,0,0,0,100,0,0,0,0,32353087488,8589930496,2869039104,0
199,1786320247602,884.0062561035156,12200,2,0.4125000000000001,780.7183532714844,12200,0,0.4125000000000001,4757.976623535156,12200,0,0.4125000000000001,4616.437408447266,12200,0,0.4125000000000001,21324.10464477539,605,5147,4556,4744,605,605,605,605,0,0,5,95,0,0,0,0,32353087488,8589930496,2869039104,0
199,1786320247802,884.0162963867188,12800,2,0.3999999999999999,780.7361602783203,12800,2,0.3999999999999999,4760.340301513672,12800,0,0.3999999999999999,4616.452880859375,12800,2,0.3999999999999999,21327.483520507813,605,5147,4556,4744,605,605,605,605,0,0,100,0,0,0,0,0,32353087488,8589930496,2869026816,0
200,1786320248002,884.0196838378906,12866.666666666666,2,0.3999999999999999,780.7425537109375,12866.666666666666,2,0.3999999999999999,4762.772674560547,12866.666666666666,0,0.3999999999999999,4616.45915222168,12866.666666666666,2,0.3999999999999999,21330.88005065918,605,5147,4556,4744,605,605,605,605,0,0,100,0,0,0,0,0,32353087488,8589930496,2869026816,0
199,1786320248202,884.2060852050781,13200,2,0.38749999999999996,780.9693908691406,13200,2,0.38749999999999996,4764.069351196289,13200,2,0.38749999999999996,4617.2071533203125,13200,0,0.38749999999999996,21334.271865844727,605,5147,4556,4744,605,605,605,605,5.263157844543457,5.263157844543457,55,10,5.263157844543457,10,5.263157844543457,35,32353087488,8589930496,2860482560,0
199,1786320248402,884.2177734375,12533.333333333332,2,0.40625,780.9779205322266,12533.333333333332,2,0.40625,4764.089218139648,12533.333333333332,2,0.40625,4619.673721313477,12533.333333333332,0,0.40625,21337.690551757813,605,5147,4556,4744,605,605,605,605,0,0,0,0,0,0,4.761904716491699,100,32353087488,8589930496,2860482560,0
199,1786320248603,884.2223052978516,12533.333333333332,2,0.40625,780.9818725585938,12533.333333333332,2,0.40625,4764.09684753418,12533.333333333332,2,0.40625,4622.140655517578,12533.333333333332,0,0.40625,21341.087600708008,605,5147,4556,4744,605,605,605,605,0,0,0,0,0,0,0,100,32353087488,8589930496,2860482560,0
199,1786320248803,884.2268218994141,12400,2,0.40625,780.9869537353516,12400,2,0.40625,4764.103576660156,12400,2,0.40625,4624.601501464844,12400,0,0.40625,21344.488845825195,605,5147,4556,4744,605,605,605,605,0,0,0,0,0,0,0,100,32353087488,8589930496,2860482560,0
199,1786320249003,884.2311248779297,12466.666666666668,2,0.4125000000000001,780.9900817871094,12466.666666666668,2,0.4125000000000001,4764.110290527344,12466.666666666668,2,0.4125000000000001,4627.07829284668,12466.666666666668,0,0.4125000000000001,21347.903259277344,605,5147,4556,4744,605,605,605,605,0,0,0,0,0,0,0,100,32353087488,8589930496,2860482560,0
199,1786320249203,884.2356872558594,12733.333333333332,2,0.3999999999999999,780.9935150146484,12733.333333333332,2,0.3999999999999999,4764.120147705078,12733.333333333332,2,0.3999999999999999,4629.545623779297,12733.333333333332,0,0.3999999999999999,21351.29360961914,605,5147,4556,4744,605,605,605,605,0,0,0,0,0,0,0,100,32353087488,8589930496,2860646400,0
199,1786320249403,884.2397918701172,12866.666666666666,2,0.3999999999999999,781.0029296875,12866.666666666666,2,0.3999999999999999,4764.128967285156,12866.666666666666,2,0.3999999999999999,4632.007034301758,12866.666666666666,0,0.3999999999999999,21354.68865966797,605,5147,4556,4744,605,605,605,605,0,0,0,0,0,0,0,100,32353087488,8589930496,2856624128,0
200,1786320249603,884.2432708740234,12666.666666666668,2,0.3999999999999999,781.0070343017578,12666.666666666668,2,0.3999999999999999,4764.137603759766,12666.666666666668,2,0.3999999999999999,4634.482330322266,12666.666666666668,0,0.3999999999999999,21358.093338012695,605,5147,4556,4744,605,605,605,605,0,0,0,0,0,0,0,100,32353087488,8589930496,2856624128,0
199,1786320249803,884.2466735839844,12600,2,0.3999999999999999,781.0111999511719,12600,2,0.3999999999999999,4764.145584106445,12600,0,0.3999999999999999,4636.9464111328125,12600,0,0.3999999999999999,21361.495559692383,605,5147,4556,4744,605,605,605,605,0,0,0,0,0,0,0,100,32353087488,8589930496,2856624128,0
199,1786320250003,884.2500610351563,12600,0,0.40625,781.0151977539063,12600,2,0.40625,4764.153991699219,12600,0,0.40625,4639.419662475586,12600,0,0.40625,21364.890731811523,605,5147,4556,4744,605,605,605,605,0,0,0,0,0,0,0,100,32353087488,8589930496,2856624128,0
199,1786320250203,884.2534942626953,12666.666666666668,2,0.40625,781.0196685791016,12666.666666666668,2,0.40625,4764.160385131836,12666.666666666668,2,0.40625,4641.884078979492,12666.666666666668,0,0.40625,21368.288772583008,605,5147,4556,4744,605,605,605,605,0,0,0,0,0,0,0,100,32353087488,8589930496,2857254912,0
199,1786320250403,884.2573089599609,12866.666666666666,2,0.3999999999999999,781.0727081298828,12866.666666666666,2,0.3999999999999999,4764.168197631836,12866.666666666666,2,0.3999999999999999,4644.306304931641,12866.666666666666,0,0.3999999999999999,21371.683532714844,605,5147,4556,4744,605,605,605,605,0,5,0,0,0,0,0,100,32353087488,8589930496,2853748736,0
199,1786320250603,884.2609558105469,12533.333333333332,2,0.4125000000000001,781.0772399902344,12533.333333333332,2,0.4125000000000001,4764.175430297852,12533.333333333332,2,0.4125000000000001,4646.783020019531,12533.333333333332,0,0.4125000000000001,21375.090301513672,605,5147,4556,4744,605,605,605,605,0,0,0,0,0,0,0,100,32353087488,8589930496,2853748736,0
199,1786320250804,884.2644348144531,12666.666666666668,2,0.3999999999999999,781.0813446044922,12666.666666666668,2,0.3999999999999999,4764.183822631836,12666.666666666668,2,0.3999999999999999,4649.253372192383,12666.666666666668,0,0.3999999999999999,21378.484466552734,605,5147,4556,4744,605,605,605,605,0,0,0,0,0,0,4.761904716491699,100,32353087488,8589930496,2853748736,0
199,1786320251004,884.2678527832031,12533.333333333332,2,0.40625,781.0854034423828,12533.333333333332,2,0.40625,4764.191696166992,12533.333333333332,2,0.40625,4651.720687866211,12533.333333333332,0,0.40625,21381.886596679688,605,5147,4556,4744,605,605,605,605,0,0,0,0,0,0,0,100,32353087488,8589930496,2853748736,0
199,1786320251204,884.2712707519531,12600,2,0.40625,781.0894775390625,12600,2,0.40625,4764.199432373047,12600,2,0.40625,4654.203994750977,12600,0,0.40625,21385.302703857422,605,5147,4556,4744,605,605,605,605,0,0,0,0,0,0,0,100,32353087488,8589930496,2853748736,0
199,1786320251404,884.2752838134766,12600,2,0.40625,781.0937652587891,12600,2,0.40625,4764.209899902344,12600,2,0.40625,4656.674179077148,12600,0,0.40625,21388.701171875,605,5147,4556,4744,605,605,605,605,0,0,0,0,0,0,0,100,32353087488,8589930496,2850451456,0
199,1786320251604,884.2789764404297,12733.333333333332,2,0.3999999999999999,781.0983428955078,12733.333333333332,2,0.3999999999999999,4764.218673706055,12733.333333333332,2,0.3999999999999999,4659.140472412109,12733.333333333332,0,0.3999999999999999,21392.097579956055,605,5147,4556,4744,605,605,605,605,0,0,0,0,0,0,0,100,32353087488,8589930496,2850451456,0
199,1786320251804,884.2823638916016,12533.333333333332,2,0.3999999999999999,781.1024017333984,12533.333333333332,2,0.3999999999999999,4764.226547241211,12533.333333333332,2,0.3999999999999999,4661.617416381836,12533.333333333332,0,0.3999999999999999,21395.50260925293,605,5147,4556,4744,605,605,605,605,0,0,0,0,0,0,0,100,32353087488,8589930496,2850451456,0
199,1786320252004,884.2857513427734,12400,2,0.4125000000000001,781.1064758300781,12400,2,0.4125000000000001,4764.2352294921875,12400,2,0.4125000000000001,4664.085372924805,12400,0,0.40625,21398.90382385254,605,5147,4556,4744,605,605,605,605,0,0,0,0,0,0,0,100,32353087488,8589930496,2850451456,0
199,1786320252204,884.2892608642578,12600,2,0.40625,781.1105194091797,12600,2,0.40625,4764.2437744140625,12600,0,0.40625,4666.552429199219,12600,0,0.40625,21402.297317504883,605,5147,4556,4744,605,605,605,605,0,0,0,0,0,0,0,100,32353087488,8589930496,2847567872,0
199,1786320252404,884.2926635742188,12666.666666666668,2,0.3999999999999999,781.1146240234375,12666.666666666668,2,0.3999999999999999,4764.250518798828,12666.666666666668,0,0.3999999999999999,4669.019104003906,12666.666666666668,0,0.3999999999999999,21405.694931030273,605,5147,4556,4744,605,605,605,605,0,0,0,0,0,0,0,100,32353087488,8589930496,2847567872,0
199,1786320252604,884.2962799072266,12666.666666666668,2,0.40625,781.1192321777344,12666.666666666668,2,0.40625,4764.257217407227,12666.666666666668,2,0.40625,4671.491897583008,12666.666666666668,0,0.40625,21409.093704223633,605,5147,4556,4744,605,605,605,605,0,0,0,0,4.761904716491699,0,4.761904716491699,100,32353087488,8589930496,2847567872,0
199,1786320252804,884.2997131347656,12733.333333333332,2,0.3999999999999999,781.1230010986328,12733.333333333332,2,0.3999999999999999,4764.2650146484375,12733.333333333332,2,0.3999999999999999,4673.965805053711,12733.333333333332,0,0.3999999999999999,21412.48992919922,605,5147,4556,4744,605,605,605,605,0,0,0,0,0,0,0,100,32353087488,8589930496,2847567872,0
199,1786320253005,884.3031463623047,12600,2,0.40625,781.1261291503906,12600,2,0.40625,4764.27424621582,12600,2,0.40625,4676.442596435547,12600,0,0.40625,21415.894821166992,605,5147,4556,4744,605,605,605,605,0,0,0,0,0,0,0,100,32353087488,8589930496,2847567872,0
199,1786320253205,884.3065032958984,12600,2,0.40625,781.1292266845703,12600,2,0.40625,4764.2833251953125,12600,2,0.40625,4678.915145874023,12600,0,0.40625,21419.292022705078,605,5147,4556,4744,605,605,605,605,0,0,0,0,0,0,0,100,32353087488,8589930496,2847567872,0
199,1786320253405,884.3106689453125,12666.666666666668,2,0.3999999999999999,781.1358337402344,12666.666666666668,2,0.3999999999999999,4764.305267333984,12666.666666666668,2,0.3999999999999999,4681.373565673828,12666.666666666668,0,0.3999999999999999,21422.705841064453,605,5147,4556,4744,605,605,605,605,0,0,4.761904716491699,0,0,0,0,100,32353087488,8589930496,2845044736,0
199,1786320253605,884.3144073486328,12400,2,0.40625,781.1395568847656,12400,2,0.40625,4764.318771362305,12400,2,0.40625,4683.843048095703,12400,0,0.40625,21426.112075805664,605,5147,4556,4744,605,605,605,605,0,0,0,0,0,0,0,100,32353087488,8589930496,2845044736,0
199,1786320253805,884.3177947998047,12600,2,0.3999999999999999,781.1427001953125,12600,2,0.3999999999999999,4764.32746887207,12600,2,0.3999999999999999,4686.303298950195,12600,0,0.3999999999999999,21429.505615234375,605,5147,4556,4744,605,605,605,605,0,0,0,0,0,0,0,100,32353087488,8589930496,2845044736,0
199,1786320254005,884.3213195800781,12600,2,0.3999999999999999,781.1458129882813,12600,2,0.3999999999999999,4764.335662841797,12600,2,0.3999999999999999,4688.768356323242,12600,0,0.3999999999999999,21432.90299987793,605,5147,4556,4744,605,605,605,605,0,0,0,0,0,0,0,100,32353087488,8589930496,2845044736,0
200,1786320254205,884.5411529541016,15800,0,0.33125000000000004,781.3398590087891,15800,2,0.33125000000000004,4764.506195068359,15800,0,0.33125000000000004,4690.630432128906,15800,0,0.33125000000000004,21436.2237701416,605,5147,4556,4744,605,605,605,605,10,9.523809432983398,5,5,5.263157844543457,5.263157844543457,5,80,32353087488,8589930496,2786512896,0
199,1786320254405,884.5621643066406,12666.666666666668,0,0.40625,781.3544616699219,12666.666666666668,2,0.40625,4764.543212890625,12666.666666666668,0,0.40625,4693.090072631836,12666.666666666668,0,0.40625,21439.707595825195,605,5147,4556,4744,605,605,605,605,0,0,0,5,0,0,0,100,32353087488,8589930496,2836570112,0
199,1786320254605,884.5657806396484,12600,2,0.3999999999999999,781.3577728271484,12600,2,0.3999999999999999,4764.552398681641,12600,2,0.40625,4695.558197021484,12600,0,0.3999999999999999,21443.106887817383,605,5147,4556,4744,605,605,605,605,0,0,0,5,0,0,0,100,32353087488,8589930496,2836570112,0
199,1786320254805,884.5692749023438,12466.666666666668,0,0.40625,781.3609924316406,12466.666666666668,2,0.40625,4764.563735961914,12466.666666666668,0,0.40625,4698.025543212891,12466.666666666668,0,0.40625,21446.508712768555,605,5147,4556,4744,605,605,605,605,0,0,0,0,2.4390242099761963,0,0,100,32353087488,8589930496,2836570112,0
199,1786320255005,884.5726318359375,12666.666666666668,2,0.3999999999999999,781.3641815185547,12666.666666666668,2,0.3999999999999999,4764.5709228515625,12666.666666666668,0,0.3999999999999999,4700.488265991211,12666.666666666668,0,0.3999999999999999,21449.90264892578,605,5147,4556,4744,605,605,605,605,0,0,0,0,0,0,0,100,32353087488,8589930496,2836570112,0
199,1786320255206,884.5760192871094,12933.333333333334,2,0.39375000000000004,781.367431640625,12933.333333333334,2,0.39375000000000004,4764.580825805664,12933.333333333334,2,0.39375000000000004,4702.951934814453,12933.333333333334,0,0.39375000000000004,21453.290908813477,605,5147,4556,4744,605,605,605,605,0,0,0,0,0,0,0,100,32353087488,8589930496,2836705280,0
199,1786320255406,884.579833984375,12400,2,0.40625,781.3707427978516,12400,2,0.40625,4764.590576171875,12400,2,0.40625,4705.42546081543,12400,0,0.40625,21456.703979492188,605,5147,4556,4744,605,605,605,605,0,0,0,0,0,0,4.761904716491699,100,32353087488,8589930496,2836705280,0
199,1786320255606,884.5832977294922,12466.666666666668,2,0.40625,781.3741607666016,12466.666666666668,2,0.40625,4764.602127075195,12466.666666666668,2,0.40625,4707.88166809082,12466.666666666668,0,0.40625,21460.100051879883,605,5147,4556,4744,605,605,605,605,4.761904716491699,0,0,0,0,0,0,100,32353087488,8589930496,2836705280,0
199,1786320255806,884.586669921875,12666.666666666668,2,0.40625,781.3775634765625,12666.666666666668,2,0.40625,4764.610702514648,12666.666666666668,2,0.40625,4710.345504760742,12666.666666666668,0,0.40625,21463.494537353516,605,5147,4556,4744,605,605,605,605,0,0,0,0,0,0,0,100,32353087488,8589930496,2836705280,0
200,1786320256006,884.5900573730469,12466.666666666668,2,0.40625,781.3807830810547,12466.666666666668,2,0.40625,4764.620208740234,12466.666666666668,0,0.40625,4712.80778503418,12466.666666666668,0,0.40625,21466.89874267578,605,5147,4556,4744,605,605,605,605,0,0,0,0,0,0,0,100,32353087488,8589930496,2836705280,0
199,1786320256206,884.5933074951172,12466.666666666668,2,0.3999999999999999,781.3840026855469,12466.666666666668,2,0.3999999999999999,4764.62744140625,12466.666666666668,2,0.3999999999999999,4715.283126831055,12466.666666666668,0,0.3999999999999999,21470.31365966797,605,5147,4556,4744,605,605,605,605,0,0,0,0,0,0,0,100,32353087488,8589930496,2836705280,0
199,1786320256406,884.5966491699219,12400,2,0.40625,781.3872222900391,12400,2,0.40625,4764.636901855469,12400,2,0.40625,4717.7435302734375,12400,0,0.40625,21473.7149810791,605,5147,4556,4744,605,605,605,605,0,0,0,0,0,0,0,100,32353087488,8589930496,2836705280,0
199,1786320256606,884.6001129150391,12533.333333333332,2,0.3999999999999999,781.3905181884766,12533.333333333332,2,0.3999999999999999,4764.648406982422,12533.333333333332,2,0.3999999999999999,4720.203887939453,12533.333333333332,0,0.3999999999999999,21477.109756469727,605,5147,4556,4744,605,605,605,605,0,0,0,0,0,0,0,100,32353087488,8589930496,2836705280,0
199,1786320256806,884.6039428710938,12533.333333333332,2,0.40625,781.3938293457031,12533.333333333332,2,0.40625,4764.657196044922,12533.333333333332,2,0.40625,4722.66828918457,12533.333333333332,0,0.40625,21480.50796508789,605,5147,4556,4744,605,605,605,605,0,0,0,0,0,0,0,100,32353087488,8589930496,2836705280,0
199,1786320257006,884.6081695556641,12733.333333333332,2,0.3999999999999999,781.3970489501953,12733.333333333332,2,0.3999999999999999,4764.666351318359,12733.333333333332,0,0.3999999999999999,4725.130920410156,12733.333333333332,0,0.3999999999999999,21483.901763916016,605,5147,4556,4744,605,605,605,605,0,0,0,0,0,0,0,100,32353087488,8589930496,2836705280,0
199,1786320257206,884.6124114990234,12666.666666666668,2,0.40625,781.4002227783203,12600,2,0.3999999999999999,4764.674896240234,12600,0,0.3999999999999999,4727.59765625,12600,0,0.3999999999999999,21487.30290222168,605,5147,4556,4744,605,605,605,605,0,0,0,0,0,0,0,100,32353087488,8589930496,2836705280,0
199,1786320257406,884.6168670654297,12466.666666666668,2,0.40625,781.4059295654297,12466.666666666668,2,0.40625,4764.687088012695,12466.666666666668,0,0.40625,4730.056716918945,12466.666666666668,0,0.40625,21490.707107543945,605,5147,4556,4744,605,605,605,605,0,0,0,0,0,0,0,100,32353087488,8589930496,2836705280,0
199,1786320257607,884.6212158203125,12800,2,0.3999999999999999,781.4094390869141,12800,2,0.3999999999999999,4764.694076538086,12800,2,0.3999999999999999,4732.516220092773,12800,0,0.3999999999999999,21494.096908569336,605,5147,4556,4744,605,605,605,605,4.761904716491699,0,0,0,0,0,0,100,32353087488,8589930496,2836705280,0
199,1786320257807,884.62548828125,12800,2,0.3999999999999999,781.4128723144531,12800,2,0.3999999999999999,4764.702285766602,12800,2,0.3999999999999999,4734.983642578125,12800,0,0.3999999999999999,21497.49542236328,605,5147,4556,4744,605,605,605,605,0,0,0,0,0,0,0,100,32353087488,8589930496,2836705280,0
199,1786320258007,884.6297454833984,12466.666666666668,2,0.40625,781.4161071777344,12466.666666666668,2,0.40625,4764.710144042969,12466.666666666668,2,0.40625,4737.456253051758,12466.666666666668,0,0.40625,21500.904876708984,605,5147,4556,4744,605,605,605,605,0,0,0,0,0,0,5,100,32353087488,8589930496,2836705280,0
199,1786320258207,884.6340484619141,12866.666666666666,2,0.39375000000000004,781.4192962646484,12866.666666666666,2,0.39375000000000004,4764.7176513671875,12866.666666666666,2,0.39375000000000004,4739.913497924805,12866.666666666666,0,0.39375000000000004,21504.291213989258,605,5147,4556,4744,605,605,605,605,0,0,0,0,0,0,0,100,32353087488,8589930496,2836705280,0
199,1786320258407,884.6382141113281,12466.666666666668,2,0.40625,781.4233856201172,12466.666666666668,2,0.40625,4764.725494384766,12466.666666666668,2,0.40625,4742.371139526367,12466.666666666668,0,0.40625,21507.702590942383,605,5147,4556,4744,605,605,605,605,0,0,0,0,0,0,0,100,32353087488,8589930496,2836705280,0
199,1786320258607,884.6416625976563,12666.666666666668,2,0.40625,781.4266204833984,12666.666666666668,2,0.40625,4764.733596801758,12666.666666666668,2,0.40625,4744.84587097168,12666.666666666668,0,0.40625,21511.112701416016,605,5147,4556,4744,605,605,605,605,0,0,0,0,0,0,0,100,32353087488,8589930496,2836705280,0
199,1786320258807,884.6449890136719,12600,2,0.3999999999999999,781.429931640625,12600,2,0.3999999999999999,4764.744201660156,12600,2,0.3999999999999999,4747.308990478516,12600,0,0.3999999999999999,21514.512329101563,605,5147,4556,4744,605,605,605,605,0,0,0,0,0,0,0,100,32353087488,8589930496,2836705280,0
199,1786320259007,884.6483764648438,12466.666666666668,2,0.40625,781.4331207275391,12466.666666666668,2,0.40625,4764.752944946289,12466.666666666668,2,0.40625,4749.780532836914,12466.666666666668,0,0.40625,21517.91539001465,605,5147,4556,4744,605,605,605,605,0,0,0,0,0,0,0,100,32353087488,8589930496,2836705280,0
199,1786320259207,884.6521759033203,12800,2,0.3999999999999999,781.4364318847656,12800,2,0.3999999999999999,4764.763565063477,12800,2,0.3999999999999999,4752.244125366211,12800,0,0.3999999999999999,21521.305389404297,605,5147,4556,4744,605,605,605,605,0,0,0,0,0,0,0,100,32353087488,8589930496,2836705280,0
199,1786320259407,884.6560974121094,12466.666666666668,2,0.3999999999999999,781.4398498535156,12466.666666666668,2,0.3999999999999999,4764.774261474609,12466.666666666668,0,0.3999999999999999,4754.707595825195,12466.666666666668,0,0.3999999999999999,21524.711791992188,605,5147,4556,4744,605,605,605,605,0,0,0,0,0,0,4.761904716491699,100,32353087488,8589930496,2836705280,0
199,1786320259607,884.6595611572266,12866.666666666666,2,0.3999999999999999,781.443359375,12800,2,0.3999999999999999,4764.783538818359,12800,0,0.3999999999999999,4757.168228149414,12800,0,0.3999999999999999,21528.10154724121,605,5147,4556,4744,605,605,605,605,0,0,0,0,0,0,0,100,32353087488,8589930496,2836705280,0
199,1786320259808,884.6629638671875,12400,0,0.40625,781.4465484619141,12400,2,0.40625,4764.790802001953,12400,0,0.40625,4759.644546508789,12400,0,0.40625,21531.511688232422,605,5147,4556,4744,605,605,605,605,0,0,0,0,0,0,0,100,32353087488,8589930496,2836705280,0
199,1786320260008,884.6663665771484,12533.333333333332,2,0.40625,781.4497222900391,12533.333333333332,2,0.40625,4764.7998046875,12533.333333333332,2,0.40625,4762.100936889648,12533.333333333332,0,0.40625,21534.906784057617,605,5147,4556,4744,605,605,605,605,0,0,4.761904716491699,0,0,0,0,100,32353087488,8589930496,2836705280,0
200,1786320260208,884.6803741455078,15133.333333333334,0,0.3374999999999999,781.4622039794922,15133.333333333334,0,0.3374999999999999,4764.816452026367,15133.333333333334,0,0.3374999999999999,4764.477355957031,15133.333333333334,0,0.3374999999999999,21538.250274658203,605,5147,4556,4744,605,605,605,605,0,0,4.761904716491699,0,0,0,0,100,32353087488,8589930496,2769129472,0
199,1786320260408,884.849609375,12400,2,0.4125000000000001,781.6072998046875,12400,2,0.4125000000000001,4766.836776733398,12400,0,0.4125000000000001,4764.695327758789,12400,2,0.4125000000000001,21541.714599609375,605,5147,4556,4744,605,605,605,605,0,2.5,43.589744567871094,4.878048419952393,2.5,4.878048419952393,5,51.219512939453125,32353087488,8589930496,2866503680,0
199,1786320260608,884.8531341552734,12666.666666666668,2,0.40625,781.6139068603516,12666.666666666668,2,0.40625,4769.276519775391,12666.666666666668,0,0.40625,4764.702880859375,12666.666666666668,2,0.40625,21545.10531616211,605,5147,4556,4744,605,605,605,605,0,0,100,0,0,0,0,0,32353087488,8589930496,2866503680,0
199,1786320260808,884.8567810058594,12600,2,0.40625,781.6211853027344,12600,2,0.40625,4771.7237548828125,12600,0,0.40625,4764.711654663086,12600,2,0.40625,21548.50407409668,605,5147,4556,4744,605,605,605,605,0,0,100,0,0,0,0,0,32353087488,8589930496,2866503680,0
199,1786320261008,884.8601684570313,12600,2,0.40625,781.6279907226563,12600,2,0.40625,4774.181594848633,12600,0,0.40625,4764.718505859375,12600,2,0.40625,21551.920318603516,605,5147,4556,4744,605,605,605,605,0,0,100,0,0,0,0,0,32353087488,8589930496,2866503680,0
199,1786320261208,884.8634948730469,12533.333333333332,2,0.3999999999999999,781.6348571777344,12533.333333333332,2,0.3999999999999999,4776.629531860352,12533.333333333332,0,0.3999999999999999,4764.726119995117,12533.333333333332,2,0.3999999999999999,21555.32061767578,605,5147,4556,4744,605,605,605,605,0,0,100,0,0,0,0,0,32353087488,8589930496,2866503680,0
199,1786320261408,884.8677215576172,12333.333333333332,2,0.4125000000000001,781.6456451416016,12333.333333333332,2,0.4125000000000001,4779.053817749023,12333.333333333332,0,0.4125000000000001,4764.7392578125,12333.333333333332,2,0.4125000000000001,21558.725387573242,605,5147,4556,4744,605,605,605,605,4.761904716491699,0,45,0,0,0,55,5,32353087488,8589930496,2863702016,0
199,1786320261608,884.8713989257813,12466.666666666668,2,0.40625,781.6517181396484,12466.666666666668,2,0.40625,4781.491851806641,12466.666666666668,0,0.40625,4764.746978759766,12466.666666666668,2,0.40625,21562.118103027344,605,5147,4556,4744,605,605,605,605,0,0,0,0,0,0,100,0,32353087488,8589930496,2863702016,0
199,1786320261808,884.8748168945313,12466.666666666668,2,0.40625,781.6586456298828,12466.666666666668,2,0.40625,4783.939300537109,12466.666666666668,0,0.40625,4764.755752563477,12400,0,0.4125000000000001,21565.51791381836,605,5147,4556,4744,605,605,605,605,0,0,0,0,0,0,100,0,32353087488,8589930496,2863702016,0
199,1786320262009,884.8782958984375,12533.333333333332,2,0.40625,781.6652374267578,12533.333333333332,2,0.40625,4786.383438110352,12533.333333333332,0,0.40625,4764.764709472656,12533.333333333332,0,0.40625,21568.914489746094,605,5147,4556,4744,605,605,605,605,0,0,0,0,0,0,100,0,32353087488,8589930496,2863702016,0
199,1786320262209,884.8817901611328,12533.333333333332,0,0.3999999999999999,781.6719970703125,12533.333333333332,2,0.3999999999999999,4788.838623046875,12533.333333333332,0,0.3999999999999999,4764.773147583008,12533.333333333332,0,0.3999999999999999,21572.313690185547,605,5147,4556,4744,605,605,605,605,0,0,0,0,0,0,100,0,32353087488,8589930496,2863702016,0
199,1786320262409,884.8855285644531,12466.666666666668,2,0.4125000000000001,781.6791534423828,12466.666666666668,2,0.4125000000000001,4791.280624389648,12466.666666666668,0,0.4125000000000001,4764.780075073242,12466.666666666668,2,0.4125000000000001,21575.713989257813,605,5147,4556,4744,605,605,605,605,0,0,0,0,0,0,100,0,32353087488,8589930496,2858430464,0
199,1786320262609,884.8890686035156,12666.666666666668,2,0.3999999999999999,781.6859130859375,12666.666666666668,2,0.3999999999999999,4793.729598999023,12666.666666666668,0,0.3999999999999999,4764.789154052734,12666.666666666668,2,0.3999999999999999,21579.109313964844,605,5147,4556,4744,605,605,605,605,0,0,0,0,0,0,100,0,32353087488,8589930496,2858430464,0
199,1786320262809,884.8924407958984,12666.666666666668,2,0.3999999999999999,781.6926422119141,12666.666666666668,2,0.3999999999999999,4796.179489135742,12666.666666666668,0,0.3999999999999999,4764.797119140625,12666.666666666668,2,0.3999999999999999,21582.505493164063,605,5147,4556,4744,605,605,605,605,0,0,0,0,0,0,100,0,32353087488,8589930496,2858430464,0
199,1786320263009,884.8958282470703,12666.666666666668,2,0.3999999999999999,781.6999206542969,12666.666666666668,2,0.3999999999999999,4798.622222900391,12666.666666666668,0,0.3999999999999999,4764.804656982422,12666.666666666668,2,0.3999999999999999,21585.90476989746,605,5147,4556,4744,605,605,605,605,0,0,0,0,0,0,100,0,32353087488,8589930496,2858430464,0
199,1786320263209,884.8993072509766,12666.666666666668,2,0.3999999999999999,781.7066040039063,12666.666666666668,2,0.3999999999999999,4801.071243286133,12666.666666666668,0,0.3999999999999999,4764.8123779296875,12666.666666666668,2,0.3999999999999999,21589.302642822266,605,5147,4556,4744,605,605,605,605,0,0,0,0,0,0,100,0,32353087488,8589930496,2858430464,0
199,1786320263409,884.9034423828125,12466.666666666668,2,0.3999999999999999,781.7127380371094,12466.666666666668,2,0.3999999999999999,4803.488265991211,12466.666666666668,0,0.3999999999999999,4764.86979675293,12466.666666666668,2,0.3999999999999999,21592.72445678711,605,5147,4556,4744,605,605,605,605,0,0,0,0,0,0,100,5,32353087488,8589930496,2853593088,0
199,1786320263609,884.9072113037109,12466.666666666668,2,0.40625,781.7196655273438,12466.666666666668,2,0.40625,4805.948394775391,12466.666666666668,0,0.40625,4764.877944946289,12466.666666666668,2,0.40625,21596.125381469727,605,5147,4556,4744,605,605,605,605,0,0,0,0,0,0,100,0,32353087488,8589930496,2853593088,0
199,1786320263809,884.9107513427734,12333.333333333332,2,0.4125000000000001,781.7265167236328,12333.333333333332,2,0.4125000000000001,4808.396820068359,12333.333333333332,0,0.4125000000000001,4764.884780883789,12333.333333333332,2,0.4125000000000001,21599.527236938477,605,5147,4556,4744,605,605,605,605,0,0,0,0,0,0,100,0,32353087488,8589930496,2853593088,0
199,1786320264009,884.9141693115234,12600,2,0.40625,781.7339477539063,12600,2,0.3999999999999999,4810.840835571289,12600,0,0.3999999999999999,4764.893783569336,12600,0,0.3999999999999999,21602.91909790039,605,5147,4556,4744,605,605,605,605,0,0,0,0,0,0,100,0,32353087488,8589930496,2853593088,0
199,1786320264210,884.9176483154297,12400,2,0.40625,781.7408142089844,12400,2,0.40625,4813.293563842773,12400,0,0.40625,4764.900665283203,12400,0,0.40625,21606.32293701172,605,5147,4556,4744,605,605,605,605,0,0,0,0,0,0,100,0,32353087488,8589930496,2853593088,0
199,1786320264410,884.9219818115234,12800,2,0.3999999999999999,781.7476043701172,12800,2,0.3999999999999999,4815.73747253418,12800,0,0.3999999999999999,4764.907073974609,12800,0,0.3999999999999999,21609.716552734375,605,5147,4556,4744,605,605,605,605,0,0,0,0,0,0,100,4.761904716491699,32353087488,8589930496,2849583104,0
199,1786320264610,884.927978515625,12666.666666666668,0,0.3999999999999999,781.7546234130859,12666.666666666668,2,0.3999999999999999,4818.181137084961,12666.666666666668,0,0.3999999999999999,4764.913467407227,12666.666666666668,2,0.3999999999999999,21613.1162109375,605,5147,4556,4744,605,605,605,605,0,0,0,0,0,0,100,4.761904716491699,32353087488,8589930496,2849583104,0
199,1786320264810,884.9339904785156,12600,2,0.40625,781.7614898681641,12600,2,0.40625,4820.63249206543,12600,0,0.40625,4764.9197998046875,12600,2,0.40625,21616.514419555664,605,5147,4556,4744,605,605,605,605,0,0,0,0,0,0,100,0,32353087488,8589930496,2849583104,0
199,1786320265010,884.9393310546875,12466.666666666668,2,0.40625,781.7683868408203,12466.666666666668,2,0.40625,4823.085052490234,12466.666666666668,0,0.40625,4764.926025390625,12466.666666666668,2,0.40625,21619.917694091797,605,5147,4556,4744,605,605,605,605,0,0,0,0,0,0,100,0,32353087488,8589930496,2849583104,0
199,1786320265210,884.9445037841797,12466.666666666668,2,0.4125000000000001,781.7752685546875,12466.666666666668,2,0.4125000000000001,4825.535003662109,12466.666666666668,0,0.4125000000000001,4764.932327270508,12466.666666666668,2,0.4125000000000001,21623.31639099121,605,5147,4556,4744,605,605,605,605,0,0,0,0,0,0,100,0,32353087488,8589930496,2849583104,0
199,1786320265410,884.9495544433594,12466.666666666668,2,0.3999999999999999,781.7861480712891,12466.666666666668,2,0.3999999999999999,4827.945541381836,12466.666666666668,0,0.3999999999999999,4764.954025268555,12466.666666666668,2,0.3999999999999999,21626.696685791016,605,5147,4556,4744,605,605,605,605,0,4.761904716491699,0,0,0,0,100,4.761904716491699,32353087488,8589930496,2845847552,0
199,1786320265610,884.9539031982422,12400,2,0.4125000000000001,781.7929534912109,12400,2,0.4125000000000001,4830.3885498046875,12400,0,0.4125000000000001,4764.960494995117,12400,2,0.4125000000000001,21630.09783935547,605,5147,4556,4744,605,605,605,605,0,0,0,0,0,0,100,0,32353087488,8589930496,2845847552,0
199,1786320265810,884.9583435058594,12533.333333333332,2,0.40625,781.7999572753906,12533.333333333332,2,0.40625,4832.840866088867,12533.333333333332,0,0.40625,4764.966796875,12533.333333333332,2,0.40625,21633.509643554688,605,5147,4556,4744,605,605,605,605,0,0,0,0,0,0,100,0,32353087488,8589930496,2845847552,0
199,1786320266010,884.9635009765625,12400,2,0.40625,781.8072509765625,12400,2,0.40625,4835.291152954102,12400,0,0.40625,4764.973709106445,12400,2,0.40625,21636.912231445313,605,5147,4556,4744,605,605,605,605,0,0,0,0,0,0,100,0,32353087488,8589930496,2845847552,0
200,1786320266210,884.9668273925781,12466.666666666668,2,0.40625,781.8139801025391,12466.666666666668,2,0.40625,4837.722961425781,12466.666666666668,0,0.40625,4764.981597900391,12466.666666666668,0,0.40625,21640.2947845459,605,5147,4556,4744,605,605,605,605,0,0,0,0,0,0,100,0,32353087488,8589930496,2845847552,0
199,1786320266411,885.1378326416016,12733.333333333332,0,0.3999999999999999,782.019287109375,12733.333333333332,0,0.3999999999999999,4839.6083984375,12733.333333333332,0,0.3999999999999999,4765.202819824219,12733.333333333332,0,0.3999999999999999,21643.70686340332,605,5147,4556,4744,605,605,605,605,4.878048419952393,2.5641026496887207,22.5,5.128205299377441,2.5641026496887207,5,71.79487609863281,0,32353087488,8589930496,2854907904,0
199,1786320266611,885.1495208740234,12600,0,0.3999999999999999,782.0255737304688,12600,0,0.3999999999999999,4842.049667358398,12600,0,0.3999999999999999,4765.224670410156,12600,0,0.3999999999999999,21647.108673095703,605,5147,4556,4744,605,605,605,605,0,0,100,0,0,0,0,0,32353087488,8589930496,2854907904,0
199,1786320266811,885.1532592773438,12533.333333333332,0,0.3999999999999999,782.0321655273438,12533.333333333332,2,0.3999999999999999,4844.507598876953,12533.333333333332,0,0.3999999999999999,4765.231658935547,12533.333333333332,0,0.3999999999999999,21650.50946044922,605,5147,4556,4744,605,605,605,605,0,0,100,0,0,0,0,0,32353087488,8589930496,2854907904,0
199,1786320267011,885.156982421875,12466.666666666668,2,0.40625,782.03857421875,12466.666666666668,2,0.40625,4846.95866394043,12466.666666666668,0,0.40625,4765.238235473633,12466.666666666668,2,0.40625,21653.908966064453,605,5147,4556,4744,605,605,605,605,0,0,100,0,0,0,4.761904716491699,0,32353087488,8589930496,2854907904,0
199,1786320267211,885.1606903076172,12600,2,0.3999999999999999,782.0436096191406,12600,2,0.3999999999999999,4847.855438232422,12600,2,0.3999999999999999,4766.709487915039,12600,0,0.3999999999999999,21657.30435180664,605,5147,4556,4744,605,605,605,605,0,0,35,65,0,0,0,0,32353087488,8589930496,2854920192,0
199,1786320267411,885.1647491455078,12466.666666666668,2,0.40625,782.04736328125,12466.666666666668,2,0.40625,4847.865692138672,12466.666666666668,2,0.40625,4769.02946472168,12466.666666666668,0,0.40625,21660.707290649414,605,5147,4556,4744,605,605,605,605,0,0,0,100,0,0,0,0,32353087488,8589930496,2854920192,0
199,1786320267611,885.1683807373047,12600,2,0.40625,782.0509948730469,12600,2,0.40625,4847.877044677734,12600,2,0.40625,4771.348693847656,12600,0,0.40625,21664.100341796875,605,5147,4556,4744,605,605,605,605,0,0,0,100,0,0,0,0,32353087488,8589930496,2854920192,0
199,1786320267811,885.1717071533203,12600,2,0.3999999999999999,782.0544128417969,12600,2,0.3999999999999999,4847.886642456055,12600,2,0.3999999999999999,4773.67512512207,12600,0,0.3999999999999999,21667.50032043457,605,5147,4556,4744,605,605,605,605,0,0,0,100,0,0,0,0,32353087488,8589930496,2854920192,0
199,1786320268011,885.1753845214844,12533.333333333332,2,0.40625,782.0579376220703,12533.333333333332,2,0.40625,4847.895462036133,12533.333333333332,2,0.40625,4776.010070800781,12533.333333333332,0,0.40625,21670.917236328125,605,5147,4556,4744,605,605,605,605,0,0,0,100,0,0,0,0,32353087488,8589930496,2854920192,0
199,1786320268211,885.1788177490234,12800,2,0.3999999999999999,782.0612182617188,12800,2,0.3999999999999999,4847.904800415039,12800,2,0.3999999999999999,4778.33544921875,12800,0,0.3999999999999999,21674.30992126465,605,5147,4556,4744,605,605,605,605,0,0,0,100,0,0,0,0,32353087488,8589930496,2854920192,0
199,1786320268411,885.1823425292969,12600,2,0.3999999999999999,782.0645904541016,12600,2,0.3999999999999999,4847.916122436523,12600,2,0.3999999999999999,4780.658142089844,12600,0,0.3999999999999999,21677.713180541992,605,5147,4556,4744,605,605,605,605,0,0,0,100,0,0,0,0,32353087488,8589930496,2854920192,0
199,1786320268612,885.1857757568359,12466.666666666668,2,0.3999999999999999,782.06787109375,12466.666666666668,2,0.3999999999999999,4847.927307128906,12466.666666666668,0,0.40625,4782.976989746094,12466.666666666668,0,0.40625,21681.11457824707,605,5147,4556,4744,605,605,605,605,0,0,0,100,0,0,0,0,32353087488,8589930496,2854920192,0
199,1786320268812,885.1891479492188,12466.666666666668,2,0.40625,782.0711364746094,12466.666666666668,2,0.40625,4847.936447143555,12466.666666666668,2,0.40625,4785.29801940918,12466.666666666668,0,0.40625,21684.513626098633,605,5147,4556,4744,605,605,605,605,0,0,0,100,0,0,0,0,32353087488,8589930496,2854920192,0
199,1786320269012,885.192626953125,12466.666666666668,2,0.40625,782.0745239257813,12466.666666666668,0,0.40625,4847.9456787109375,12466.666666666668,0,0.40625,4787.616241455078,12466.666666666668,0,0.40625,21687.912078857422,605,5147,4556,4744,605,605,605,605,0,0,0,100,0,0,0,0,32353087488,8589930496,2854920192,0
199,1786320269212,885.1959991455078,12600,2,0.40625,782.0778045654297,12600,2,0.40625,4847.95491027832,12600,0,0.40625,4789.93522644043,12600,0,0.40625,21691.30876159668,605,5147,4556,4744,605,605,605,605,0,0,0,100,0,0,0,0,32353087488,8589930496,2854920192,0
199,1786320269412,885.2036285400391,12600,2,0.40625,782.147216796875,12600,2,0.40625,4850.063827514648,12533.333333333332,0,0.40625,4790.198150634766,12533.333333333332,2,0.40625,21694.708557128906,605,5147,4556,4744,605,605,605,605,0,5,90,10,0,0,0,4.761904716491699,32353087488,8589930496,2854596608,0
200,1786320269612,885.20703125,12800,2,0.3999999999999999,782.1535186767578,12866.666666666666,2,0.3999999999999999,4852.519714355469,12866.666666666666,0,0.3999999999999999,4790.204330444336,12866.666666666666,2,0.3999999999999999,21698.102142333984,605,5147,4556,4744,605,605,605,605,0,0,100,0,0,0,0,0,32353087488,8589930496,2854596608,0
199,1786320269812,885.2104187011719,12533.333333333332,2,0.40625,782.1598052978516,12533.333333333332,2,0.40625,4854.977203369141,12533.333333333332,0,0.40625,4790.210540771484,12533.333333333332,2,0.40625,21701.510696411133,605,5147,4556,4744,605,605,605,605,0,0,100,0,0,0,0,0,32353087488,8589930496,2854596608,0
199,1786320270012,885.2137756347656,12466.666666666668,2,0.40625,782.1661071777344,12466.666666666668,2,0.40625,4857.431900024414,12466.666666666668,0,0.40625,4790.216705322266,12466.666666666668,2,0.40625,21704.90837097168,605,5147,4556,4744,605,605,605,605,0,0,100,0,0,0,0,0,32353087488,8589930496,2854596608,0
199,1786320270212,885.2171630859375,12466.666666666668,2,0.4125000000000001,782.1723785400391,12466.666666666668,2,0.4125000000000001,4859.884490966797,12466.666666666668,0,0.4125000000000001,4790.222869873047,12466.666666666668,2,0.4125000000000001,21708.307205200195,605,5147,4556,4744,605,605,605,605,0,0,100,0,0,0,0,0,32353087488,8589930496,2854596608,0
200,1786320270412,885.2206420898438,12600,2,0.40625,782.1790771484375,12600,2,0.40625,4862.329483032227,12600,0,0.40625,4790.22932434082,12600,2,0.40625,21711.70118713379,605,5147,4556,4744,605,605,605,605,0,0,100,0,0,0,0,0,32353087488,8589930496,2854596608,0
199,1786320270612,885.2240447998047,12533.333333333332,2,0.3999999999999999,782.1860046386719,12533.333333333332,2,0.3999999999999999,4864.780792236328,12533.333333333332,0,0.3999999999999999,4790.235641479492,12533.333333333332,2,0.3999999999999999,21715.1015625,605,5147,4556,4744,605,605,605,605,0,0,100,0,0,0,0,0,32353087488,8589930496,2854596608,0
200,1786320270812,885.2274017333984,12533.333333333332,2,0.3999999999999999,782.1929931640625,12533.333333333332,2,0.3999999999999999,4867.234161376953,12533.333333333332,0,0.3999999999999999,4790.241806030273,12533.333333333332,2,0.3999999999999999,21718.50062561035,605,5147,4556,4744,605,605,605,605,0,0,100,0,0,0,0,0,32353087488,8589930496,2854596608,0
199,1786320271012,885.2307586669922,12400,2,0.4125000000000001,782.1999206542969,12400,2,0.4125000000000001,4869.6845703125,12400,0,0.4125000000000001,4790.247940063477,12400,2,0.4125000000000001,21721.905044555664,605,5147,4556,4744,605,605,605,605,0,0,100,0,0,0,0,0,32353087488,8589930496,2854596608,0
200,1786320271213,885.2343139648438,12600,2,0.40625,782.21484375,12600,2,0.40625,4872.110061645508,12600,0,0.40625,4790.254486083984,12600,2,0.40625,21725.314025878906,605,5147,4556,4744,605,605,605,605,0,0,100,0,0,0,0,0,32353087488,8589930496,2854596608,0
199,1786320271413,885.2466888427734,12466.666666666668,0,0.40625,782.2246398925781,12466.666666666668,0,0.40625,4874.537780761719,12466.666666666668,0,0.40625,4790.261016845703,12466.666666666668,0,0.40625,21728.719665527344,605,5147,4556,4744,605,605,605,605,0,0,95,4.761904716491699,0,0,0,0,32353087488,8589930496,2854596608,0
199,1786320271613,885.2502288818359,12666.666666666668,2,0.40625,782.2346954345703,12666.666666666668,2,0.40625,4876.986022949219,12666.666666666668,0,0.40625,4790.267471313477,12666.666666666668,2,0.40625,21732.110717773438,605,5147,4556,4744,605,605,605,605,0,0,95,4.761904716491699,0,0,0,0,32353087488,8589930496,2852311040,0
199,1786320271813,885.2536163330078,12533.333333333332,0,0.3999999999999999,782.2424011230469,12533.333333333332,0,0.3999999999999999,4879.439025878906,12533.333333333332,0,0.3999999999999999,4790.273910522461,12533.333333333332,2,0.3999999999999999,21735.51284790039,605,5147,4556,4744,605,605,605,605,0,0,100,0,0,0,0,0,32353087488,8589930496,2852311040,0
199,1786320272013,885.2570953369141,12600,2,0.3999999999999999,782.2506408691406,12600,0,0.3999999999999999,4881.893096923828,12600,0,0.3999999999999999,4790.280258178711,12600,2,0.3999999999999999,21738.910675048828,605,5147,4556,4744,605,605,605,605,0,0,100,0,0,0,0,0,32353087488,8589930496,2852311040,0
199,1786320272213,885.2604522705078,12466.666666666668,2,0.3999999999999999,782.2572631835938,12466.666666666668,2,0.3999999999999999,4884.349868774414,12466.666666666668,0,0.3999999999999999,4790.2867431640625,12466.666666666668,2,0.3999999999999999,21742.3125,605,5147,4556,4744,605,605,605,605,0,0,100,0,0,0,0,0,32353087488,8589930496,2852311040,0
199,1786320272413,885.4693450927734,16600,0,0.30000000000000004,782.5142364501953,16600,0,0.30000000000000004,4886.104354858398,16600,0,0.30000000000000004,4790.486663818359,16600,0,0.30000000000000004,21745.620223999023,605,5147,4556,4744,605,605,605,605,10.526315689086914,10,75,0,9.523809432983398,10,10,0,32353087488,8589930496,2813513728,0
199,1786320272613,885.4785614013672,12466.666666666668,2,0.3999999999999999,782.5274810791016,12466.666666666668,2,0.3999999999999999,4888.570861816406,12466.666666666668,0,0.3999999999999999,4790.49967956543,12466.666666666668,2,0.3999999999999999,21749.11882019043,605,5147,4556,4744,605,605,605,605,0,0,100,0,0,0,0,0,32353087488,8589930496,2838175744,0
199,1786320272813,885.4821624755859,12666.666666666668,2,0.40625,782.5353088378906,12666.666666666668,2,0.40625,4891.011489868164,12666.666666666668,0,0.40625,4790.506896972656,12666.666666666668,2,0.40625,21752.51171875,605,5147,4556,4744,605,605,605,605,0,0,100,0,0,0,0,0,32353087488,8589930496,2838175744,0
199,1786320273013,885.4859619140625,12600,2,0.40625,782.5419311523438,12600,2,0.40625,4893.470306396484,12600,0,0.40625,4790.517593383789,12600,2,0.40625,21755.92788696289,605,5147,4556,4744,605,605,605,605,0,0,100,0,0,0,0,0,32353087488,8589930496,2838175744,0
199,1786320273214,885.4894256591797,12733.333333333332,2,0.3999999999999999,782.5484466552734,12733.333333333332,2,0.3999999999999999,4895.907989501953,12733.333333333332,0,0.3999999999999999,4790.526092529297,12733.333333333332,2,0.3999999999999999,21759.322189331055,605,5147,4556,4744,605,605,605,605,0,0,100,4.761904716491699,0,0,0,0,32353087488,8589930496,2838470656,0
199,1786320273414,885.4941558837891,12333.333333333332,2,0.4125000000000001,782.5570220947266,12333.333333333332,2,0.4125000000000001,4898.320419311523,12333.333333333332,0,0.40625,4790.542938232422,12333.333333333332,2,0.40625,21762.730926513672,605,5147,4556,4744,605,605,605,605,0,0,100,0,0,0,0,4.761904716491699,32353087488,8589930496,2838470656,0
199,1786320273614,885.4974670410156,12600,2,0.40625,782.5661010742188,12600,2,0.40625,4900.759719848633,12600,0,0.40625,4790.549987792969,12600,2,0.40625,21766.123077392578,605,5147,4556,4744,605,605,605,605,0,0,100,0,0,0,0,4.761904716491699,32353087488,8589930496,2838470656,0
199,1786320273814,885.5010528564453,12400,2,0.4125000000000001,782.5725860595703,12400,2,0.4125000000000001,4903.207901000977,12400,0,0.4125000000000001,4790.557373046875,12400,0,0.4125000000000001,21769.526107788086,605,5147,4556,4744,605,605,605,605,0,0,100,0,0,0,0,0,32353087488,8589930496,2838470656,0
199,1786320274014,885.5044555664063,12466.666666666668,2,0.4125000000000001,782.5787200927734,12466.666666666668,2,0.4125000000000001,4905.647659301758,12400,0,0.4125000000000001,4790.564743041992,12400,0,0.4125000000000001,21772.923553466797,605,5147,4556,4744,605,605,605,605,0,0,100,0,0,0,0,0,32353087488,8589930496,2838470656,0
199,1786320274214,885.5078430175781,12466.666666666668,2,0.40625,782.5853881835938,12466.666666666668,2,0.40625,4908.091354370117,12466.666666666668,0,0.40625,4790.572296142578,12466.666666666668,0,0.40625,21776.324493408203,605,5147,4556,4744,605,605,605,605,0,0,100,0,0,0,0,0,32353087488,8589930496,2838470656,0
199,1786320274414,885.5115203857422,12333.333333333332,2,0.4125000000000001,782.5919036865234,12333.333333333332,2,0.4125000000000001,4910.527267456055,12333.333333333332,0,0.4125000000000001,4790.581924438477,12333.333333333332,0,0.4125000000000001,21779.723205566406,605,5147,4556,4744,605,605,605,605,0,0,100,0,0,0,0,0,32353087488,8589930496,2838470656,0
199,1786320274614,885.5149230957031,12400,2,0.40625,782.5979614257813,12400,2,0.40625,4912.959457397461,12400,0,0.40625,4790.589141845703,12400,2,0.40625,21783.120315551758,605,5147,4556,4744,605,605,605,605,0,0,100,0,0,0,0,0,32353087488,8589930496,2838470656,0
199,1786320274814,885.5182647705078,12666.666666666668,2,0.3999999999999999,782.6040191650391,12666.666666666668,2,0.3999999999999999,4915.395202636719,12666.666666666668,0,0.3999999999999999,4790.596771240234,12666.666666666668,2,0.3999999999999999,21786.51007080078,605,5147,4556,4744,605,605,605,605,0,0,100,4.761904716491699,0,0,0,0,32353087488,8589930496,2838470656,0
199,1786320275014,885.5216827392578,12666.666666666668,2,0.3999999999999999,782.6101989746094,12666.666666666668,2,0.3999999999999999,4917.838180541992,12666.666666666668,0,0.3999999999999999,4790.604934692383,12666.666666666668,2,0.3999999999999999,21789.909103393555,605,5147,4556,4744,605,605,605,605,0,0,100,0,0,0,0,0,32353087488,8589930496,2838470656,0
199,1786320275214,885.5250854492188,12666.666666666668,2,0.3999999999999999,782.6169738769531,12666.666666666668,2,0.3999999999999999,4920.281585693359,12666.666666666668,0,0.3999999999999999,4790.61344909668,12666.666666666668,2,0.3999999999999999,21793.312072753906,605,5147,4556,4744,605,605,605,605,0,0,100,0,0,0,0,0,32353087488,8589930496,2838470656,0
199,1786320275414,885.5318298339844,12466.666666666668,2,0.40625,782.6227416992188,12466.666666666668,2,0.40625,4922.690826416016,12466.666666666668,0,0.40625,4790.669219970703,12466.666666666668,2,0.40625,21796.72984313965,605,5147,4556,4744,605,605,605,605,0,0,100,0,0,0,4.761904716491699,5,32353087488,8589930496,2836578304,0
199,1786320275615,885.5355529785156,12400,2,0.4125000000000001,782.6288909912109,12400,2,0.4125000000000001,4925.123672485352,12400,0,0.4125000000000001,4790.680603027344,12400,2,0.4125000000000001,21800.132232666016,605,5147,4556,4744,605,605,605,605,0,0,100,0,0,0,0,0,32353087488,8589930496,2836578304,0
199,1786320275815,885.5388031005859,12733.333333333332,2,0.3999999999999999,782.6350708007813,12733.333333333332,2,0.3999999999999999,4927.556991577148,12733.333333333332,0,0.3999999999999999,4790.690689086914,12733.333333333332,2,0.3999999999999999,21803.522003173828,605,5147,4556,4744,605,605,605,605,0,0,100,0,0,0,0,4.761904716491699,32353087488,8589930496,2836578304,0
199,1786320276015,885.5441436767578,12533.333333333332,2,0.40625,782.6411743164063,12533.333333333332,2,0.40625,4929.997299194336,12533.333333333332,0,0.40625,4790.697799682617,12533.333333333332,2,0.40625,21806.92562866211,605,5147,4556,4744,605,605,605,605,0,0,100,0,0,0,0,0,32353087488,8589930496,2836578304,0
199,1786320276215,885.5475921630859,12533.333333333332,2,0.40625,782.6482238769531,12533.333333333332,2,0.40625,4932.426605224609,12533.333333333332,0,0.40625,4790.707107543945,12600,2,0.40625,21810.324951171875,605,5147,4556,4744,605,605,605,605,0,0,100,0,0,0,0,0,32353087488,8589930496,2836578304,0
199,1786320276415,885.5513763427734,12466.666666666668,2,0.40625,782.6544036865234,12466.666666666668,2,0.40625,4934.862533569336,12466.666666666668,0,0.40625,4790.717239379883,12466.666666666668,2,0.40625,21813.726104736328,605,5147,4556,4744,605,605,605,605,0,0,100,0,0,0,0,0,32353087488,8589930496,2836578304,0
199,1786320276615,885.5549163818359,12400,2,0.40625,782.6605377197266,12400,2,0.40625,4937.300674438477,12400,0,0.40625,4790.726959228516,12400,0,0.40625,21817.12693786621,605,5147,4556,4744,605,605,605,605,0,0,100,0,0,0,0,0,32353087488,8589930496,2836578304,0
199,1786320276815,885.5582885742188,12600,2,0.40625,782.6666564941406,12600,2,0.40625,4939.731369018555,12600,0,0.40625,4790.73649597168,12600,0,0.40625,21820.520095825195,605,5147,4556,4744,605,605,605,605,0,0,100,0,0,0,0,0,32353087488,8589930496,2836578304,0
199,1786320277015,885.5615539550781,12600,2,0.3999999999999999,782.6727752685547,12600,2,0.3999999999999999,4942.175888061523,12600,0,0.3999999999999999,4790.743591308594,12600,2,0.3999999999999999,21823.920288085938,605,5147,4556,4744,605,605,605,605,0,0,100,0,0,0,0,0,32353087488,8589930496,2836578304,0
199,1786320277215,885.5650329589844,12666.666666666668,2,0.3999999999999999,782.6799468994141,12666.666666666668,2,0.3999999999999999,4944.6134033203125,12666.666666666668,0,0.3999999999999999,4790.752349853516,12666.666666666668,2,0.3999999999999999,21827.317108154297,605,5147,4556,4744,605,605,605,605,0,0,100,0,0,0,0,0,32353087488,8589930496,2836578304,0
199,1786320277415,885.5702972412109,12400,2,0.4125000000000001,782.6940460205078,12400,2,0.4125000000000001,4947.002090454102,12400,0,0.4125000000000001,4790.77360534668,12400,2,0.4125000000000001,21830.72068786621,605,5147,4556,4744,605,605,605,605,0,4.761904716491699,100,0,0,0,0,0,32353087488,8589930496,2835251200,0
199,1786320277615,885.5743408203125,12466.666666666668,2,0.4125000000000001,782.700927734375,12466.666666666668,2,0.4125000000000001,4949.42756652832,12466.666666666668,0,0.4125000000000001,4790.783264160156,12466.666666666668,2,0.4125000000000001,21834.121170043945,605,5147,4556,4744,605,605,605,605,0,4.761904716491699,100,0,0,0,0,0,32353087488,8589930496,2835251200,0
199,1786320277816,885.5780029296875,12333.333333333332,2,0.4125000000000001,782.707763671875,12333.333333333332,2,0.4125000000000001,4951.85969543457,12333.333333333332,0,0.4125000000000001,4790.790451049805,12333.333333333332,2,0.4125000000000001,21837.520614624023,605,5147,4556,4744,605,605,605,605,0,0,100,4.761904716491699,0,0,0,0,32353087488,8589930496,2835251200,0
199,1786320278016,885.5813751220703,12466.666666666668,2,0.40625,782.7145080566406,12466.666666666668,2,0.40625,4954.296783447266,12466.666666666668,0,0.40625,4790.797607421875,12466.666666666668,2,0.40625,21840.93406677246,605,5147,4556,4744,605,605,605,605,0,0,100,0,0,0,0,0,32353087488,8589930496,2835251200,0
199,1786320278216,885.5849304199219,12400,2,0.40625,782.7213287353516,12400,2,0.40625,4956.7373046875,12400,0,0.40625,4790.806289672852,12400,2,0.40625,21844.33366394043,605,5147,4556,4744,605,605,605,605,0,0,100,0,0,0,0,0,32353087488,8589930496,2835251200,0
199,1786320278416,885.5891265869141,14000,2,0.375,782.7290802001953,14000,2,0.375,4959.124084472656,14000,0,0.375,4790.815490722656,14000,2,0.375,21847.69598388672,605,5147,4556,4744,605,605,605,605,0,0,100,0,0,0,0,0,32353087488,8589930496,2759303168,0
199,1786320278616,885.7335357666016,12866.666666666666,2,0.3999999999999999,782.9343719482422,12866.666666666666,2,0.3999999999999999,4959.393081665039,12866.666666666666,2,0.3999999999999999,4792.719192504883,12866.666666666666,0,0.3999999999999999,21851.126922607422,605,5147,4556,4744,605,605,605,605,5,5.263157844543457,10.526315689086914,5.263157844543457,5,10,0,76.19047546386719,32353087488,8589930496,2870472704,0
200,1786320278816,885.7380065917969,12533.333333333332,2,0.40625,782.9378509521484,12533.333333333332,2,0.40625,4959.3992919921875,12533.333333333332,2,0.40625,4795.195541381836,12533.333333333332,0,0.40625,21854.53302001953,605,5147,4556,4744,605,605,605,605,0,0,0,0,0,0,0,100,32353087488,8589930496,2870472704,0
199,1786320279016,885.7585601806641,12533.333333333332,0,0.40625,782.9417419433594,12533.333333333332,0,0.40625,4959.40559387207,12533.333333333332,2,0.40625,4797.623092651367,12533.333333333332,0,0.40625,21857.931610107422,605,5147,4556,4744,605,605,605,605,0,0,0,47.619049072265625,0,0,0,52.6315803527832,32353087488,8589930496,2870472704,0
199,1786320279216,885.7632446289063,12333.333333333332,0,0.4125000000000001,782.9451446533203,12333.333333333332,0,0.4125000000000001,4959.412307739258,12333.333333333332,2,0.4125000000000001,4800.082901000977,12333.333333333332,0,0.4125000000000001,21861.334182739258,605,5147,4556,4744,605,605,605,605,0,0,0,100,0,0,0,0,32353087488,8589930496,2870472704,0
199,1786320279416,885.7685852050781,12666.666666666668,0,0.3999999999999999,782.9497680664063,12666.666666666668,2,0.3999999999999999,4959.421035766602,12666.666666666668,2,0.3999999999999999,4802.530136108398,12666.666666666668,0,0.3999999999999999,21864.72640991211,605,5147,4556,4744,605,605,605,605,0,0,0,100,0,0,0,0,32353087488,8589930496,2870472704,0
199,1786320279616,885.7732543945313,12466.666666666668,2,0.3999999999999999,782.9533996582031,12466.666666666668,2,0.3999999999999999,4959.428115844727,12466.666666666668,2,0.3999999999999999,4804.99755859375,12466.666666666668,0,0.3999999999999999,21868.128616333008,605,5147,4556,4744,605,605,605,605,0,0,0,100,0,0,0,0,32353087488,8589930496,2870472704,0
199,1786320279816,885.7776031494141,12600,2,0.40625,782.9569244384766,12600,2,0.40625,4959.43505859375,12600,2,0.40625,4807.458938598633,12600,0,0.40625,21871.523147583008,605,5147,4556,4744,605,605,605,605,0,0,0,100,0,0,0,0,32353087488,8589930496,2870472704,0
199,1786320280017,885.7819213867188,12400,2,0.40625,782.9603576660156,12400,2,0.40625,4959.443450927734,12400,2,0.40625,4809.922302246094,12400,0,0.40625,21874.926239013672,605,5147,4556,4744,605,605,605,605,0,0,0,100,0,0,0,0,32353087488,8589930496,2870472704,0
199,1786320280217,885.7862701416016,12466.666666666668,2,0.40625,782.9640960693359,12466.666666666668,2,0.40625,4959.45182800293,12466.666666666668,2,0.40625,4812.384719848633,12466.666666666668,0,0.40625,21878.32472229004,605,5147,4556,4744,605,605,605,605,0,0,0,100,0,0,0,0,32353087488,8589930496,2870472704,0
199,1786320280417,885.7920837402344,12533.333333333332,2,0.40625,782.9678955078125,12533.333333333332,2,0.40625,4959.4588623046875,12533.333333333332,2,0.40625,4814.860458374023,12533.333333333332,0,0.40625,21881.7384185791,605,5147,4556,4744,605,605,605,605,0,0,0,100,0,0,0,0,32353087488,8589930496,2870931456,0
199,1786320280617,885.7955322265625,12533.333333333332,2,0.40625,782.9718475341797,12533.333333333332,2,0.40625,4959.466812133789,12533.333333333332,2,0.40625,4817.323867797852,12533.333333333332,0,0.40625,21885.137908935547,605,5147,4556,4744,605,605,605,605,0,0,0,100,0,0,0,0,32353087488,8589930496,2870931456,0
199,1786320280817,885.7988128662109,12533.333333333332,2,0.40625,782.9756622314453,12533.333333333332,2,0.40625,4959.475769042969,12533.333333333332,2,0.40625,4819.788604736328,12533.333333333332,0,0.40625,21888.534866333008,605,5147,4556,4744,605,605,605,605,0,0,0,100,0,0,0,0,32353087488,8589930496,2870931456,0
199,1786320281017,885.8022003173828,12533.333333333332,2,0.40625,782.9793853759766,12533.333333333332,2,0.40625,4959.485092163086,12533.333333333332,2,0.40625,4822.255844116211,12533.333333333332,0,0.40625,21891.93406677246,605,5147,4556,4744,605,605,605,605,0,0,0,100,0,0,0,0,32353087488,8589930496,2870931456,0
199,1786320281217,885.8054962158203,12600,2,0.40625,782.9828338623047,12600,2,0.40625,4959.492370605469,12600,2,0.40625,4824.715316772461,12600,0,0.40625,21895.33171081543,605,5147,4556,4744,605,605,605,605,0,0,0,100,0,0,0,0,32353087488,8589930496,2870931456,0
199,1786320281417,885.8135681152344,12466.666666666668,2,0.3999999999999999,782.9940643310547,12466.666666666668,0,0.3999999999999999,4961.716445922852,12466.666666666668,0,0.3999999999999999,4824.930389404297,12466.666666666668,0,0.3999999999999999,21898.733184814453,605,5147,4556,4744,605,605,605,605,0,0,90,5.263157844543457,0,0,0,0,32353087488,8589930496,2866204672,0
199,1786320281617,885.8173828125,12533.333333333332,2,0.40625,783.0003356933594,12533.333333333332,0,0.40625,4964.176406860352,12533.333333333332,0,0.40625,4824.9368896484375,12533.333333333332,0,0.40625,21902.131072998047,605,5147,4556,4744,605,605,605,605,0,0,100,0,0,0,0,0,32353087488,8589930496,2866204672,0
199,1786320281817,885.8214721679688,12666.666666666668,2,0.3999999999999999,783.0066223144531,12666.666666666668,2,0.3999999999999999,4966.637802124023,12666.666666666668,0,0.3999999999999999,4824.943450927734,12666.666666666668,0,0.3999999999999999,21905.525482177734,605,5147,4556,4744,605,605,605,605,0,0,100,0,0,0,4.761904716491699,0,32353087488,8589930496,2866204672,0
200,1786320282017,885.8255615234375,12533.333333333332,2,0.40625,783.0129089355469,12533.333333333332,2,0.40625,4969.097503662109,12533.333333333332,0,0.40625,4824.949981689453,12533.333333333332,2,0.40625,21908.93067932129,605,5147,4556,4744,605,605,605,605,0,0,100,0,0,0,0,0,32353087488,8589930496,2866204672,0
199,1786320282218,885.8301391601563,12666.666666666668,2,0.3999999999999999,783.0191650390625,12666.666666666668,2,0.3999999999999999,4971.551376342773,12666.666666666668,0,0.3999999999999999,4824.956802368164,12666.666666666668,2,0.3999999999999999,21912.324142456055,605,5147,4556,4744,605,605,605,605,0,0,100,4.761904716491699,0,0,0,0,32353087488,8589930496,2862018560,0
199,1786320282418,885.8346710205078,12933.333333333334,2,0.39375000000000004,783.0339202880859,12933.333333333334,2,0.39375000000000004,4973.9769287109375,12933.333333333334,0,0.39375000000000004,4824.963714599609,12933.333333333334,2,0.39375000000000004,21915.717376708984,605,5147,4556,4744,605,605,605,605,0,0,100,5,0,0,4.761904716491699,0,32353087488,8589930496,2861776896,0
199,1786320282618,885.8387908935547,12400,2,0.40625,783.0402221679688,12400,2,0.40625,4976.433609008789,12400,0,0.40625,4824.970550537109,12400,2,0.40625,21919.130340576172,605,5147,4556,4744,605,605,605,605,0,0,100,0,0,0,0,0,32353087488,8589930496,2861776896,0
199,1786320282818,885.843017578125,12466.666666666668,2,0.40625,783.0465698242188,12466.666666666668,2,0.40625,4978.895584106445,12466.666666666668,0,0.40625,4824.977035522461,12466.666666666668,2,0.40625,21922.527084350586,605,5147,4556,4744,605,605,605,605,0,0,100,0,0,0,0,0,32353087488,8589930496,2861776896,0
199,1786320283018,885.8471069335938,12600,2,0.40625,783.0528259277344,12600,2,0.40625,4981.369171142578,12600,0,0.40625,4824.98405456543,12600,2,0.40625,21925.940643310547,605,5147,4556,4744,605,605,605,605,0,0,100,0,0,0,0,0,32353087488,8589930496,2861776896,0
199,1786320283218,885.8508148193359,12400,2,0.40625,783.0591888427734,12400,2,0.40625,4983.82746887207,12400,0,0.40625,4824.990463256836,12400,2,0.40625,21929.34457397461,605,5147,4556,4744,605,605,605,605,0,0,100,0,0,0,0,0,32353087488,8589930496,2858188800,0
199,1786320283418,885.8547668457031,12800,2,0.3999999999999999,783.0658874511719,12800,2,0.3999999999999999,4986.278244018555,12800,0,0.3999999999999999,4824.998550415039,12800,2,0.3999999999999999,21932.731811523438,605,5147,4556,4744,605,605,605,605,0,0,100,0,4.761904716491699,0,0,0,32353087488,8589930496,2858188800,0
199,1786320283618,885.8589630126953,12466.666666666668,2,0.40625,783.0723266601563,12466.666666666668,0,0.40625,4988.740051269531,12466.666666666668,0,0.40625,4825.005813598633,12466.666666666668,0,0.40625,21936.1395111084,605,5147,4556,4744,605,605,605,605,0,0,100,0,0,0,0,0,32353087488,8589930496,2858188800,0
199,1786320283818,885.8634338378906,12666.666666666668,2,0.3999999999999999,783.0792846679688,12666.666666666668,0,0.3999999999999999,4991.196472167969,12666.666666666668,0,0.3999999999999999,4825.012359619141,12666.666666666668,0,0.3999999999999999,21939.53546142578,605,5147,4556,4744,605,605,605,605,0,0,100,0,0,0,0,0,32353087488,8589930496,2858188800,0
199,1786320284018,885.8677825927734,12466.666666666668,2,0.3999999999999999,783.0855407714844,12466.666666666668,0,0.3999999999999999,4993.656646728516,12466.666666666668,0,0.3999999999999999,4825.018783569336,12466.666666666668,0,0.3999999999999999,21942.937622070313,605,5147,4556,4744,605,605,605,605,0,0,100,0,0,0,0,0,32353087488,8589930496,2858188800,0
199,1786320284218,885.8720550537109,12533.333333333332,2,0.40625,783.0918121337891,12533.333333333332,2,0.40625,4996.115859985352,12533.333333333332,0,0.40625,4825.025329589844,12533.333333333332,2,0.40625,21946.336303710938,605,5147,4556,4744,605,605,605,605,0,0,100,0,0,0,0,0,32353087488,8589930496,2854612992,0
200,1786320284418,885.8760833740234,12666.666666666668,2,0.40625,783.0985107421875,12666.666666666668,2,0.40625,4998.574264526367,12666.666666666668,0,0.40625,4825.032196044922,12666.666666666668,2,0.40625,21949.731658935547,605,5147,4556,4744,605,605,605,605,0,0,100,0,0,0,0,0,32353087488,8589930496,2854612992,0
0,1786320284619,885.9320068359375,28800,0,1.40625,783.1552734375,28800,0,1.40625,4999.662902832031,28800,0,1.40625,4825.094528198242,28800,0,1.40625,21951.77964782715,605,5147,4556,4744,605,605,605,605,4.761904716491699,4.761904716491699,45,0,4.545454502105713,0,0,0,32353087488,8589930496,2733907968,0
