Delta,Time,CORE0_ENERGY (J),CORE0_FREQ (MHZ),CORE0_PSTATE,CORE0_VOLT (V),CORE1_ENERGY (J),CORE1_FREQ (MHZ),CORE1_PSTATE,CORE1_VOLT (V),CORE2_ENERGY (J),CORE2_FREQ (MHZ),CORE2_PSTATE,CORE2_VOLT (V),CORE3_ENERGY (J),CORE3_FREQ (MHZ),CORE3_PSTATE,CORE3_VOLT (V),CPU_ENERGY (J),CPU_FREQUENCY_0,CPU_FREQUENCY_1,CPU_FREQUENCY_2,CPU_FREQUENCY_3,CPU_FREQUENCY_4,CPU_FREQUENCY_5,CPU_FREQUENCY_6,CPU_FREQUENCY_7,CPU_USAGE_0,CPU_USAGE_1,CPU_USAGE_2,CPU_USAGE_3,CPU_USAGE_4,CPU_USAGE_5,CPU_USAGE_6,CPU_USAGE_7,TOTAL_MEMORY,TOTAL_SWAP,USED_MEMORY,USED_SWAP
0,1786320102871,878.4660339355469,300,2,0.7125,774.2679290771484,300,2,0.7125,4192.060073852539,300,2,0.7125,4163.55403137207,300,0,0.7125,19663.11393737793,605,605,2912,4518,605,605,605,605,0,7.692307949066162,0,4,7.692307949066162,8,4,0,32353087488,8589930496,2730926080,0
200,1786320102871,878.4660339355469,300,2,0.7125,774.2679290771484,300,2,0.7125,4192.060073852539,300,2,0.7125,4163.55403137207,300,0,0.7125,19663.11393737793,605,605,2912,4518,605,605,605,605,0,7.692307949066162,0,4,7.692307949066162,8,4,0,32353087488,8589930496,2730926080,0
200,1786320103071,878.5797882080078,16266.666666666666,2,0.28125,774.396484375,16266.666666666666,2,0.28125,4192.241104125977,16266.666666666666,2,0.28125,4165.801483154297,16266.666666666666,0,0.28125,19666.99462890625,605,605,2912,4518,605,605,605,605,5,0,0,0,0,0,4.761904716491699,77.2727279663086,32353087488,8589930496,2841825280,0
199,1786320103271,878.5894622802734,16133.333333333334,0,0.29374999999999996,774.4104156494141,16133.333333333334,0,0.29374999999999996,4192.313705444336,16133.333333333334,2,0.29374999999999996,4168.57470703125,16133.333333333334,0,0.29374999999999996,19671.17578125,605,605,2912,4518,605,605,605,605,4.761904716491699,0,5,33.333335876464844,0,0,0,73.68421173095703,32353087488,8589930496,2841829376,0
199,1786320103471,878.59765625,15533.333333333334,2,0.3062499999999999,774.4286804199219,15533.333333333334,0,0.3062499999999999,4192.322952270508,15533.333333333334,2,0.3062499999999999,4171.393157958984,15533.333333333334,0,0.3062499999999999,19675.381072998047,605,605,2912,4518,605,605,605,605,0,0,0,100,0,0,0,0,32353087488,8589930496,2841829376,0
199,1786320103672,878.6055297851563,16133.333333333334,2,0.30000000000000004,774.4383544921875,16133.333333333334,2,0.30000000000000004,4192.330337524414,16133.333333333334,2,0.30000000000000004,4174.227981567383,16133.333333333334,0,0.30000000000000004,19679.577072143555,605,605,2912,4518,605,605,605,605,0,0,0,100,0,0,0,0,32353087488,8589930496,2841829376,0
199,1786320103872,878.6137084960938,15266.666666666666,2,0.3125,774.4471130371094,15266.666666666666,2,0.3125,4192.341049194336,15266.666666666666,2,0.3125,4177.04638671875,15266.666666666666,0,0.3125,19683.760803222656,605,605,2912,4518,605,605,605,605,0,0,4.761904716491699,100,0,5,0,0,32353087488,8589930496,2841829376,0
199,1786320104072,878.6214447021484,15266.666666666666,2,0.31874999999999987,774.4568176269531,15266.666666666666,2,0.31874999999999987,4192.348358154297,15266.666666666666,2,0.31874999999999987,4179.879928588867,15266.666666666666,0,0.31874999999999987,19687.9617767334,605,605,2912,4518,605,605,605,605,0,0,0,100,0,0,0,0,32353087488,8589930496,2841829376,0
199,1786320104272,878.6308898925781,15266.666666666666,2,0.3125,774.4634552001953,15266.666666666666,2,0.3125,4192.356216430664,15266.666666666666,2,0.3125,4182.720809936523,15266.666666666666,0,0.3125,19692.160614013672,605,605,2912,4518,605,605,605,605,0,0,0,100,0,0,0,0,32353087488,8589930496,2841829376,0
199,1786320104472,878.6397552490234,15333.333333333334,2,0.3125,774.4710083007813,15333.333333333334,2,0.3125,4192.368392944336,15333.333333333334,2,0.3125,4185.552337646484,15333.333333333334,0,0.3125,19696.36004638672,605,605,2912,4518,605,605,605,605,0,0,4.761904716491699,100,0,0,0,0,32353087488,8589930496,2841829376,0
199,1786320104672,878.6478881835938,15933.333333333334,2,0.29374999999999996,774.4773406982422,15933.333333333334,2,0.29374999999999996,4192.376007080078,15933.333333333334,2,0.29374999999999996,4188.395797729492,15933.333333333334,0,0.29374999999999996,19700.55487060547,605,605,2912,4518,605,605,605,605,0,0,0,100,0,0,0,0,32353087488,8589930496,2841829376,0
199,1786320104872,878.6559143066406,15466.666666666666,2,0.3062499999999999,774.4841156005859,15466.666666666666,2,0.3062499999999999,4192.383773803711,15466.666666666666,2,0.3062499999999999,4191.257415771484,15466.666666666666,0,0.3062499999999999,19704.781356811523,605,605,2912,4518,605,605,605,605,0,0,0,100,0,0,0,0,32353087488,8589930496,2841829376,0
199,1786320105072,878.6671447753906,15933.333333333334,2,0.29374999999999996,774.4910888671875,15933.333333333334,2,0.29374999999999996,4192.396484375,15933.333333333334,2,0.29374999999999996,4194.078170776367,15933.333333333334,0,0.29374999999999996,19708.97605895996,605,605,2912,4518,605,605,605,605,0,0,0,100,0,0,0,0,32353087488,8589930496,2841829376,0
199,1786320105272,878.6824188232422,15533.333333333334,2,0.31874999999999987,774.6149291992188,15533.333333333334,2,0.3125,4192.405548095703,15533.333333333334,0,0.3125,4196.764068603516,15533.333333333334,0,0.3125,19713.180877685547,605,605,2912,4518,605,605,605,605,0,5,0,95,0,0,4.761904716491699,0,32353087488,8589930496,2841829376,0
199,1786320105472,878.6912078857422,15933.333333333334,2,0.29374999999999996,774.622314453125,15933.333333333334,2,0.29374999999999996,4192.422424316406,15933.333333333334,0,0.29374999999999996,4199.600677490234,15933.333333333334,0,0.29374999999999996,19717.375289916992,605,605,2912,4518,605,605,605,605,4.761904716491699,0,0,100,0,0,0,0,32353087488,8589930496,2841829376,0
199,1786320105672,878.7001495361328,15133.333333333334,2,0.31874999999999987,774.6292114257813,15133.333333333334,2,0.31874999999999987,4192.433319091797,15133.333333333334,0,0.31874999999999987,4202.446533203125,15133.333333333334,0,0.31874999999999987,19721.582748413086,605,605,2912,4518,605,605,605,605,0,0,0,100,0,0,0,0,32353087488,8589930496,2841829376,0
199,1786320105872,878.7067413330078,15666.666666666666,2,0.3062499999999999,774.6355895996094,15666.666666666666,2,0.3062499999999999,4192.446212768555,15666.666666666666,0,0.3062499999999999,4205.296859741211,15666.666666666666,0,0.3062499999999999,19725.78045654297,605,605,2912,4518,605,605,605,605,0,0,0,100,0,0,0,0,32353087488,8589930496,2841829376,0
199,1786320106073,878.7132110595703,15800,2,0.30000000000000004,774.641845703125,15800,2,0.30000000000000004,4192.455642700195,15800,2,0.30000000000000004,4208.15185546875,15800,0,0.30000000000000004,19729.9783782959,605,605,2912,4518,605,605,605,605,0,0,4.761904716491699,100,0,0,0,0,32353087488,8589930496,2841829376,0
199,1786320106273,878.7220611572266,16066.666666666666,2,0.28749999999999987,774.6491088867188,16066.666666666666,2,0.28749999999999987,4192.4678955078125,16066.666666666666,2,0.28749999999999987,4210.98664855957,16066.666666666666,0,0.28749999999999987,19734.17514038086,605,605,2912,4518,605,605,605,605,0,0,0,100,0,0,0,0,32353087488,8589930496,2841829376,0
199,1786320106473,878.7302398681641,15266.666666666666,2,0.3125,774.6572723388672,15266.666666666666,2,0.3125,4195.278656005859,15266.666666666666,0,0.3125,4210.995132446289,15266.666666666666,2,0.3125,19738.382431030273,605,605,2912,4518,605,605,605,605,0,0,100,0,0,0,0,0,32353087488,8589930496,2841829376,0
199,1786320106673,878.7378540039063,15400,2,0.3125,774.6644439697266,15400,2,0.3125,4198.104568481445,15400,0,0.3125,4211.00407409668,15400,2,0.3125,19742.58235168457,605,605,2912,4518,605,605,605,605,0,0,100,0,0,0,0,0,32353087488,8589930496,2841829376,0
199,1786320106873,878.7462005615234,16400,2,0.28125,774.6733703613281,16400,2,0.28125,4200.921081542969,16400,0,0.28125,4211.019378662109,16400,2,0.28125,19746.795043945313,605,605,2912,4518,605,605,605,605,0,0,100,0,0,0,0,0,32353087488,8589930496,2841829376,0
199,1786320107073,878.7537689208984,15466.666666666666,2,0.30000000000000004,774.6805267333984,15466.666666666666,2,0.30000000000000004,4203.734237670898,15466.666666666666,0,0.30000000000000004,4211.031097412109,15466.666666666666,2,0.30000000000000004,19751.00325012207,605,605,2912,4518,605,605,605,605,0,0,100,0,0,0,0,0,32353087488,8589930496,2841829376,0
199,1786320107273,878.7614593505859,15066.666666666666,2,0.32499999999999996,774.6876525878906,15066.666666666666,2,0.32499999999999996,4206.551254272461,15066.666666666666,0,0.32499999999999996,4211.038818359375,15066.666666666666,2,0.32499999999999996,19755.205169677734,605,605,2912,4518,605,605,605,605,0,0,100,0,0,0,0,0,32353087488,8589930496,2841829376,0
199,1786320107473,878.7700653076172,15400,2,0.3125,774.6969757080078,15400,2,0.3125,4209.359085083008,15400,0,0.3125,4211.050979614258,15400,2,0.3125,19759.382446289063,605,605,2912,4518,605,605,605,605,0,0,100,0,0,0,0,0,32353087488,8589930496,2841829376,0
199,1786320107673,878.7791748046875,15400,2,0.3125,774.7062072753906,15400,2,0.3125,4212.180465698242,15400,0,0.3125,4211.062164306641,15400,2,0.3125,19763.515853881836,605,605,2912,4518,605,605,605,605,0,0,100,0,0,0,0,0,32353087488,8589930496,2841829376,0
199,1786320107873,878.7870025634766,16000,2,0.28749999999999987,774.7143707275391,16000,2,0.28749999999999987,4215.012496948242,15600,0,0.28749999999999987,4211.073196411133,15600,0,0.28749999999999987,19767.713256835938,605,605,2912,4518,605,605,605,605,0,0,100,0,0,0,0,0,32353087488,8589930496,2841829376,0
199,1786320108074,878.7952117919922,16200,2,0.28749999999999987,774.7230377197266,16200,2,0.28749999999999987,4217.829376220703,16200,0,0.28749999999999987,4211.082366943359,16200,0,0.28749999999999987,19771.909912109375,605,605,2912,4518,605,605,605,605,4.761904716491699,0,100,0,0,0,0,0,32353087488,8589930496,2841829376,0
199,1786320108274,878.8031311035156,16000,2,0.28749999999999987,774.7302551269531,16000,2,0.28749999999999987,4220.659744262695,16000,0,0.28749999999999987,4211.095245361328,16000,0,0.28749999999999987,19776.111602783203,605,605,2912,4518,605,605,605,605,0,0,100,0,0,0,0,0,32353087488,8589930496,2841829376,0
199,1786320108474,878.8111724853516,15533.333333333334,2,0.3125,774.7376251220703,15533.333333333334,2,0.3125,4223.482879638672,15533.333333333334,0,0.3125,4211.105529785156,15533.333333333334,2,0.3125,19780.315139770508,605,605,2912,4518,605,605,605,605,0,0,0,0,0,0,100,4.761904716491699,32353087488,8589930496,2841829376,0
199,1786320108674,878.8192901611328,16400,2,0.30000000000000004,774.7458953857422,16400,2,0.30000000000000004,4226.293106079102,16400,0,0.30000000000000004,4211.116424560547,16400,2,0.30000000000000004,19784.511184692383,605,605,2912,4518,605,605,605,605,0,0,0,0,0,0,100,0,32353087488,8589930496,2841829376,0
199,1786320108874,879.0092620849609,16466.666666666664,2,0.28749999999999987,774.9519500732422,16466.666666666664,2,0.28749999999999987,4228.344268798828,16466.666666666664,0,0.28749999999999987,4211.319076538086,16466.666666666664,2,0.28749999999999987,19788.406158447266,605,605,2912,4518,605,605,605,605,9.523809432983398,5,42.105262756347656,9.523809432983398,5,5,35,5,32353087488,8589930496,2844569600,0
199,1786320109074,879.0313568115234,15333.333333333334,2,0.31874999999999987,774.9785766601563,15333.333333333334,2,0.31874999999999987,4231.130920410156,15333.333333333334,0,0.31874999999999987,4211.348403930664,15333.333333333334,2,0.31874999999999987,19792.611419677734,605,605,2912,4518,605,605,605,605,0,0,100,0,0,5,0,0,32353087488,8589930496,2844569600,0
199,1786320109274,879.0503234863281,15600,2,0.3125,775.0071716308594,15600,2,0.3125,4233.929718017578,15600,0,0.3125,4211.36051940918,15600,2,0.3125,19796.809951782227,605,605,2912,4518,605,605,605,605,0,0,100,0,0,0,0,0,32353087488,8589930496,2844569600,0
199,1786320109474,879.0655975341797,15400,2,0.3125,775.0167694091797,15400,2,0.3125,4236.745651245117,15400,0,0.3125,4211.374099731445,15400,2,0.3125,19801.01107788086,605,605,2912,4518,605,605,605,605,0,0,100,0,0,0,0,0,32353087488,8589930496,2844569600,0
199,1786320109674,879.0723419189453,15266.666666666666,2,0.3125,775.0254974365234,15266.666666666666,2,0.3125,4239.572479248047,15266.666666666666,0,0.3125,4211.383346557617,15266.666666666666,2,0.3125,19805.212036132813,605,605,2912,4518,605,605,605,605,0,0,100,0,0,0,0,0,32353087488,8589930496,2844569600,0
199,1786320109874,879.0822143554688,15133.333333333334,2,0.3125,775.0348052978516,15133.333333333334,2,0.3125,4242.400726318359,15133.333333333334,0,0.3125,4211.393508911133,15133.333333333334,2,0.31874999999999987,19809.412384033203,605,605,2912,4518,605,605,605,605,0,0,100,0,0,4.761904716491699,0,0,32353087488,8589930496,2844569600,0
199,1786320110074,879.0888061523438,15800,2,0.3062499999999999,775.0441284179688,16133.333333333334,2,0.3062499999999999,4245.223785400391,16133.333333333334,0,0.3062499999999999,4211.403244018555,16133.333333333334,0,0.3062499999999999,19813.608596801758,605,605,2912,4518,605,605,605,605,0,0,100,0,0,0,0,0,32353087488,8589930496,2844569600,0
199,1786320110275,879.0955352783203,16133.333333333334,2,0.30000000000000004,775.0533599853516,16133.333333333334,0,0.30000000000000004,4248.058074951172,16133.333333333334,0,0.30000000000000004,4211.416519165039,16133.333333333334,0,0.30000000000000004,19817.806900024414,605,605,2912,4518,605,605,605,605,0,0,100,0,0,0,0,0,32353087488,8589930496,2844569600,0
199,1786320110475,879.1045074462891,13200,2,0.3812500000000001,775.0614013671875,13200,2,0.3812500000000001,4250.666458129883,13200,0,0.3812500000000001,4211.427291870117,13200,0,0.3812500000000001,19821.700881958008,605,605,2912,4518,605,605,605,605,0,0,75,0,0,0,25,0,32353087488,8589930496,2844938240,0
199,1786320110675,879.1083374023438,12933.333333333334,2,0.3999999999999999,775.0686798095703,12933.333333333334,2,0.3999999999999999,4253.024200439453,12933.333333333334,0,0.3999999999999999,4211.435760498047,12933.333333333334,2,0.3999999999999999,19825.20880126953,605,605,2912,4518,605,605,605,605,0,0,0,0,0,0,100,0,32353087488,8589930496,2844938240,0
199,1786320110875,879.1121063232422,13133.333333333334,2,0.39375000000000004,775.0757446289063,13133.333333333334,2,0.39375000000000004,4255.349517822266,13133.333333333334,0,0.39375000000000004,4211.443023681641,13133.333333333334,2,0.39375000000000004,19828.674926757813,605,605,2912,4518,605,605,605,605,0,0,0,0,0,0,100,0,32353087488,8589930496,2844938240,0
199,1786320111075,879.1165313720703,12800,2,0.3999999999999999,775.0834503173828,12800,2,0.3999999999999999,4257.665176391602,12800,0,0.3999999999999999,4211.451354980469,12800,2,0.3999999999999999,19832.138259887695,605,605,2912,4518,605,605,605,605,0,0,0,0,4.761904716491699,0,100,0,32353087488,8589930496,2844938240,0
199,1786320111275,879.1199340820313,13000,2,0.39375000000000004,775.0899810791016,13000,2,0.39375000000000004,4259.961349487305,13000,0,0.39375000000000004,4211.458633422852,13000,2,0.39375000000000004,19835.573623657227,605,605,2912,4518,605,605,605,605,0,0,0,0,0,0,100,0,32353087488,8589930496,2844938240,0
199,1786320111475,879.1236877441406,12933.333333333334,2,0.3999999999999999,775.0960693359375,12933.333333333334,2,0.3999999999999999,4262.242736816406,12933.333333333334,0,0.3999999999999999,4211.466369628906,12933.333333333334,2,0.3999999999999999,19839.017608642578,605,605,2912,4518,605,605,605,605,0,0,0,0,0,0,100,0,32353087488,8589930496,2844938240,0
199,1786320111675,879.1277923583984,12666.666666666668,2,0.40625,775.1026306152344,12666.666666666668,2,0.40625,4264.552581787109,12666.666666666668,0,0.40625,4211.473617553711,12666.666666666668,2,0.40625,19842.445053100586,605,605,2912,4518,605,605,605,605,0,0,0,0,0,0,100,0,32353087488,8589930496,2844938240,0
199,1786320111875,879.1311645507813,12866.666666666666,2,0.3999999999999999,775.1083679199219,12866.666666666666,2,0.3999999999999999,4266.82373046875,12866.666666666666,0,0.3999999999999999,4211.480758666992,12866.666666666666,2,0.3999999999999999,19845.852279663086,605,605,2912,4518,605,605,605,605,0,0,0,0,0,0,100,0,32353087488,8589930496,2844938240,0
199,1786320112075,879.1345520019531,12866.666666666666,2,0.3999999999999999,775.1148834228516,12866.666666666666,2,0.3999999999999999,4269.104461669922,12866.666666666666,0,0.3999999999999999,4211.4884033203125,12866.666666666666,2,0.3999999999999999,19849.26234436035,605,605,2912,4518,605,605,605,605,0,0,0,0,0,0,100,0,32353087488,8589930496,2844938240,0
199,1786320112275,879.1383514404297,12866.666666666666,2,0.3999999999999999,775.1215057373047,12866.666666666666,2,0.3999999999999999,4271.382385253906,12866.666666666666,0,0.3999999999999999,4211.497177124023,12800,0,0.3999999999999999,19852.670944213867,605,605,2912,4518,605,605,605,605,0,0,0,4.761904716491699,0,0,100,0,32353087488,8589930496,2844938240,0
199,1786320112476,879.1417846679688,12866.666666666666,2,0.3999999999999999,775.1278991699219,12866.666666666666,2,0.3999999999999999,4273.656967163086,12933.333333333334,0,0.3999999999999999,4211.506134033203,12933.333333333334,2,0.3999999999999999,19856.076370239258,605,605,2912,4518,605,605,605,605,0,0,0,0,0,0,100,0,32353087488,8589930496,2844938240,0
199,1786320112676,879.1451568603516,12866.666666666666,2,0.3999999999999999,775.1335296630859,12866.666666666666,0,0.3999999999999999,4275.927780151367,12866.666666666666,0,0.3999999999999999,4211.513961791992,12866.666666666666,0,0.3999999999999999,19859.480010986328,605,605,2912,4518,605,605,605,605,0,0,0,0,0,0,100,0,32353087488,8589930496,2844938240,0
199,1786320112876,879.1498413085938,12733.333333333332,2,0.40625,775.1411743164063,12733.333333333332,2,0.40625,4278.197784423828,12733.333333333332,0,0.40625,4211.522750854492,12733.333333333332,0,0.40625,19862.886276245117,605,605,2912,4518,605,605,605,605,0,0,0,0,0,0,100,0,32353087488,8589930496,2844938240,0
199,1786320113076,879.1531677246094,12933.333333333334,2,0.39375000000000004,775.1479339599609,12933.333333333334,2,0.39375000000000004,4280.468231201172,12933.333333333334,0,0.39375000000000004,4211.531356811523,12933.333333333334,2,0.39375000000000004,19866.281677246094,605,605,2912,4518,605,605,605,605,0,0,0,0,0,0,100,0,32353087488,8589930496,2844938240,0
199,1786320113276,879.1578369140625,12866.666666666666,2,0.3999999999999999,775.15478515625,12866.666666666666,2,0.3999999999999999,4282.734634399414,12866.666666666666,0,0.3999999999999999,4211.53923034668,12866.666666666666,2,0.3999999999999999,19869.685623168945,605,605,2912,4518,605,605,605,605,0,4.761904716491699,0,0,0,0,100,0,32353087488,8589930496,2844938240,0
199,1786320113476,879.1626586914063,12533.333333333332,2,0.40625,775.160888671875,12533.333333333332,2,0.40625,4284.998672485352,12533.333333333332,0,0.40625,4211.549041748047,12533.333333333332,2,0.40625,19873.09275817871,605,605,2912,4518,605,605,605,605,0,0,0,4.761904716491699,0,0,100,4.761904716491699,32353087488,8589930496,2844938240,0
199,1786320113676,879.1660614013672,12933.333333333334,2,0.3999999999999999,775.1658325195313,12933.333333333334,2,0.3999999999999999,4287.260284423828,12933.333333333334,0,0.3999999999999999,4211.558074951172,12933.333333333334,2,0.3999999999999999,19876.484924316406,605,605,2912,4518,605,605,605,605,0,0,0,0,0,0,100,0,32353087488,8589930496,2844938240,0
200,1786320113876,879.1695098876953,12866.666666666666,2,0.3999999999999999,775.1708374023438,12866.666666666666,2,0.3999999999999999,4289.528167724609,12866.666666666666,0,0.3999999999999999,4211.569259643555,12866.666666666666,0,0.3999999999999999,19879.883377075195,605,605,2912,4518,605,605,605,605,0,0,0,0,0,0,100,0,32353087488,8589930496,2844938240,0
199,1786320114076,879.1728820800781,12866.666666666666,0,0.3999999999999999,775.1770172119141,12866.666666666666,2,0.3999999999999999,4291.797225952148,12866.666666666666,0,0.3999999999999999,4211.579620361328,12866.666666666666,2,0.3999999999999999,19883.29995727539,605,605,2912,4518,605,605,605,605,0,0,0,0,0,0,100,0,32353087488,8589930496,2844938240,0
199,1786320114276,879.1766510009766,12866.666666666666,2,0.3999999999999999,775.1841888427734,12866.666666666666,2,0.3999999999999999,4294.081771850586,12866.666666666666,0,0.3999999999999999,4211.587677001953,12866.666666666666,2,0.3999999999999999,19886.69891357422,605,605,2912,4518,605,605,605,605,0,0,0,0,0,0,100,0,32353087488,8589930496,2844938240,0
199,1786320114476,879.1820068359375,12600,2,0.3999999999999999,775.1906433105469,12600,2,0.3999999999999999,4296.35107421875,12600,0,0.3999999999999999,4211.594528198242,12600,2,0.3999999999999999,19890.105377197266,605,605,2912,4518,605,605,605,605,0,0,0,0,0,0,100,0,32353087488,8589930496,2844938240,0
199,1786320114677,879.1854858398438,12800,2,0.3999999999999999,775.1971435546875,12800,2,0.3999999999999999,4298.6212158203125,12800,0,0.3999999999999999,4211.601364135742,12800,2,0.3999999999999999,19893.49949645996,605,605,2912,4518,605,605,605,605,0,0,0,0,0,0,100,0,32353087488,8589930496,2844938240,0
199,1786320114877,879.3172149658203,13000,0,0.39375000000000004,775.390380859375,13000,0,0.39375000000000004,4299.735549926758,13000,0,0.39375000000000004,4212.4921875,13000,0,0.39375000000000004,19896.9013671875,605,605,2912,4518,605,605,605,605,5,0,5,35,9.523809432983398,10,47.36842346191406,5,32353087488,8589930496,2849628160,0
199,1786320115077,879.3303375244141,12866.666666666666,0,0.3999999999999999,775.4480895996094,12866.666666666666,2,0.3999999999999999,4301.596435546875,12866.666666666666,0,0.3999999999999999,4212.850509643555,12866.666666666666,0,0.3999999999999999,19900.305770874023,605,605,2912,4518,605,605,605,605,4.761904716491699,0,85,15.000000953674316,0,0,0,0,32353087488,8589930496,2849628160,0
199,1786320115277,879.3359985351563,12600,2,0.40625,775.4539184570313,12600,2,0.40625,4303.820449829102,12600,0,0.40625,4212.907974243164,12600,0,0.40625,19903.710174560547,605,605,2912,4518,605,605,605,605,4.761904716491699,0,85,15.000000953674316,0,0,0,0,32353087488,8589930496,2850082816,0
199,1786320115477,879.3401947021484,12866.666666666666,2,0.3999999999999999,775.4598083496094,12866.666666666666,2,0.3999999999999999,4306.080368041992,12866.666666666666,0,0.3999999999999999,4212.917541503906,12866.666666666666,2,0.3999999999999999,19907.097732543945,605,605,2912,4518,605,605,605,605,0,0,100,0,0,0,0,0,32353087488,8589930496,2850082816,0
199,1786320115677,879.3437347412109,12866.666666666666,2,0.3999999999999999,775.4660186767578,12866.666666666666,2,0.3999999999999999,4308.344284057617,12866.666666666666,0,0.3999999999999999,4212.924774169922,12866.666666666666,2,0.3999999999999999,19910.496002197266,605,605,2912,4518,605,605,605,605,0,0,100,0,0,0,0,0,32353087488,8589930496,2850082816,0
199,1786320115877,879.3470458984375,12666.666666666668,2,0.40625,775.4719085693359,12666.666666666668,2,0.40625,4310.608291625977,12666.666666666668,0,0.40625,4212.932891845703,12666.666666666668,2,0.40625,19913.901824951172,605,605,2912,4518,605,605,605,605,0,0,100,0,0,0,0,0,32353087488,8589930496,2850082816,0
199,1786320116077,879.350341796875,12866.666666666666,2,0.3999999999999999,775.4770355224609,12866.666666666666,2,0.3999999999999999,4312.873504638672,12866.666666666666,0,0.3999999999999999,4212.940673828125,12866.666666666666,2,0.3999999999999999,19917.293167114258,605,605,2912,4518,605,605,605,605,0,0,100,0,0,0,0,0,32353087488,8589930496,2850082816,0
199,1786320116277,879.3537445068359,12800,2,0.3999999999999999,775.48291015625,12800,2,0.3999999999999999,4315.135940551758,12800,0,0.3999999999999999,4212.948425292969,12800,2,0.3999999999999999,19920.69400024414,605,605,2912,4518,605,605,605,605,0,0,100,0,0,0,0,0,32353087488,8589930496,2850082816,0
199,1786320116477,879.3572692871094,12866.666666666666,2,0.3999999999999999,775.4889373779297,12866.666666666666,2,0.3999999999999999,4317.401626586914,12866.666666666666,0,0.3999999999999999,4212.956024169922,12866.666666666666,2,0.3999999999999999,19924.089965820313,605,605,2912,4518,605,605,605,605,0,0,100,0,0,0,0,0,32353087488,8589930496,2850082816,0
199,1786320116677,879.3607788085938,12866.666666666666,2,0.3999999999999999,775.4950714111328,12866.666666666666,2,0.3999999999999999,4319.684371948242,12866.666666666666,0,0.3999999999999999,4212.963958740234,12866.666666666666,2,0.3999999999999999,19927.506805419922,605,605,2912,4518,605,605,605,605,0,0,100,0,0,0,0,0,32353087488,8589930496,2850082816,0
199,1786320116877,879.3642578125,12800,2,0.3999999999999999,775.5010528564453,12800,2,0.3999999999999999,4321.947219848633,12800,0,0.3999999999999999,4212.971328735352,12800,2,0.3999999999999999,19930.907669067383,605,605,2912,4518,605,605,605,605,0,0,100,0,0,0,0,0,32353087488,8589930496,2850082816,0
199,1786320117078,879.3676147460938,12733.333333333332,2,0.3999999999999999,775.5069427490234,12733.333333333332,2,0.3999999999999999,4324.221115112305,12733.333333333332,0,0.3999999999999999,4212.979751586914,12733.333333333332,2,0.3999999999999999,19934.30680847168,605,605,2912,4518,605,605,605,605,0,0,100,4.761904716491699,0,0,0,0,32353087488,8589930496,2850082816,0
199,1786320117278,879.3721466064453,12533.333333333332,2,0.3999999999999999,775.5157928466797,12533.333333333332,0,0.3999999999999999,4326.478973388672,12533.333333333332,0,0.3999999999999999,4212.994613647461,12533.333333333332,0,0.3999999999999999,19937.710983276367,605,605,2912,4518,605,605,605,605,0,0,100,0,0,0,0,0,32353087488,8589930496,2850082816,0
199,1786320117478,879.3762969970703,12800,2,0.3999999999999999,775.5213775634766,12800,0,0.3999999999999999,4328.7320556640625,12800,0,0.3999999999999999,4213.009841918945,12800,0,0.3999999999999999,19941.102142333984,605,605,2912,4518,605,605,605,605,0,0,40,0,0,0,60.000003814697266,0,32353087488,8589930496,2850082816,0
199,1786320117678,879.3798370361328,12466.666666666668,2,0.4125000000000001,775.5265502929688,12466.666666666668,2,0.4125000000000001,4330.994827270508,12466.666666666668,0,0.4125000000000001,4213.017150878906,12466.666666666668,0,0.4125000000000001,19944.510467529297,605,605,2912,4518,605,605,605,605,0,0,0,0,0,0,100,0,32353087488,8589930496,2850082816,0
199,1786320117878,879.3832550048828,12800,2,0.3999999999999999,775.5323486328125,12800,2,0.3999999999999999,4333.259674072266,12800,0,0.3999999999999999,4213.024475097656,12800,2,0.3999999999999999,19947.900619506836,605,605,2912,4518,605,605,605,605,0,0,0,0,0,0,100,0,32353087488,8589930496,2850082816,0
199,1786320118078,879.3865356445313,12866.666666666666,2,0.3999999999999999,775.5380859375,12866.666666666666,2,0.3999999999999999,4335.523590087891,12866.666666666666,0,0.3999999999999999,4213.033615112305,12866.666666666666,2,0.3999999999999999,19951.2967376709,605,605,2912,4518,605,605,605,605,0,0,0,0,0,0,100,0,32353087488,8589930496,2850082816,0
199,1786320118278,879.3909912109375,12666.666666666668,2,0.3999999999999999,775.544677734375,12666.666666666668,2,0.3999999999999999,4337.792236328125,12666.666666666668,0,0.3999999999999999,4213.041320800781,12666.666666666668,2,0.3999999999999999,19954.701705932617,605,605,2912,4518,605,605,605,605,0,0,0,0,0,0,100,0,32353087488,8589930496,2850082816,0
199,1786320118478,879.3951263427734,12466.666666666668,2,0.4125000000000001,775.5502166748047,12466.666666666668,2,0.4125000000000001,4340.06526184082,12466.666666666668,0,0.4125000000000001,4213.048965454102,12466.666666666668,2,0.4125000000000001,19958.10676574707,605,605,2912,4518,605,605,605,605,0,0,0,0,0,0,100,0,32353087488,8589930496,2850082816,0
199,1786320118678,879.3984680175781,12800,2,0.3999999999999999,775.5556793212891,12800,2,0.3999999999999999,4342.323989868164,12800,0,0.3999999999999999,4213.057464599609,12800,2,0.3999999999999999,19961.512496948242,605,605,2912,4518,605,605,605,605,0,0,0,0,0,0,100,0,32353087488,8589930496,2850082816,0
199,1786320118878,879.4019775390625,12800,2,0.3999999999999999,775.5617218017578,12800,2,0.3999999999999999,4344.5994873046875,12800,0,0.3999999999999999,4213.064727783203,12800,2,0.3999999999999999,19964.912551879883,605,605,2912,4518,605,605,605,605,0,0,0,4.761904716491699,0,0,100,0,32353087488,8589930496,2850082816,0
199,1786320119078,879.4053039550781,12800,2,0.3999999999999999,775.5678558349609,12800,2,0.3999999999999999,4346.870574951172,12800,0,0.3999999999999999,4213.071990966797,12800,2,0.3999999999999999,19968.31266784668,605,605,2912,4518,605,605,605,605,0,0,0,0,0,0,100,0,32353087488,8589930496,2850082816,0
199,1786320119279,879.4094848632813,14133.333333333334,2,0.36250000000000004,775.5742645263672,14133.333333333334,2,0.36250000000000004,4349.127532958984,14133.333333333334,0,0.36250000000000004,4213.081008911133,14133.333333333334,2,0.36250000000000004,19971.67498779297,605,605,2912,4518,605,605,605,605,0,0,0,0,0,0,100,0,32353087488,8589930496,2850074624,0
199,1786320119479,879.4145355224609,12866.666666666666,2,0.3999999999999999,775.5804901123047,12866.666666666666,2,0.3999999999999999,4351.430389404297,12866.666666666666,0,0.3999999999999999,4213.0889892578125,12866.666666666666,2,0.3999999999999999,19975.1103515625,605,605,2912,4518,605,605,605,605,0,0,0,0,0,0,100,0,32353087488,8589930496,2850074624,0
199,1786320119679,879.4187927246094,12800,2,0.3999999999999999,775.5865631103516,12800,2,0.3999999999999999,4353.698883056641,12800,0,0.3999999999999999,4213.095703125,12800,0,0.3999999999999999,19978.510314941406,605,605,2912,4518,605,605,605,605,0,0,0,0,0,0,100,0,32353087488,8589930496,2850074624,0
199,1786320119879,879.4230041503906,12600,2,0.40625,775.5923309326172,12600,0,0.40625,4355.97770690918,12600,0,0.40625,4213.102355957031,12600,0,0.40625,19981.91502380371,605,605,2912,4518,605,605,605,605,0,0,0,0,0,0,100,0,32353087488,8589930496,2850074624,0
199,1786320120079,879.4276123046875,12600,2,0.40625,775.5973052978516,12600,2,0.40625,4358.2335205078125,12600,0,0.40625,4213.112564086914,12600,0,0.40625,19985.311462402344,605,605,2912,4518,605,605,605,605,0,0,0,0,0,0,100,0,32353087488,8589930496,2850074624,0
199,1786320120279,879.4319458007813,12866.666666666666,2,0.3999999999999999,775.6036224365234,12866.666666666666,2,0.3999999999999999,4360.499267578125,12866.666666666666,0,0.3999999999999999,4213.119140625,12866.666666666666,2,0.3999999999999999,19988.702697753906,605,605,2912,4518,605,605,605,605,0,0,0,0,0,0,100,0,32353087488,8589930496,2850074624,0
199,1786320120479,879.4362487792969,12800,2,0.3999999999999999,775.6097717285156,12800,2,0.3999999999999999,4362.769317626953,12800,0,0.3999999999999999,4213.126113891602,12800,2,0.3999999999999999,19992.105392456055,605,605,2912,4518,605,605,605,605,0,0,0,0,0,0,100,0,32353087488,8589930496,2850074624,0
199,1786320120679,879.4405517578125,12866.666666666666,2,0.3999999999999999,775.6157836914063,12866.666666666666,2,0.3999999999999999,4365.03369140625,12866.666666666666,0,0.3999999999999999,4213.133102416992,12866.666666666666,2,0.3999999999999999,19995.501739501953,605,605,2912,4518,605,605,605,605,0,0,0,0,0,0,100,0,32353087488,8589930496,2850074624,0
200,1786320120879,879.4841613769531,13733.333333333334,0,0.375,775.6599578857422,13733.333333333334,0,0.375,4367.178466796875,13733.333333333334,0,0.375,4213.171951293945,13733.333333333334,0,0.375,19998.881149291992,605,605,2912,4518,605,605,605,605,0,0,0,0,0,0,100,0,32353087488,8589930496,2739740672,0
199,1786320121079,879.6011505126953,12133.333333333332,2,0.42500000000000004,775.8013610839844,12133.333333333332,2,0.42500000000000004,4367.3232421875,12133.333333333332,2,0.42500000000000004,4215.144882202148,12133.333333333332,0,0.42500000000000004,20002.328552246094,605,605,2912,4518,605,605,605,605,2.5641026496887207,4.761904716491699,2.5,2.5,2.5,5,50,45,32353087488,8589930496,2843041792,0
199,1786320121279,879.6048889160156,12466.666666666668,2,0.40625,775.8117065429688,12466.666666666668,2,0.40625,4367.332092285156,12466.666666666668,2,0.40625,4217.414306640625,12466.666666666668,0,0.40625,20005.712158203125,605,605,2912,4518,605,605,605,605,0,0,0,0,0,0,0,100,32353087488,8589930496,2843201536,0
200,1786320121479,879.60888671875,12733.333333333332,2,0.3999999999999999,775.8169860839844,12733.333333333332,2,0.3999999999999999,4367.34782409668,12733.333333333332,2,0.3999999999999999,4219.676010131836,12733.333333333332,0,0.3999999999999999,20009.10289001465,605,605,2912,4518,605,605,605,605,0,0,0,0,0,0,0,100,32353087488,8589930496,2843201536,0
199,1786320121680,879.6124572753906,12733.333333333332,2,0.3999999999999999,775.8225402832031,12733.333333333332,2,0.3999999999999999,4367.354248046875,12733.333333333332,2,0.3999999999999999,4221.955429077148,12733.333333333332,0,0.3999999999999999,20012.50132751465,605,605,2912,4518,605,605,605,605,0,0,0,0,0,0,0,100,32353087488,8589930496,2843201536,0
199,1786320121880,879.6159057617188,12400,2,0.40625,775.8266754150391,12400,2,0.40625,4367.360809326172,12400,2,0.40625,4224.245651245117,12400,0,0.40625,20015.910537719727,605,605,2912,4518,605,605,605,605,0,0,0,0,0,0,0,100,32353087488,8589930496,2843201536,0
199,1786320122080,879.6195068359375,12466.666666666668,2,0.3999999999999999,775.8309173583984,12466.666666666668,2,0.3999999999999999,4367.36833190918,12466.666666666668,2,0.3999999999999999,4226.525283813477,12466.666666666668,0,0.3999999999999999,20019.304763793945,605,605,2912,4518,605,605,605,605,0,0,0,0,0,0,0,100,32353087488,8589930496,2843201536,0
199,1786320122280,879.6231384277344,12533.333333333332,2,0.3999999999999999,775.8356170654297,12533.333333333332,2,0.3999999999999999,4367.3780517578125,12533.333333333332,0,0.3999999999999999,4228.794342041016,12533.333333333332,0,0.3999999999999999,20022.701095581055,605,605,2912,4518,605,605,605,605,0,0,0,0,0,0,0,100,32353087488,8589930496,2843308032,0
199,1786320122480,879.6267242431641,12866.666666666666,2,0.3999999999999999,775.8400573730469,12866.666666666666,0,0.3999999999999999,4367.385177612305,12866.666666666666,0,0.3999999999999999,4231.071823120117,12866.666666666666,0,0.3999999999999999,20026.09114074707,605,605,2912,4518,605,605,605,605,0,0,0,0,0,0,0,100,32353087488,8589930496,2843308032,0
199,1786320122680,879.6300659179688,12733.333333333332,2,0.3999999999999999,775.8442840576172,12733.333333333332,2,0.3999999999999999,4367.391677856445,12733.333333333332,0,0.3999999999999999,4233.359191894531,12733.333333333332,0,0.3999999999999999,20029.494705200195,605,605,2912,4518,605,605,605,605,0,0,0,0,0,0,0,100,32353087488,8589930496,2843308032,0
199,1786320122880,879.6333923339844,12733.333333333332,2,0.3999999999999999,775.8484344482422,12733.333333333332,2,0.3999999999999999,4367.398147583008,12733.333333333332,2,0.3999999999999999,4235.6422119140625,12733.333333333332,0,0.3999999999999999,20032.894500732422,605,605,2912,4518,605,605,605,605,0,0,0,0,0,0,0,100,32353087488,8589930496,2843308032,0
199,1786320123080,879.6367340087891,13200,2,0.39375000000000004,775.8526306152344,13200,2,0.39375000000000004,4367.405227661133,13200,2,0.39375000000000004,4237.919982910156,13200,0,0.39375000000000004,20036.28382873535,605,605,2912,4518,605,605,605,605,0,0,0,0,0,0,0,100,32353087488,8589930496,2843308032,0
199,1786320123280,879.6418151855469,12733.333333333332,2,0.3999999999999999,775.8588104248047,12733.333333333332,2,0.3999999999999999,4367.412445068359,12733.333333333332,2,0.3999999999999999,4240.236312866211,12733.333333333332,0,0.3999999999999999,20039.697189331055,605,605,2912,4518,605,605,605,605,0,0,0,0,0,0,0,100,32353087488,8589930496,2843308032,0
199,1786320123480,879.6458129882813,12800,2,0.3999999999999999,775.8631134033203,12800,2,0.3999999999999999,4367.419296264648,12800,2,0.3999999999999999,4242.520294189453,12800,0,0.3999999999999999,20043.092559814453,605,605,2912,4518,605,605,605,605,0,0,0,0,0,0,0,100,32353087488,8589930496,2843308032,0
199,1786320123680,879.6493225097656,12666.666666666668,2,0.3999999999999999,775.8673400878906,12666.666666666668,2,0.3999999999999999,4367.427658081055,12666.666666666668,2,0.3999999999999999,4244.799896240234,12666.666666666668,0,0.3999999999999999,20046.493865966797,605,605,2912,4518,605,605,605,605,0,0,4.761904716491699,0,0,0,0,100,32353087488,8589930496,2843308032,0
199,1786320123881,879.6528015136719,12666.666666666668,2,0.3999999999999999,775.8715667724609,12666.666666666668,2,0.3999999999999999,4367.434371948242,12666.666666666668,2,0.3999999999999999,4247.092025756836,12666.666666666668,0,0.3999999999999999,20049.90950012207,605,605,2912,4518,605,605,605,605,0,0,0,0,0,0,0,100,32353087488,8589930496,2843308032,0
199,1786320124081,879.65625,12733.333333333332,2,0.3999999999999999,775.8758392333984,12733.333333333332,2,0.3999999999999999,4367.441787719727,12733.333333333332,2,0.3999999999999999,4249.377059936523,12733.333333333332,0,0.3999999999999999,20053.307830810547,605,605,2912,4518,605,605,605,605,0,0,0,0,0,0,0,100,32353087488,8589930496,2843308032,0
199,1786320124281,879.6598052978516,12600,2,0.40625,775.88037109375,12600,2,0.40625,4367.450424194336,12600,2,0.40625,4251.65412902832,12600,0,0.40625,20056.708267211914,605,605,2912,4518,605,605,605,605,0,0,0,0,0,0,0,100,32353087488,8589930496,2843308032,0
199,1786320124481,879.6631927490234,12600,2,0.40625,775.884765625,12600,2,0.40625,4367.462799072266,12600,2,0.40625,4253.942230224609,12600,0,0.40625,20060.10725402832,605,605,2912,4518,605,605,605,605,0,0,0,0,0,0,0,100,32353087488,8589930496,2843308032,0
199,1786320124681,879.6665802001953,12666.666666666668,2,0.40625,775.8889617919922,12666.666666666668,2,0.40625,4367.471389770508,12666.666666666668,0,0.40625,4256.223358154297,12666.666666666668,0,0.40625,20063.503158569336,605,605,2912,4518,605,605,605,605,0,0,0,0,0,0,0,100,32353087488,8589930496,2843308032,0
199,1786320124881,879.6700134277344,12400,2,0.4125000000000001,775.8931427001953,12400,2,0.40625,4367.477890014648,12333.333333333332,0,0.40625,4258.5147705078125,12333.333333333332,0,0.40625,20066.910858154297,605,605,2912,4518,605,605,605,605,0,0,0,0,0,0,0,100,32353087488,8589930496,2843308032,0
199,1786320125081,879.6735992431641,12866.666666666666,2,0.3999999999999999,775.8973693847656,12866.666666666666,2,0.3999999999999999,4367.4849853515625,12866.666666666666,0,0.3999999999999999,4260.7955322265625,12866.666666666666,0,0.3999999999999999,20070.295928955078,605,605,2912,4518,605,605,605,605,0,0,4.761904716491699,0,0,0,0,100,32353087488,8589930496,2843308032,0
199,1786320125281,879.6776885986328,12733.333333333332,2,0.3999999999999999,775.906494140625,12733.333333333332,2,0.3999999999999999,4367.492889404297,12733.333333333332,2,0.3999999999999999,4263.073715209961,12733.333333333332,0,0.3999999999999999,20073.698959350586,605,605,2912,4518,605,605,605,605,0,4.761904716491699,0,0,0,0,0,100,32353087488,8589930496,2843308032,0
199,1786320125481,879.6824035644531,12533.333333333332,2,0.40625,775.9114990234375,12533.333333333332,2,0.40625,4367.503890991211,12533.333333333332,2,0.40625,4265.357131958008,12533.333333333332,0,0.40625,20077.103439331055,605,605,2912,4518,605,605,605,605,0,0,0,0,0,0,0,100,32353087488,8589930496,2843308032,0
199,1786320125681,879.6858825683594,12733.333333333332,2,0.3999999999999999,775.9157104492188,12733.333333333332,2,0.3999999999999999,4367.51203918457,12733.333333333332,2,0.3999999999999999,4267.630661010742,12733.333333333332,0,0.3999999999999999,20080.497360229492,605,605,2912,4518,605,605,605,605,0,0,0,0,0,0,0,100,32353087488,8589930496,2843308032,0
199,1786320125881,879.6900177001953,14000,2,0.36250000000000004,775.9206695556641,14000,2,0.36250000000000004,4367.520446777344,14000,2,0.36250000000000004,4269.898971557617,14000,0,0.36250000000000004,20083.862503051758,605,605,2912,4518,605,605,605,605,0,0,0,0,0,0,0,100,32353087488,8589930496,2843308032,0
199,1786320126082,879.6939849853516,12600,2,0.40625,775.9253387451172,12600,2,0.40625,4367.529113769531,12600,2,0.40625,4272.214401245117,12600,0,0.40625,20087.300003051758,605,605,2912,4518,605,605,605,605,0,0,0,0,0,0,0,100,32353087488,8589930496,2843308032,0
199,1786320126282,879.6974945068359,12666.666666666668,2,0.3999999999999999,775.9300079345703,12666.666666666668,2,0.3999999999999999,4367.536117553711,12666.666666666668,2,0.3999999999999999,4274.506851196289,12666.666666666668,0,0.3999999999999999,20090.71501159668,605,605,2912,4518,605,605,605,605,0,0,0,0,0,4.761904716491699,0,100,32353087488,8589930496,2843308032,0
199,1786320126482,879.7014465332031,13666.666666666666,2,0.3687499999999999,775.9339599609375,13666.666666666666,2,0.3687499999999999,4367.544692993164,13666.666666666666,2,0.3687499999999999,4276.771438598633,13666.666666666666,0,0.3687499999999999,20094.08595275879,605,605,2912,4518,605,605,605,605,0,0,0,0,0,0,0,100,32353087488,8589930496,2843308032,0
199,1786320126682,879.7057952880859,12400,2,0.40625,775.9382781982422,12400,2,0.40625,4367.554458618164,12400,2,0.40625,4279.096130371094,12400,0,0.40625,20097.52180480957,605,605,2912,4518,605,605,605,605,0,0,0,0,0,0,0,100,32353087488,8589930496,2843308032,0
199,1786320126882,879.7091827392578,12733.333333333332,2,0.3999999999999999,775.9414825439453,12733.333333333332,2,0.3999999999999999,4367.561981201172,12733.333333333332,0,0.3999999999999999,4281.372131347656,12733.333333333332,0,0.3999999999999999,20100.912231445313,605,605,2912,4518,605,605,605,605,0,0,0,0,0,0,0,100,32353087488,8589930496,2843308032,0
199,1786320127082,879.8730163574219,16133.333333333334,2,0.2749999999999999,776.0878295898438,16133.333333333334,2,0.2749999999999999,4368.003036499023,16133.333333333334,0,0.2749999999999999,4282.875228881836,16133.333333333334,0,0.2749999999999999,20104.184936523438,605,605,2912,4518,605,605,605,605,0,0,0,0,0,0,0,100,32353087488,8589930496,2883633152,0
199,1786320127282,879.9179382324219,11533.333333333332,2,0.4375,776.1640777587891,11533.333333333332,2,0.4375,4370.220077514648,11533.333333333332,0,0.4375,4282.998184204102,11533.333333333332,2,0.4375,20107.748916625977,605,605,2912,4518,605,605,605,605,7.142857551574707,5.128205299377441,7.500000476837158,43.589744567871094,4.878048419952393,12.5,58.974361419677734,30.76923179626465,32353087488,8589930496,2884952064,0
200,1786320127482,880.0338592529297,4733.333333333334,0,0.60625,776.2625885009766,4733.333333333334,0,0.60625,4372.329635620117,4733.333333333334,0,0.60625,4283.126724243164,4733.333333333334,0,0.60625,20111.2986907959,605,605,2912,4518,605,605,605,605,0,9.523809432983398,0,9.523809432983398,5.263157844543457,0,100,10,32353087488,8589930496,2890170368,0
199,1786320127682,880.1959991455078,12666.666666666668,2,0.3999999999999999,776.4240112304688,12666.666666666668,2,0.3999999999999999,4374.024612426758,12666.666666666668,0,0.3999999999999999,4283.325134277344,12666.666666666668,2,0.3999999999999999,20114.480407714844,605,605,2912,4518,605,605,605,605,9.523809432983398,10,0,10,14.285715103149414,5.263157844543457,100,10.526315689086914,32353087488,8589930496,2893664256,0
199,1786320127882,880.2005004882813,12533.333333333332,2,0.40625,776.4300842285156,12533.333333333332,2,0.40625,4376.308746337891,12533.333333333332,0,0.40625,4283.331649780273,12533.333333333332,2,0.40625,20117.892532348633,605,605,2912,4518,605,605,605,605,0,0,0,0,0,0,100,0,32353087488,8589930496,2893664256,0
199,1786320128082,880.2050476074219,12666.666666666668,2,0.3999999999999999,776.4367370605469,12666.666666666668,2,0.3999999999999999,4378.577011108398,12666.666666666668,0,0.3999999999999999,4283.34033203125,12666.666666666668,2,0.3999999999999999,20121.291748046875,605,605,2912,4518,605,605,605,605,0,0,0,5,0,0,100,0,32353087488,8589930496,2893664256,0
199,1786320128283,880.2093505859375,12800,2,0.3999999999999999,776.4430694580078,12800,2,0.3999999999999999,4380.846939086914,12800,0,0.3999999999999999,4283.347183227539,12800,2,0.3999999999999999,20124.692352294922,605,605,2912,4518,605,605,605,605,0,0,0,0,0,0,100,0,32353087488,8589930496,2893664256,0
199,1786320128483,880.2173156738281,12666.666666666668,2,0.40625,776.4498138427734,12666.666666666668,2,0.40625,4383.1141357421875,12666.666666666668,0,0.40625,4283.353912353516,12666.666666666668,2,0.40625,20128.116241455078,605,605,2912,4518,605,605,605,605,0,0,0,0,0,0,100,0,32353087488,8589930496,2893664256,0
199,1786320128683,880.2216796875,12800,2,0.3999999999999999,776.456298828125,12800,2,0.3999999999999999,4385.392486572266,12800,0,0.3999999999999999,4283.361358642578,12800,2,0.3999999999999999,20131.514358520508,605,605,2912,4518,605,605,605,605,0,0,0,0,0,0,100,0,32353087488,8589930496,2893664256,0
199,1786320128883,880.2260131835938,12533.333333333332,2,0.40625,776.4625396728516,12533.333333333332,2,0.40625,4387.668502807617,12533.333333333332,0,0.40625,4283.37043762207,12533.333333333332,2,0.40625,20134.922119140625,605,605,2912,4518,605,605,605,605,0,0,0,0,0,0,100,0,32353087488,8589930496,2893664256,0
199,1786320129083,880.2303161621094,12666.666666666668,2,0.40625,776.4687957763672,12666.666666666668,2,0.40625,4389.932632446289,12666.666666666668,0,0.40625,4283.379089355469,12666.666666666668,2,0.40625,20138.319091796875,605,605,2912,4518,605,605,605,605,0,0,0,0,0,0,100,0,32353087488,8589930496,2893664256,0
199,1786320129283,880.2355041503906,12733.333333333332,2,0.3999999999999999,776.4783630371094,12733.333333333332,2,0.3999999999999999,4392.197174072266,12733.333333333332,0,0.3999999999999999,4283.386611938477,12733.333333333332,2,0.40625,20141.718536376953,605,605,2912,4518,605,605,605,605,0,0,4.761904716491699,0,0,0,100,0,32353087488,8589930496,2893664256,0
199,1786320129483,880.2402191162109,12733.333333333332,2,0.3999999999999999,776.4858093261719,12733.333333333332,0,0.3999999999999999,4394.45719909668,12733.333333333332,0,0.3999999999999999,4283.394989013672,12733.333333333332,0,0.3999999999999999,20145.115966796875,605,605,2912,4518,605,605,605,605,0,0,0,0,0,0,100,0,32353087488,8589930496,2893656064,0
199,1786320129683,880.2445678710938,12666.666666666668,2,0.3999999999999999,776.4922637939453,12666.666666666668,0,0.3999999999999999,4396.72802734375,12666.666666666668,0,0.3999999999999999,4283.40315246582,12666.666666666668,0,0.3999999999999999,20148.517822265625,605,605,2912,4518,605,605,605,605,0,0,0,0,0,0,100,0,32353087488,8589930496,2893656064,0
199,1786320129883,880.2488403320313,12533.333333333332,2,0.3999999999999999,776.4983978271484,12533.333333333332,2,0.3999999999999999,4398.994827270508,12533.333333333332,0,0.3999999999999999,4283.409637451172,12533.333333333332,0,0.3999999999999999,20151.92071533203,605,605,2912,4518,605,605,605,605,0,0,0,0,0,0,100,0,32353087488,8589930496,2893656064,0
199,1786320130083,880.2530212402344,12600,2,0.3999999999999999,776.5046539306641,12600,2,0.3999999999999999,4401.264892578125,12600,0,0.3999999999999999,4283.418426513672,12600,2,0.3999999999999999,20155.318435668945,605,605,2912,4518,605,605,605,605,0,0,0,0,0,0,100,0,32353087488,8589930496,2893656064,0
199,1786320130283,880.2586364746094,13533.333333333334,2,0.375,776.5111846923828,13533.333333333334,2,0.375,4403.544189453125,13533.333333333334,0,0.375,4283.425048828125,13533.333333333334,2,0.375,20158.695434570313,605,605,2912,4518,605,605,605,605,0,0,0,0,0,0,100,0,32353087488,8589930496,2893656064,0
199,1786320130484,880.263671875,12666.666666666668,2,0.3999999999999999,776.5189056396484,12666.666666666668,2,0.3999999999999999,4405.818923950195,12666.666666666668,0,0.3999999999999999,4283.43196105957,12666.666666666668,2,0.3999999999999999,20162.1180267334,605,605,2912,4518,605,605,605,605,4.761904716491699,0,0,0,0,0,100,0,32353087488,8589930496,2893656064,0
199,1786320130684,880.2671051025391,12733.333333333332,2,0.3999999999999999,776.5259704589844,12733.333333333332,2,0.3999999999999999,4408.082763671875,12733.333333333332,0,0.3999999999999999,4283.439987182617,12733.333333333332,2,0.3999999999999999,20165.516204833984,605,605,2912,4518,605,605,605,605,0,0,0,0,0,0,100,0,32353087488,8589930496,2893656064,0
199,1786320130884,880.2704925537109,12666.666666666668,2,0.3999999999999999,776.5329284667969,12666.666666666668,2,0.3999999999999999,4410.349319458008,12666.666666666668,0,0.3999999999999999,4283.446533203125,12666.666666666668,2,0.3999999999999999,20168.915115356445,605,605,2912,4518,605,605,605,605,0,0,0,0,0,0,100,0,32353087488,8589930496,2893656064,0
200,1786320131084,880.2738189697266,12666.666666666668,2,0.3999999999999999,776.5397644042969,12666.666666666668,2,0.3999999999999999,4412.620574951172,12666.666666666668,0,0.3999999999999999,4283.453308105469,12666.666666666668,2,0.3999999999999999,20172.313201904297,605,605,2912,4518,605,605,605,605,0,0,0,0,0,0,100,0,32353087488,8589930496,2893656064,0
199,1786320131284,880.2779846191406,12733.333333333332,2,0.3999999999999999,776.5468597412109,12733.333333333332,2,0.3999999999999999,4414.906387329102,12733.333333333332,0,0.3999999999999999,4283.460922241211,12733.333333333332,2,0.3999999999999999,20175.728927612305,605,605,2912,4518,605,605,605,605,0,0,0,0,0,0,100,0,32353087488,8589930496,2893656064,0
199,1786320131484,880.281494140625,12800,2,0.3999999999999999,776.5540924072266,12800,2,0.3999999999999999,4417.174041748047,12800,0,0.3999999999999999,4283.468933105469,12800,2,0.3999999999999999,20179.1251373291,605,605,2912,4518,605,605,605,605,0,0,0,0,0,0,100,0,32353087488,8589930496,2887032832,0
199,1786320131684,880.2850494384766,12866.666666666666,2,0.3999999999999999,776.5611419677734,12866.666666666666,2,0.3999999999999999,4419.4398193359375,12866.666666666666,0,0.3999999999999999,4283.475479125977,12866.666666666666,2,0.3999999999999999,20182.52281188965,605,605,2912,4518,605,605,605,605,0,0,0,0,0,0,100,0,32353087488,8589930496,2887032832,0
199,1786320131884,880.2897033691406,12866.666666666666,2,0.39375000000000004,776.5681762695313,12866.666666666666,2,0.39375000000000004,4421.728408813477,12866.666666666666,0,0.39375000000000004,4283.484313964844,12866.666666666666,2,0.3999999999999999,20185.92465209961,605,605,2912,4518,605,605,605,605,0,0,0,0,0,0,100,0,32353087488,8589930496,2887032832,0
199,1786320132084,880.2953491210938,13000,2,0.39375000000000004,776.5752410888672,13000,2,0.39375000000000004,4424.0286865234375,13000,0,0.39375000000000004,4283.492248535156,13000,0,0.39375000000000004,20189.325622558594,605,605,2912,4518,605,605,605,605,0,0,0,0,0,0,100,0,32353087488,8589930496,2887032832,0
199,1786320132284,880.2986755371094,12466.666666666668,2,0.40625,776.5820922851563,12466.666666666668,2,0.40625,4426.309494018555,12466.666666666668,0,0.40625,4283.500381469727,12466.666666666668,0,0.40625,20192.738235473633,605,605,2912,4518,605,605,605,605,0,0,0,0,0,0,100,0,32353087488,8589930496,2887032832,0
199,1786320132484,880.302001953125,12600,2,0.3999999999999999,776.5891571044922,12600,2,0.3999999999999999,4428.577713012695,12600,0,0.3999999999999999,4283.508651733398,12600,2,0.3999999999999999,20196.131561279297,605,605,2912,4518,605,605,605,605,0,0,0,0,0,0,100,0,32353087488,8589930496,2887032832,0
199,1786320132685,880.3054351806641,12600,2,0.40625,776.5962677001953,12600,2,0.40625,4430.848922729492,12600,0,0.40625,4283.515686035156,12600,2,0.40625,20199.529846191406,605,605,2912,4518,605,605,605,605,0,0,0,0,0,0,100,0,32353087488,8589930496,2887032832,0
199,1786320132885,880.3088531494141,12800,2,0.3999999999999999,776.6032104492188,12800,2,0.3999999999999999,4433.115859985352,12800,0,0.3999999999999999,4283.522399902344,12800,2,0.3999999999999999,20202.925857543945,605,605,2912,4518,605,605,605,605,0,0,0,4.761904716491699,0,0,100,0,32353087488,8589930496,2887032832,0
199,1786320133085,880.3123168945313,12733.333333333332,2,0.3999999999999999,776.6101837158203,12733.333333333332,2,0.3999999999999999,4435.382720947266,12733.333333333332,0,0.3999999999999999,4283.529205322266,12733.333333333332,2,0.3999999999999999,20206.32421875,605,605,2912,4518,605,605,605,605,0,0,0,0,0,0,100,0,32353087488,8589930496,2887032832,0
199,1786320133285,880.4573516845703,15600,2,0.29374999999999996,776.7885131835938,15600,2,0.29374999999999996,4436.867233276367,15600,2,0.29374999999999996,4283.969329833984,15600,0,0.29374999999999996,20209.627197265625,605,605,2912,4518,605,605,605,605,5,5,0,5.263157844543457,0,9.523809432983398,63.15789031982422,20,32353087488,8589930496,2873344000,0
199,1786320133485,880.4725036621094,12466.666666666668,2,0.3999999999999999,776.8020172119141,12466.666666666668,2,0.3999999999999999,4436.929458618164,12466.666666666668,2,0.3999999999999999,4286.304000854492,12466.666666666668,0,0.3999999999999999,20213.152252197266,605,605,2912,4518,605,605,605,605,0,0,9.090909004211426,0,0,0,0,100,32353087488,8589930496,2873602048,0
199,1786320133685,880.4763031005859,12800,2,0.3999999999999999,776.8055114746094,12800,2,0.3999999999999999,4436.936309814453,12800,2,0.3999999999999999,4288.575775146484,12800,0,0.3999999999999999,20216.540130615234,605,605,2912,4518,605,605,605,605,0,0,0,0,0,0,0,100,32353087488,8589930496,2873602048,0
199,1786320133885,880.4804992675781,12866.666666666666,2,0.3999999999999999,776.8091278076172,12866.666666666666,2,0.3999999999999999,4436.943405151367,12866.666666666666,2,0.3999999999999999,4290.8519287109375,12866.666666666666,0,0.3999999999999999,20219.937225341797,605,605,2912,4518,605,605,605,605,0,0,0,0,0,0,0,100,32353087488,8589930496,2873602048,0
199,1786320134085,880.4866638183594,12466.666666666668,2,0.4125000000000001,776.8124542236328,12400,2,0.4125000000000001,4436.950256347656,12400,2,0.4125000000000001,4293.137145996094,12400,0,0.4125000000000001,20223.346099853516,605,605,2912,4518,605,605,605,605,0,0,0,0,0,0,0,100,32353087488,8589930496,2873860096,0
199,1786320134285,880.4903259277344,12800,2,0.3999999999999999,776.8160705566406,12733.333333333332,0,0.3999999999999999,4436.959548950195,12733.333333333332,0,0.3999999999999999,4295.4085693359375,12733.333333333332,0,0.3999999999999999,20226.73406982422,605,605,2912,4518,605,605,605,605,0,0,0,0,0,0,0,100,32353087488,8589930496,2873860096,0
199,1786320134485,880.4944458007813,12400,0,0.40625,776.8198852539063,12400,0,0.40625,4436.966751098633,12400,2,0.40625,4297.696517944336,12400,0,0.40625,20230.142501831055,605,605,2912,4518,605,605,605,605,0,0,0,0,0,0,0,100,32353087488,8589930496,2873860096,0
199,1786320134685,880.4979248046875,12733.333333333332,2,0.3999999999999999,776.8234100341797,12733.333333333332,2,0.3999999999999999,4436.974609375,12733.333333333332,0,0.3999999999999999,4299.972686767578,12733.333333333332,0,0.3999999999999999,20233.53175354004,605,605,2912,4518,605,605,605,605,0,0,0,0,0,0,0,100,32353087488,8589930496,2873860096,0
199,1786320134885,880.5034790039063,13000,2,0.39375000000000004,776.8292083740234,13000,2,0.39375000000000004,4436.985382080078,13000,2,0.39375000000000004,4302.283233642578,13000,0,0.39375000000000004,20236.929580688477,605,605,2912,4518,605,605,605,605,0,0,0,0,0,0,0,100,32353087488,8589930496,2873860096,0
199,1786320135086,880.5068969726563,12600,2,0.3999999999999999,776.8324737548828,12600,2,0.3999999999999999,4436.992828369141,12600,2,0.3999999999999999,4304.565902709961,12600,0,0.3999999999999999,20240.340240478516,605,605,2912,4518,605,605,605,605,0,0,0,0,0,0,0,100,32353087488,8589930496,2873860096,0
199,1786320135286,880.5102691650391,12800,2,0.3999999999999999,776.8356781005859,12800,2,0.3999999999999999,4437.000183105469,12800,2,0.3999999999999999,4306.842025756836,12800,0,0.3999999999999999,20243.732803344727,605,605,2912,4518,605,605,605,605,0,0,0,0,0,0,0,100,32353087488,8589930496,2873860096,0
199,1786320135486,880.5142059326172,12600,2,0.40625,776.8397369384766,12600,2,0.40625,4437.007110595703,12600,2,0.40625,4309.123672485352,12600,0,0.40625,20247.133834838867,605,605,2912,4518,605,605,605,605,0,0,0,0,0,0,0,100,32353087488,8589930496,2873860096,0
199,1786320135686,880.5176696777344,12533.333333333332,2,0.40625,776.8433380126953,12533.333333333332,2,0.40625,4437.013656616211,12533.333333333332,2,0.40625,4311.4097900390625,12533.333333333332,0,0.40625,20250.533248901367,605,605,2912,4518,605,605,605,605,0,0,0,0,0,0,0,100,32353087488,8589930496,2873860096,0
199,1786320135886,880.5210266113281,12600,2,0.3999999999999999,776.8467559814453,12600,2,0.3999999999999999,4437.020492553711,12600,2,0.3999999999999999,4313.704208374023,12600,0,0.3999999999999999,20253.94825744629,605,605,2912,4518,605,605,605,605,0,0,0,0,0,0,0,100,32353087488,8589930496,2873860096,0
199,1786320136086,880.5247344970703,12733.333333333332,2,0.3999999999999999,776.8504943847656,12733.333333333332,2,0.3999999999999999,4437.027267456055,12733.333333333332,2,0.3999999999999999,4316.0101318359375,12733.333333333332,0,0.3999999999999999,20257.34393310547,605,605,2912,4518,605,605,605,605,0,0,0,0,0,0,0,100,32353087488,8589930496,2873860096,0
199,1786320136286,880.528076171875,12733.333333333332,2,0.3999999999999999,776.8538665771484,12733.333333333332,2,0.3999999999999999,4437.033721923828,12733.333333333332,2,0.3999999999999999,4318.29557800293,12733.333333333332,0,0.3999999999999999,20260.743133544922,605,605,2912,4518,605,605,605,605,0,0,0,0,0,0,0,100,32353087488,8589930496,2873860096,0
199,1786320136486,880.5319213867188,12800,2,0.3999999999999999,776.85791015625,12800,2,0.3999999999999999,4437.04069519043,12800,2,0.3999999999999999,4320.57502746582,12800,0,0.3999999999999999,20264.14027404785,605,605,2912,4518,605,605,605,605,0,0,0,0,0,0,0,100,32353087488,8589930496,2873860096,0
199,1786320136686,880.5354614257813,12733.333333333332,2,0.3999999999999999,776.8612823486328,12800,2,0.3999999999999999,4437.048843383789,12800,2,0.3999999999999999,4322.863189697266,12800,0,0.3999999999999999,20267.539627075195,605,605,2912,4518,605,605,605,605,0,0,0,0,0,0,0,100,32353087488,8589930496,2873860096,0
199,1786320136886,880.5388641357422,12800,2,0.3999999999999999,776.8645172119141,12800,0,0.3999999999999999,4437.055389404297,12800,0,0.3999999999999999,4325.145690917969,12800,0,0.3999999999999999,20270.937545776367,605,605,2912,4518,605,605,605,605,0,0,0,0,0,0,0,100,32353087488,8589930496,2873860096,0
199,1786320137087,880.5423126220703,12666.666666666668,2,0.3999999999999999,776.8677520751953,12666.666666666668,2,0.3999999999999999,4437.061874389648,12666.666666666668,0,0.3999999999999999,4327.424621582031,12666.666666666668,0,0.3999999999999999,20274.338943481445,605,605,2912,4518,605,605,605,605,0,0,0,0,0,0,0,100,32353087488,8589930496,2873860096,0
199,1786320137287,880.5471954345703,12666.666666666668,2,0.40625,776.8754272460938,12666.666666666668,2,0.40625,4437.069900512695,12666.666666666668,2,0.40625,4329.702651977539,12666.666666666668,0,0.40625,20277.73892211914,605,605,2912,4518,605,605,605,605,0,0,4.761904716491699,0,0,0,4.761904716491699,100,32353087488,8589930496,2870984704,0
199,1786320137487,880.5524749755859,12733.333333333332,2,0.3999999999999999,776.8820037841797,12733.333333333332,2,0.3999999999999999,4437.081329345703,12733.333333333332,2,0.3999999999999999,4331.993576049805,12733.333333333332,0,0.3999999999999999,20281.13929748535,605,605,2912,4518,605,605,605,605,0,0,0,0,0,0,0,100,32353087488,8589930496,2870984704,0
199,1786320137687,880.5562438964844,12866.666666666666,2,0.39375000000000004,776.88671875,12866.666666666666,2,0.39375000000000004,4437.090026855469,12866.666666666666,2,0.39375000000000004,4334.272033691406,12866.666666666666,0,0.39375000000000004,20284.53160095215,605,605,2912,4518,605,605,605,605,0,0,0,0,0,0,0,100,32353087488,8589930496,2870984704,0
199,1786320137887,880.5595703125,12800,2,0.3999999999999999,776.890869140625,12800,2,0.3999999999999999,4437.096740722656,12800,2,0.3999999999999999,4336.554107666016,12800,0,0.3999999999999999,20287.934310913086,605,605,2912,4518,605,605,605,605,0,0,0,0,0,0,0,100,32353087488,8589930496,2870984704,0
199,1786320138087,880.5633087158203,12666.666666666668,2,0.3999999999999999,776.8953857421875,12666.666666666668,2,0.3999999999999999,4437.103378295898,12666.666666666668,2,0.3999999999999999,4338.835525512695,12666.666666666668,0,0.3999999999999999,20291.335739135742,605,605,2912,4518,605,605,605,605,0,0,0,0,0,0,0,100,32353087488,8589930496,2870984704,0
199,1786320138287,880.5672607421875,12866.666666666666,2,0.3999999999999999,776.9004364013672,12866.666666666666,2,0.3999999999999999,4437.111953735352,12866.666666666666,2,0.3999999999999999,4341.134796142578,12866.666666666666,0,0.3999999999999999,20294.747360229492,605,605,2912,4518,605,605,605,605,0,0,0,0,0,0,0,100,32353087488,8589930496,2866487296,0
199,1786320138487,880.5708770751953,12600,2,0.40625,776.9050598144531,12600,2,0.40625,4437.119369506836,12600,2,0.40625,4343.424087524414,12600,0,0.40625,20298.15200805664,605,605,2912,4518,605,605,605,605,0,0,0,0,0,0,0,100,32353087488,8589930496,2866487296,0
199,1786320138687,880.5757598876953,12666.666666666668,2,0.3999999999999999,776.9093933105469,12666.666666666668,2,0.3999999999999999,4437.128143310547,12666.666666666668,2,0.3999999999999999,4345.703063964844,12666.666666666668,0,0.3999999999999999,20301.550384521484,605,605,2912,4518,605,605,605,605,0,0,0,0,0,0,0,100,32353087488,8589930496,2866487296,0
199,1786320138887,880.5791320800781,12400,2,0.40625,776.9135437011719,12400,2,0.40625,4437.137008666992,12400,0,0.40625,4347.998504638672,12400,0,0.40625,20304.95555114746,605,605,2912,4518,605,605,605,605,0,0,0,0,0,0,0,100,32353087488,8589930496,2866487296,0
199,1786320139087,880.5825347900391,12933.333333333334,2,0.39375000000000004,776.9176177978516,12933.333333333334,2,0.39375000000000004,4437.143508911133,12933.333333333334,2,0.39375000000000004,4350.276184082031,12866.666666666666,0,0.39375000000000004,20308.33953857422,605,605,2912,4518,605,605,605,605,0,0,0,0,0,0,0,100,32353087488,8589930496,2866487296,0
199,1786320139288,880.58642578125,12266.666666666668,2,0.4125000000000001,776.9217987060547,12266.666666666668,0,0.4125000000000001,4437.201110839844,12266.666666666668,0,0.4125000000000001,4352.525741577148,12266.666666666668,0,0.4125000000000001,20311.756134033203,605,605,2912,4518,605,605,605,605,0,0,9.523809432983398,0,0,0,0,100,32353087488,8589930496,2862555136,0
200,1786320139488,880.7566375732422,12200,0,0.40625,777.5133666992188,12200,0,0.40625,4437.915420532227,12200,0,0.40625,4353.394470214844,12200,2,0.40625,20315.160675048828,605,605,2912,4518,605,605,605,605,0,0,9.523809432983398,0,0,0,0,100,32353087488,8589930496,2895261696,0
199,1786320139688,880.7620849609375,12666.666666666668,2,0.40625,777.5314788818359,12666.666666666668,2,0.40625,4440.166564941406,12666.666666666668,0,0.40625,4353.401290893555,12666.666666666668,2,0.40625,20318.552124023438,605,605,2912,4518,605,605,605,605,2.5,12.195121765136719,64.10256958007813,2.5,2.4390242099761963,0,2.5641026496887207,19.047618865966797,32353087488,8589930496,2895261696,0
199,1786320139888,880.7658538818359,12733.333333333332,2,0.3999999999999999,777.5383911132813,12733.333333333332,2,0.3999999999999999,4442.4234619140625,12733.333333333332,0,0.3999999999999999,4353.4095458984375,12733.333333333332,2,0.3999999999999999,20321.946731567383,605,605,2912,4518,605,605,605,605,0,0,100,0,0,0,0,0,32353087488,8589930496,2895261696,0
199,1786320140088,880.7692718505859,12800,2,0.3999999999999999,777.5462951660156,12800,2,0.3999999999999999,4444.68115234375,12800,0,0.3999999999999999,4353.416259765625,12800,2,0.3999999999999999,20325.34339904785,605,605,2912,4518,605,605,605,605,0,0,100,0,0,0,0,0,32353087488,8589930496,2895261696,0
199,1786320140288,880.7728881835938,13000,2,0.39375000000000004,777.5531463623047,13000,0,0.39375000000000004,4446.933029174805,13000,0,0.39375000000000004,4353.42317199707,13000,2,0.39375000000000004,20328.741455078125,605,605,2912,4518,605,605,605,605,0,0,95.23809814453125,0,0,0,0,0,32353087488,8589930496,2891304960,0
199,1786320140488,880.7766571044922,13266.666666666666,2,0.39375000000000004,777.5600738525391,13266.666666666666,2,0.39375000000000004,4449.199417114258,13266.666666666666,0,0.39375000000000004,4353.430206298828,13266.666666666666,2,0.39375000000000004,20332.1316986084,605,605,2912,4518,605,605,605,605,0,0,100,0,0,4.761904716491699,0,0,32353087488,8589930496,2891304960,0
199,1786320140688,880.7810211181641,12800,2,0.3999999999999999,777.5670623779297,12800,2,0.3999999999999999,4451.485122680664,12800,0,0.3999999999999999,4353.43913269043,12800,2,0.3999999999999999,20335.557815551758,605,605,2912,4518,605,605,605,605,0,0,100,0,0,0,0,0,32353087488,8589930496,2891304960,0
199,1786320140888,880.7845458984375,12800,2,0.3999999999999999,777.5741729736328,12800,2,0.3999999999999999,4453.751770019531,12800,0,0.3999999999999999,4353.446258544922,12800,2,0.3999999999999999,20338.956787109375,605,605,2912,4518,605,605,605,605,0,0,100,0,0,0,0,0,32353087488,8589930496,2891304960,0
199,1786320141088,880.7879638671875,13000,2,0.39375000000000004,777.5808715820313,13000,2,0.39375000000000004,4456.003173828125,13000,0,0.39375000000000004,4353.454696655273,13000,2,0.39375000000000004,20342.35011291504,605,605,2912,4518,605,605,605,605,0,0,100,0,0,0,0,0,32353087488,8589930496,2891304960,0
199,1786320141288,880.7922058105469,12800,2,0.3999999999999999,777.5907592773438,12733.333333333332,2,0.3999999999999999,4458.253326416016,12733.333333333332,0,0.3999999999999999,4353.466262817383,12733.333333333332,0,0.3999999999999999,20345.754013061523,605,605,2912,4518,605,605,605,605,0,4.761904716491699,100,0,0,0,0,4.761904716491699,32353087488,8589930496,2886053888,0
199,1786320141489,880.796142578125,12733.333333333332,2,0.3999999999999999,777.5974273681641,12733.333333333332,0,0.3999999999999999,4460.502456665039,12733.333333333332,0,0.3999999999999999,4353.481048583984,12733.333333333332,0,0.3999999999999999,20349.152374267578,605,605,2912,4518,605,605,605,605,0,0,100,0,0,0,0,0,32353087488,8589930496,2883801088,0
199,1786320141689,880.7996978759766,13133.333333333334,2,0.39375000000000004,777.604248046875,13133.333333333334,0,0.39375000000000004,4462.756805419922,13133.333333333334,0,0.39375000000000004,4353.489181518555,13133.333333333334,0,0.39375000000000004,20352.54345703125,605,605,2912,4518,605,605,605,605,0,0,100,0,0,0,0,0,32353087488,8589930496,2883801088,0
199,1786320141889,880.8042602539063,12733.333333333332,2,0.3999999999999999,777.6112365722656,12733.333333333332,2,0.3999999999999999,4465.042205810547,12733.333333333332,0,0.3999999999999999,4353.495681762695,12733.333333333332,0,0.3999999999999999,20355.95440673828,605,605,2912,4518,605,605,605,605,0,0,100,0,0,4.761904716491699,0,0,32353087488,8589930496,2883801088,0
199,1786320142089,880.8076324462891,12733.333333333332,2,0.3999999999999999,777.6181488037109,12733.333333333332,2,0.3999999999999999,4467.301193237305,12733.333333333332,0,0.3999999999999999,4353.502212524414,12733.333333333332,2,0.3999999999999999,20359.35235595703,605,605,2912,4518,605,605,605,605,0,0,100,0,0,0,0,0,32353087488,8589930496,2883801088,0
199,1786320142289,880.8113861083984,12933.333333333334,0,0.3999999999999999,777.6253204345703,12933.333333333334,2,0.3999999999999999,4469.555404663086,12933.333333333334,0,0.3999999999999999,4353.510147094727,12933.333333333334,2,0.3999999999999999,20362.747848510742,605,605,2912,4518,605,605,605,605,0,0,100,0,0,0,0,0,32353087488,8589930496,2879225856,0
199,1786320142489,880.8197021484375,12733.333333333332,2,0.3999999999999999,777.6318969726563,12733.333333333332,2,0.3999999999999999,4471.814361572266,12733.333333333332,0,0.3999999999999999,4353.5167236328125,12733.333333333332,2,0.3999999999999999,20366.149978637695,605,605,2912,4518,605,605,605,605,0,0,100,0,0,0,0,0,32353087488,8589930496,2879225856,0
199,1786320142689,880.8242645263672,12866.666666666666,2,0.3999999999999999,777.638671875,12866.666666666666,2,0.3999999999999999,4474.066558837891,12866.666666666666,0,0.3999999999999999,4353.522979736328,12866.666666666666,2,0.3999999999999999,20369.54429626465,605,605,2912,4518,605,605,605,605,0,0,100,0,0,0,0,0,32353087488,8589930496,2879225856,0
199,1786320142889,880.8292694091797,12866.666666666666,2,0.3999999999999999,777.6455993652344,12866.666666666666,2,0.3999999999999999,4476.3221435546875,12866.666666666666,0,0.3999999999999999,4353.529373168945,12866.666666666666,2,0.3999999999999999,20372.943084716797,605,605,2912,4518,605,605,605,605,0,0,100,0,0,0,0,0,32353087488,8589930496,2879225856,0
199,1786320143089,880.8341674804688,13000,2,0.39375000000000004,777.6524505615234,13000,2,0.39375000000000004,4478.592437744141,13000,0,0.39375000000000004,4353.53564453125,13000,2,0.39375000000000004,20376.356063842773,605,605,2912,4518,605,605,605,605,0,0,100,0,0,0,0,0,32353087488,8589930496,2879225856,0
199,1786320143289,880.8378295898438,12800,2,0.3999999999999999,777.6592864990234,12800,2,0.3999999999999999,4480.850891113281,12800,0,0.3999999999999999,4353.542541503906,12800,2,0.3999999999999999,20379.760147094727,605,605,2912,4518,605,605,605,605,0,0,100,0,0,0,0,0,32353087488,8589930496,2876157952,0
199,1786320143489,880.841552734375,12800,2,0.3999999999999999,777.6662445068359,12800,2,0.3999999999999999,4483.114730834961,12800,0,0.3999999999999999,4353.549102783203,12800,2,0.3999999999999999,20383.159698486328,605,605,2912,4518,605,605,605,605,0,0,100,0,0,0,0,0,32353087488,8589930496,2876157952,0
199,1786320143689,880.8450317382813,12933.333333333334,2,0.39375000000000004,777.6731872558594,12933.333333333334,2,0.39375000000000004,4485.374084472656,12933.333333333334,0,0.39375000000000004,4353.555740356445,12933.333333333334,2,0.39375000000000004,20386.554962158203,605,605,2912,4518,605,605,605,605,0,0,100,0,0,0,0,0,32353087488,8589930496,2876157952,0
199,1786320143890,880.8484649658203,12733.333333333332,2,0.3999999999999999,777.6800231933594,12733.333333333332,2,0.3999999999999999,4487.634780883789,12733.333333333332,0,0.3999999999999999,4353.5635986328125,12733.333333333332,0,0.3999999999999999,20389.958404541016,605,605,2912,4518,605,605,605,605,0,0,100,4.761904716491699,0,0,0,0,32353087488,8589930496,2876157952,0
199,1786320144090,880.8522033691406,12666.666666666668,2,0.40625,777.6863708496094,12600,0,0.3999999999999999,4489.914398193359,12600,0,0.3999999999999999,4353.570114135742,12600,0,0.3999999999999999,20393.360244750977,605,605,2912,4518,605,605,605,605,0,0,100,0,0,0,0,0,32353087488,8589930496,2876157952,0
199,1786320144290,880.8558197021484,12733.333333333332,2,0.3999999999999999,777.6931610107422,12733.333333333332,2,0.3999999999999999,4492.1724853515625,12733.333333333332,0,0.3999999999999999,4353.576583862305,12733.333333333332,0,0.3999999999999999,20396.75762939453,605,605,2912,4518,605,605,605,605,0,0,100,0,0,0,0,0,32353087488,8589930496,2873470976,0
199,1786320144490,880.8593902587891,12866.666666666666,2,0.3999999999999999,777.6999664306641,12866.666666666666,2,0.3999999999999999,4494.431930541992,12866.666666666666,0,0.3999999999999999,4353.584823608398,12866.666666666666,2,0.3999999999999999,20400.152053833008,605,605,2912,4518,605,605,605,605,0,0,100,0,0,0,0,0,32353087488,8589930496,2873470976,0
199,1786320144690,880.8628997802734,12800,2,0.3999999999999999,777.7067718505859,12800,2,0.3999999999999999,4496.696533203125,12800,0,0.3999999999999999,4353.591461181641,12800,2,0.3999999999999999,20403.55238342285,605,605,2912,4518,605,605,605,605,0,0,100,0,0,0,0,0,32353087488,8589930496,2873470976,0
199,1786320144890,880.8663177490234,12666.666666666668,2,0.40625,777.7131805419922,12666.666666666668,2,0.40625,4498.961990356445,12666.666666666668,0,0.40625,4353.598526000977,12666.666666666668,2,0.40625,20406.955200195313,605,605,2912,4518,605,605,605,605,0,0,100,0,0,0,0,0,32353087488,8589930496,2873470976,0
199,1786320145090,880.8699645996094,12933.333333333334,2,0.39375000000000004,777.7196960449219,12933.333333333334,2,0.39375000000000004,4501.227813720703,12933.333333333334,0,0.39375000000000004,4353.605316162109,12933.333333333334,2,0.39375000000000004,20410.345596313477,605,605,2912,4518,605,605,605,605,0,0,100,0,0,0,0,0,32353087488,8589930496,2873470976,0
199,1786320145290,880.8757781982422,12800,2,0.3999999999999999,777.7295532226563,12800,2,0.3999999999999999,4503.490936279297,12800,0,0.3999999999999999,4353.615692138672,12800,2,0.3999999999999999,20413.76579284668,605,605,2912,4518,605,605,605,605,0,0,100,0,0,0,0,0,32353087488,8589930496,2864988160,0
199,1786320145490,880.8797912597656,12800,2,0.3999999999999999,777.7364044189453,12800,2,0.3999999999999999,4505.734527587891,12800,0,0.3999999999999999,4353.626846313477,12800,0,0.3999999999999999,20417.148956298828,605,605,2912,4518,605,605,605,605,0,0,100,0,0,0,4.761904716491699,4.761904716491699,32353087488,8589930496,2864988160,0
199,1786320145690,881.0755310058594,12800,2,0.3999999999999999,777.8883819580078,12800,2,0.3999999999999999,4505.959442138672,12800,2,0.3999999999999999,4355.3966064453125,12800,0,0.3999999999999999,20420.557571411133,605,605,2912,4518,605,605,605,605,4.761904716491699,5,9.523809432983398,75,5,5.263157844543457,4.761904716491699,0,32353087488,8589930496,2871660544,0
199,1786320145891,881.0791625976563,12733.333333333332,2,0.3999999999999999,777.8935394287109,12733.333333333332,2,0.3999999999999999,4505.967178344727,12733.333333333332,2,0.3999999999999999,4357.681991577148,12733.333333333332,0,0.3999999999999999,20423.958541870117,605,605,2912,4518,605,605,605,605,0,0,0,100,4.761904716491699,0,0,0,32353087488,8589930496,2871660544,0
199,1786320146091,881.0829467773438,13066.666666666666,2,0.39375000000000004,777.8988189697266,13066.666666666666,0,0.39375000000000004,4506.966049194336,13066.666666666666,0,0.39375000000000004,4358.961730957031,13066.666666666666,2,0.39375000000000004,20427.34521484375,605,605,2912,4518,605,605,605,605,0,0,45,55,0,0,0,0,32353087488,8589930496,2871803904,0
199,1786320146291,881.0870208740234,13800,2,0.375,777.9094543457031,13800,0,0.375,4509.229263305664,13800,0,0.375,4358.969192504883,13800,0,0.375,20430.72525024414,605,605,2912,4518,605,605,605,605,0,0,45,55,0,0,0,0,32353087488,8589930496,2865274880,0
199,1786320146491,881.0913543701172,12733.333333333332,2,0.3999999999999999,777.9170684814453,12733.333333333332,2,0.3999999999999999,4511.532180786133,12733.333333333332,0,0.3999999999999999,4358.975677490234,12733.333333333332,0,0.3999999999999999,20434.153839111328,605,605,2912,4518,605,605,605,605,0,0,100,0,0,0,0,0,32353087488,8589930496,2865274880,0
199,1786320146691,881.0948333740234,12866.666666666666,2,0.3999999999999999,777.9234161376953,12866.666666666666,2,0.3999999999999999,4513.801803588867,12866.666666666666,0,0.3999999999999999,4358.982284545898,12866.666666666666,0,0.3999999999999999,20437.547729492188,605,605,2912,4518,605,605,605,605,0,0,100,0,0,0,0,0,32353087488,8589930496,2865274880,0
199,1786320146891,881.0981750488281,12733.333333333332,2,0.3999999999999999,777.9301910400391,12733.333333333332,2,0.3999999999999999,4516.068756103516,12733.333333333332,0,0.3999999999999999,4358.988784790039,12733.333333333332,2,0.3999999999999999,20440.95034790039,605,605,2912,4518,605,605,605,605,0,0,100,0,0,0,0,0,32353087488,8589930496,2865274880,0
199,1786320147091,881.1014251708984,12800,2,0.3999999999999999,777.9370422363281,12800,2,0.3999999999999999,4518.337997436523,12800,0,0.3999999999999999,4358.996032714844,12800,2,0.3999999999999999,20444.346115112305,605,605,2912,4518,605,605,605,605,0,0,100,0,0,0,0,0,32353087488,8589930496,2865274880,0
199,1786320147291,881.1050262451172,12800,2,0.3999999999999999,777.9440460205078,12800,2,0.3999999999999999,4520.607757568359,12800,0,0.3999999999999999,4359.003234863281,12800,2,0.3999999999999999,20447.744750976563,605,605,2912,4518,605,605,605,605,0,0,100,0,0,0,0,0,32353087488,8589930496,2865274880,0
199,1786320147491,881.1085815429688,12800,2,0.3999999999999999,777.9510345458984,12800,2,0.3999999999999999,4522.872100830078,12800,0,0.3999999999999999,4359.012939453125,12800,2,0.3999999999999999,20451.142578125,605,605,2912,4518,605,605,605,605,0,0,100,0,0,0,0,0,32353087488,8589930496,2865274880,0
199,1786320147691,881.1120758056641,12866.666666666666,2,0.3999999999999999,777.9578552246094,12866.666666666666,2,0.3999999999999999,4525.147491455078,12866.666666666666,0,0.3999999999999999,4359.021011352539,12866.666666666666,2,0.3999999999999999,20454.556640625,605,605,2912,4518,605,605,605,605,0,0,100,0,0,0,0,0,32353087488,8589930496,2865274880,0
199,1786320147891,881.1155395507813,12733.333333333332,2,0.3999999999999999,777.9650421142578,12733.333333333332,2,0.3999999999999999,4527.418243408203,12733.333333333332,0,0.3999999999999999,4359.029357910156,12733.333333333332,2,0.3999999999999999,20457.95880126953,605,605,2912,4518,605,605,605,605,0,0,100,0,0,0,0,0,32353087488,8589930496,2865274880,0
199,1786320148092,881.1191253662109,13000,2,0.39375000000000004,777.9719543457031,13000,2,0.39375000000000004,4529.691299438477,13000,0,0.39375000000000004,4359.038925170898,13000,2,0.39375000000000004,20461.35028076172,605,605,2912,4518,605,605,605,605,0,0,100,4.761904716491699,0,0,0,0,32353087488,8589930496,2865274880,0
199,1786320148292,881.1240386962891,13466.666666666666,2,0.3812500000000001,777.9790344238281,13466.666666666666,2,0.3812500000000001,4531.963562011719,14000,0,0.3812500000000001,4359.048629760742,14000,2,0.375,20464.738311767578,605,605,2912,4518,605,605,605,605,0,0,100,4.761904716491699,0,0,0,0,32353087488,8589930496,2864377856,0
199,1786320148492,881.1283416748047,12600,2,0.3999999999999999,777.9839477539063,12600,2,0.40625,4531.970001220703,12600,0,0.40625,4361.346405029297,12600,0,0.40625,20468.16046142578,605,605,2912,4518,605,605,605,605,0,0,0,100,0,0,0,0,32353087488,8589930496,2862346240,0
199,1786320148692,881.1317749023438,12733.333333333332,2,0.3999999999999999,777.9880981445313,12733.333333333332,2,0.3999999999999999,4531.976547241211,12733.333333333332,0,0.3999999999999999,4363.640441894531,12733.333333333332,0,0.3999999999999999,20471.554977416992,605,605,2912,4518,605,605,605,605,0,0,0,100,0,0,0,0,32353087488,8589930496,2862346240,0
199,1786320148892,881.1351928710938,12400,2,0.40625,777.9922180175781,12400,2,0.40625,4531.982849121094,12400,0,0.40625,4365.942443847656,12400,0,0.40625,20474.962966918945,605,605,2912,4518,605,605,605,605,0,0,0,100,0,0,0,0,32353087488,8589930496,2862346240,0
199,1786320149092,881.1385650634766,12733.333333333332,2,0.3999999999999999,777.9969482421875,12733.333333333332,2,0.3999999999999999,4531.989196777344,12733.333333333332,2,0.3999999999999999,4368.225891113281,12733.333333333332,0,0.3999999999999999,20478.351821899414,605,605,2912,4518,605,605,605,605,0,0,0,100,0,0,0,0,32353087488,8589930496,2862346240,0
199,1786320149292,881.1423034667969,13133.333333333334,2,0.39375000000000004,778.0059814453125,13133.333333333334,2,0.39375000000000004,4532.652038574219,13133.333333333334,0,0.39375000000000004,4369.835998535156,13133.333333333334,2,0.39375000000000004,20481.7430267334,605,605,2912,4518,605,605,605,605,0,0,30.000001907348633,71.42857360839844,0,0,0,0,32353087488,8589930496,2862346240,0
199,1786320149492,881.1461486816406,12800,2,0.3999999999999999,778.0157928466797,12800,2,0.3999999999999999,4534.927047729492,12800,0,0.3999999999999999,4369.854904174805,12800,2,0.3999999999999999,20485.16567993164,605,605,2912,4518,605,605,605,605,0,0,100,0,0,0,0,0,32353087488,8589930496,2862346240,0
199,1786320149692,881.1495056152344,12933.333333333334,2,0.3999999999999999,778.0225067138672,12933.333333333334,2,0.3999999999999999,4537.182220458984,12933.333333333334,0,0.3999999999999999,4369.864349365234,12933.333333333334,2,0.3999999999999999,20488.54473876953,605,605,2912,4518,605,605,605,605,0,0,100,0,0,0,0,0,32353087488,8589930496,2862346240,0
199,1786320149892,881.1529388427734,12866.666666666666,2,0.3999999999999999,778.0291748046875,12866.666666666666,2,0.3999999999999999,4539.447830200195,12866.666666666666,0,0.3999999999999999,4369.871231079102,12866.666666666666,2,0.3999999999999999,20491.944244384766,605,605,2912,4518,605,605,605,605,0,0,100,0,0,0,0,0,32353087488,8589930496,2862346240,0
199,1786320150092,881.1563415527344,13000,2,0.3999999999999999,778.035888671875,13000,2,0.3999999999999999,4541.730804443359,13000,0,0.3999999999999999,4369.880386352539,13000,2,0.3999999999999999,20495.357162475586,605,605,2912,4518,605,605,605,605,0,4.761904716491699,100,0,0,0,0,0,32353087488,8589930496,2862346240,0
199,1786320150293,881.1598815917969,12866.666666666666,2,0.3999999999999999,778.0429382324219,12866.666666666666,2,0.3999999999999999,4544.003646850586,12866.666666666666,0,0.3999999999999999,4369.887054443359,12866.666666666666,2,0.3999999999999999,20498.76058959961,605,605,2912,4518,605,605,605,605,0,0,100,0,0,0,0,0,32353087488,8589930496,2860015616,0
199,1786320150493,881.1634521484375,12800,2,0.3999999999999999,778.0500183105469,12800,2,0.3999999999999999,4546.270950317383,12800,0,0.3999999999999999,4369.8968505859375,12800,2,0.3999999999999999,20502.161849975586,605,605,2912,4518,605,605,605,605,0,0,100,0,0,0,0,0,32353087488,8589930496,2860015616,0
199,1786320150693,881.1669921875,12866.666666666666,2,0.3999999999999999,778.08740234375,12866.666666666666,2,0.3999999999999999,4548.492813110352,12866.666666666666,0,0.3999999999999999,4369.905685424805,12866.666666666666,2,0.3999999999999999,20505.558853149414,605,605,2912,4518,605,605,605,605,0,0,100,0,0,0,0,0,32353087488,8589930496,2860015616,0
199,1786320150893,881.1782684326172,12933.333333333334,2,0.39375000000000004,778.0943756103516,12933.333333333334,2,0.39375000000000004,4550.754165649414,12933.333333333334,0,0.39375000000000004,4369.913513183594,12933.333333333334,0,0.3999999999999999,20508.957565307617,605,605,2912,4518,605,605,605,605,5,0,100,0,0,0,0,0,32353087488,8589930496,2860015616,0
199,1786320151093,881.1816253662109,12933.333333333334,2,0.3999999999999999,778.1014556884766,12933.333333333334,2,0.3999999999999999,4553.029235839844,12933.333333333334,0,0.3999999999999999,4369.922592163086,12933.333333333334,0,0.3999999999999999,20512.355392456055,605,605,2912,4518,605,605,605,605,0,0,100,0,0,0,0,0,32353087488,8589930496,2860015616,0
199,1786320151293,881.1856231689453,12600,2,0.40625,778.1076049804688,12600,2,0.40625,4555.271133422852,12600,0,0.40625,4369.978973388672,12600,0,0.40625,20515.763641357422,605,605,2912,4518,605,605,605,605,0,0,100,0,0,0,0,9.523809432983398,32353087488,8589930496,2857775104,0
199,1786320151493,881.1890106201172,12866.666666666666,2,0.3999999999999999,778.1139984130859,12866.666666666666,2,0.3999999999999999,4557.5357666015625,12866.666666666666,0,0.3999999999999999,4369.985687255859,12866.666666666666,2,0.3999999999999999,20519.154098510742,605,605,2912,4518,605,605,605,605,0,0,100,0,0,0,0,0,32353087488,8589930496,2857775104,0
199,1786320151693,881.3310699462891,15400,0,0.3062499999999999,778.2747192382813,15400,2,0.3062499999999999,4559.1036376953125,15400,2,0.3062499999999999,4370.401840209961,15400,0,0.3062499999999999,20522.480545043945,605,605,2912,4518,605,605,605,605,0,5,68.42105102539063,20,0,5,5,5,32353087488,8589930496,2849304576,0
199,1786320151893,881.3808898925781,12800,2,0.3999999999999999,778.2800750732422,12800,2,0.3999999999999999,4559.115951538086,12800,2,0.3999999999999999,4372.694046020508,12800,0,0.3999999999999999,20525.960723876953,605,605,2912,4518,605,605,605,605,0,0,0,100,4.545454502105713,0,0,0,32353087488,8589930496,2849411072,0
199,1786320152093,881.384521484375,12733.333333333332,2,0.3999999999999999,778.2831726074219,12733.333333333332,2,0.3999999999999999,4559.125869750977,12733.333333333332,2,0.3999999999999999,4374.974533081055,12733.333333333332,0,0.3999999999999999,20529.359436035156,605,605,2912,4518,605,605,605,605,0,0,0,100,0,0,0,0,32353087488,8589930496,2849411072,0
199,1786320152293,881.3883666992188,12600,2,0.3999999999999999,778.2872161865234,12600,2,0.3999999999999999,4559.133148193359,12600,2,0.3999999999999999,4377.262664794922,12600,0,0.3999999999999999,20532.779830932617,605,605,2912,4518,605,605,605,605,0,0,0,100,0,0,0,0,32353087488,8589930496,2848047104,0
199,1786320152494,881.3918151855469,12733.333333333332,2,0.3999999999999999,778.2903594970703,12733.333333333332,2,0.3999999999999999,4559.141662597656,12733.333333333332,2,0.3999999999999999,4379.558700561523,12733.333333333332,0,0.3999999999999999,20536.172241210938,605,605,2912,4518,605,605,605,605,0,0,0,100,0,0,0,0,32353087488,8589930496,2848047104,0
199,1786320152694,881.395263671875,12866.666666666666,2,0.3999999999999999,778.2935791015625,12866.666666666666,2,0.3999999999999999,4559.14973449707,12866.666666666666,2,0.3999999999999999,4381.838165283203,12866.666666666666,0,0.3999999999999999,20539.56817626953,605,605,2912,4518,605,605,605,605,0,0,0,100,0,0,0,0,32353087488,8589930496,2848047104,0
199,1786320152894,881.3986511230469,12533.333333333332,2,0.40625,778.2994384765625,12533.333333333332,2,0.40625,4559.156692504883,12533.333333333332,2,0.40625,4384.136505126953,12533.333333333332,0,0.40625,20542.97625732422,605,605,2912,4518,605,605,605,605,0,0,0,100,0,0,0,0,32353087488,8589930496,2848047104,0
199,1786320153094,881.4021759033203,12666.666666666668,2,0.3999999999999999,778.3029479980469,12666.666666666668,2,0.3999999999999999,4559.164489746094,12666.666666666668,2,0.3999999999999999,4386.422424316406,12666.666666666668,0,0.3999999999999999,20546.3701171875,605,605,2912,4518,605,605,605,605,0,0,0,100,0,0,0,0,32353087488,8589930496,2848047104,0
200,1786320153294,881.4066467285156,12800,2,0.3999999999999999,778.3176422119141,12800,0,0.3999999999999999,4559.1727294921875,12800,2,0.3999999999999999,4388.674057006836,12800,0,0.3999999999999999,20549.7498626709,605,605,2912,4518,605,605,605,605,0,0,0,100,0,0,0,0,32353087488,8589930496,2846507008,0
199,1786320153494,881.4113006591797,12866.666666666666,2,0.39375000000000004,778.3246612548828,12866.666666666666,0,0.39375000000000004,4559.179382324219,12866.666666666666,2,0.39375000000000004,4390.9608154296875,12866.666666666666,0,0.39375000000000004,20553.160552978516,605,605,2912,4518,605,605,605,605,0,0,0,100,0,0,0,0,32353087488,8589930496,2846507008,0
200,1786320153694,881.4155426025391,12800,2,0.3999999999999999,778.3280487060547,12800,0,0.3999999999999999,4559.185516357422,12800,2,0.3999999999999999,4393.250442504883,12800,0,0.3999999999999999,20556.562072753906,605,605,2912,4518,605,605,605,605,0,0,0,100,0,0,0,0,32353087488,8589930496,2846507008,0
199,1786320153894,881.4197998046875,12733.333333333332,2,0.3999999999999999,778.3317260742188,12733.333333333332,2,0.3999999999999999,4559.191650390625,12733.333333333332,2,0.3999999999999999,4395.5338134765625,12733.333333333332,0,0.3999999999999999,20559.964477539063,605,605,2912,4518,605,605,605,605,0,0,0,100,0,0,0,0,32353087488,8589930496,2846507008,0
199,1786320154094,881.4241485595703,12866.666666666666,2,0.39375000000000004,778.3371734619141,12866.666666666666,2,0.39375000000000004,4559.198654174805,12866.666666666666,2,0.39375000000000004,4397.818344116211,12866.666666666666,0,0.39375000000000004,20563.359008789063,605,605,2912,4518,605,605,605,605,0,0,0,100,0,0,0,0,32353087488,8589930496,2846507008,0
199,1786320154294,881.4288635253906,12733.333333333332,2,0.3999999999999999,778.3416137695313,12733.333333333332,2,0.3999999999999999,4559.205078125,12733.333333333332,2,0.3999999999999999,4400.102325439453,12733.333333333332,0,0.3999999999999999,20566.765075683594,605,605,2912,4518,605,605,605,605,0,0,0,100,0,0,0,0,32353087488,8589930496,2846208000,0
199,1786320154494,881.4334259033203,12733.333333333332,2,0.40625,778.3453063964844,12733.333333333332,2,0.40625,4559.213150024414,12733.333333333332,2,0.40625,4402.391372680664,12733.333333333332,0,0.40625,20570.16291809082,605,605,2912,4518,605,605,605,605,0,4.761904716491699,0,100,0,0,0,0,32353087488,8589930496,2846154752,0
199,1786320154694,881.4377746582031,13000,2,0.39375000000000004,778.3484191894531,13000,2,0.39375000000000004,4559.21989440918,13000,2,0.39375000000000004,4404.684265136719,13000,0,0.39375000000000004,20573.553421020508,605,605,2912,4518,605,605,605,605,0,0,0,100,0,0,0,0,32353087488,8589930496,2846154752,0
199,1786320154895,881.4412689208984,12666.666666666668,2,0.3999999999999999,778.3516540527344,12666.666666666668,2,0.3999999999999999,4559.226913452148,12666.666666666668,2,0.3999999999999999,4406.9737548828125,12666.666666666668,0,0.3999999999999999,20576.9598236084,605,605,2912,4518,605,605,605,605,0,0,0,100,0,0,0,0,32353087488,8589930496,2846154752,0
199,1786320155095,881.4447631835938,12866.666666666666,2,0.3999999999999999,778.3550415039063,12866.666666666666,2,0.3999999999999999,4559.234588623047,12866.666666666666,2,0.3999999999999999,4409.267349243164,12866.666666666666,0,0.3999999999999999,20580.372314453125,605,605,2912,4518,605,605,605,605,4.761904716491699,0,4.761904716491699,100,0,0,0,0,32353087488,8589930496,2846154752,0
199,1786320155295,881.4484100341797,12733.333333333332,2,0.3999999999999999,778.3583221435547,12733.333333333332,2,0.3999999999999999,4559.242233276367,12733.333333333332,2,0.3999999999999999,4411.548751831055,12733.333333333332,0,0.3999999999999999,20583.77456665039,605,605,2912,4518,605,605,605,605,0,0,0,100,0,0,0,0,32353087488,8589930496,2846154752,0
199,1786320155495,881.4523010253906,12800,2,0.3999999999999999,778.3618927001953,12800,2,0.3999999999999999,4559.2503662109375,12800,2,0.3999999999999999,4413.83610534668,12800,0,0.3999999999999999,20587.170867919922,605,605,2912,4518,605,605,605,605,0,0,0,100,0,0,0,0,32353087488,8589930496,2846154752,0
199,1786320155695,881.455810546875,12800,2,0.3999999999999999,778.3653717041016,12800,2,0.3999999999999999,4559.260162353516,12800,2,0.3999999999999999,4416.123001098633,12800,0,0.3999999999999999,20590.569381713867,605,605,2912,4518,605,605,605,605,0,0,0,100,0,0,0,0,32353087488,8589930496,2846154752,0
200,1786320155895,881.4592742919922,13666.666666666666,2,0.375,778.3686828613281,13666.666666666666,2,0.3687499999999999,4559.267333984375,13666.666666666666,0,0.3687499999999999,4418.39274597168,13666.666666666666,0,0.3687499999999999,20593.945770263672,605,605,2912,4518,605,605,605,605,0,0,0,100,0,0,0,0,32353087488,8589930496,2846154752,0
199,1786320156095,881.4641418457031,13266.666666666666,2,0.3812500000000001,778.3736724853516,13266.666666666666,2,0.3812500000000001,4559.274703979492,13266.666666666666,0,0.3812500000000001,4420.713485717773,13266.666666666666,0,0.3812500000000001,20597.359664916992,605,605,2912,4518,605,605,605,605,0,0,0,100,0,0,0,0,32353087488,8589930496,2846154752,0
199,1786320156295,881.4685516357422,12733.333333333332,2,0.3999999999999999,778.3774108886719,12733.333333333332,2,0.3999999999999999,4559.284774780273,12733.333333333332,2,0.3999999999999999,4423.003311157227,12733.333333333332,0,0.3999999999999999,20600.770706176758,605,605,2912,4518,605,605,605,605,0,0,0,100,0,0,0,0,32353087488,8589930496,2846154752,0
199,1786320156495,881.4723358154297,12866.666666666666,2,0.3999999999999999,778.380859375,12866.666666666666,2,0.3999999999999999,4559.291976928711,12866.666666666666,2,0.3999999999999999,4425.285110473633,12866.666666666666,0,0.3999999999999999,20604.165420532227,605,605,2912,4518,605,605,605,605,0,0,0,100,0,0,0,0,32353087488,8589930496,2846154752,0
199,1786320156695,881.4760284423828,12666.666666666668,2,0.40625,778.3840942382813,12666.666666666668,2,0.40625,4559.2994384765625,12666.666666666668,2,0.40625,4427.567245483398,12666.666666666668,0,0.40625,20607.570587158203,605,605,2912,4518,605,605,605,605,0,0,0,100,0,0,0,0,32353087488,8589930496,2846154752,0
199,1786320156895,881.4794311523438,12733.333333333332,2,0.3999999999999999,778.3876647949219,12733.333333333332,2,0.3999999999999999,4559.3087158203125,12733.333333333332,2,0.3999999999999999,4429.848434448242,12733.333333333332,0,0.3999999999999999,20610.965118408203,605,605,2912,4518,605,605,605,605,0,0,0,100,0,0,0,0,32353087488,8589930496,2846154752,0
199,1786320157096,881.4831390380859,12800,2,0.3999999999999999,778.3909759521484,12800,2,0.3999999999999999,4559.316329956055,12800,2,0.3999999999999999,4432.14631652832,12800,0,0.3999999999999999,20614.38037109375,605,605,2912,4518,605,605,605,605,0,0,0,100,0,0,0,0,32353087488,8589930496,2846154752,0
199,1786320157296,881.4872894287109,12733.333333333332,2,0.3999999999999999,778.3966369628906,12733.333333333332,2,0.3999999999999999,4559.323989868164,12733.333333333332,2,0.3999999999999999,4434.425918579102,12733.333333333332,0,0.3999999999999999,20617.780014038086,605,605,2912,4518,605,605,605,605,0,0,0,100,0,0,0,0,32353087488,8589930496,2846154752,0
199,1786320157496,881.4916687011719,14000,2,0.36250000000000004,778.4009552001953,14000,2,0.36250000000000004,4559.333724975586,14000,2,0.36250000000000004,4436.6993408203125,14000,0,0.36250000000000004,20621.145233154297,605,605,2912,4518,605,605,605,605,0,0,0,100,0,0,2.4390242099761963,0,32353087488,8589930496,2846154752,0
199,1786320157696,881.4963226318359,13400,2,0.3812500000000001,778.4057464599609,13400,2,0.3812500000000001,4559.341262817383,13400,2,0.3812500000000001,4439.015319824219,13400,0,0.3812500000000001,20624.561950683594,605,605,2912,4518,605,605,605,605,0,0,0,100,0,0,0,0,32353087488,8589930496,2846154752,0
199,1786320157896,881.6865386962891,12933.333333333334,2,0.3999999999999999,778.5769348144531,12933.333333333334,2,0.3999999999999999,4560.860076904297,12933.333333333334,0,0.3999999999999999,4439.48095703125,12933.333333333334,2,0.3999999999999999,20627.985916137695,605,605,2912,4518,605,605,605,605,5,4.761904716491699,5,20,5,0,65,5,32353087488,8589930496,2909216768,0
199,1786320158096,881.6950531005859,12866.666666666666,0,0.3999999999999999,778.5822906494141,12866.666666666666,2,0.3999999999999999,4563.11555480957,12866.666666666666,0,0.3999999999999999,4439.510482788086,12866.666666666666,2,0.3999999999999999,20631.384216308594,605,605,2912,4518,605,605,605,605,0,0,0,0,0,0,100,0,32353087488,8589930496,2909216768,0
199,1786320158296,881.7017059326172,12800,2,0.3999999999999999,778.5892333984375,12800,0,0.3999999999999999,4565.386505126953,12800,0,0.3999999999999999,4439.517974853516,12800,2,0.3999999999999999,20634.782745361328,605,605,2912,4518,605,605,605,605,0,0,0,0,0,0,100,0,32353087488,8589930496,2909044736,0
199,1786320158496,881.7104797363281,12866.666666666666,0,0.3999999999999999,778.5954895019531,12866.666666666666,2,0.3999999999999999,4567.66242980957,12866.666666666666,0,0.3999999999999999,4439.524826049805,12866.666666666666,2,0.3999999999999999,20638.17936706543,605,605,2912,4518,605,605,605,605,0,0,0,0,0,0,100,0,32353087488,8589930496,2909044736,0
199,1786320158696,881.7173461914063,12866.666666666666,2,0.3999999999999999,778.6015625,12866.666666666666,2,0.3999999999999999,4569.941741943359,12866.666666666666,0,0.3999999999999999,4439.531677246094,12866.666666666666,2,0.3999999999999999,20641.578247070313,605,605,2912,4518,605,605,605,605,0,0,0,0,0,0,100,0,32353087488,8589930496,2909044736,0
199,1786320158896,881.7209320068359,12933.333333333334,2,0.3999999999999999,778.6077575683594,12933.333333333334,2,0.3999999999999999,4572.219146728516,12933.333333333334,0,0.3999999999999999,4439.538635253906,12933.333333333334,2,0.3999999999999999,20644.97410583496,605,605,2912,4518,605,605,605,605,0,0,0,0,0,0,100,0,32353087488,8589930496,2909044736,0
199,1786320159096,881.7242431640625,12866.666666666666,2,0.3999999999999999,778.6139526367188,12866.666666666666,2,0.3999999999999999,4574.499801635742,12866.666666666666,0,0.3999999999999999,4439.548141479492,12866.666666666666,2,0.3999999999999999,20648.372650146484,605,605,2912,4518,605,605,605,605,0,0,0,0,0,0,100,0,32353087488,8589930496,2902167552,0
199,1786320159297,881.7290191650391,12933.333333333334,2,0.39375000000000004,778.6207122802734,12933.333333333334,2,0.39375000000000004,4576.770217895508,12933.333333333334,0,0.39375000000000004,4439.55729675293,12933.333333333334,2,0.39375000000000004,20651.770111083984,605,605,2912,4518,605,605,605,605,0,4.761904716491699,0,0,0,0,100,0,32353087488,8589930496,2902020096,0
199,1786320159497,881.7334594726563,12800,2,0.3999999999999999,778.6268768310547,12800,2,0.3999999999999999,4579.045059204102,12800,0,0.3999999999999999,4439.566223144531,12800,2,0.3999999999999999,20655.172286987305,605,605,2912,4518,605,605,605,605,0,0,0,0,0,0,100,0,32353087488,8589930496,2902020096,0
199,1786320159697,881.7381896972656,13933.333333333334,2,0.3687499999999999,778.6330718994141,13933.333333333334,2,0.3687499999999999,4581.312957763672,13933.333333333334,0,0.3687499999999999,4439.573501586914,13933.333333333334,2,0.3687499999999999,20658.542022705078,605,605,2912,4518,605,605,605,605,0,0,0,0,0,0,100,0,32353087488,8589930496,2902020096,0
199,1786320159897,881.7433624267578,12800,2,0.3999999999999999,778.6393280029297,12800,2,0.3999999999999999,4583.641128540039,12800,0,0.3999999999999999,4439.582244873047,12800,2,0.3999999999999999,20661.98957824707,605,605,2912,4518,605,605,605,605,0,0,0,0,0,0,100,0,32353087488,8589930496,2902020096,0
199,1786320160097,881.7476501464844,13000,2,0.39375000000000004,778.6453857421875,13000,2,0.39375000000000004,4585.91650390625,13000,0,0.39375000000000004,4439.588775634766,13000,2,0.39375000000000004,20665.38247680664,605,605,2912,4518,605,605,605,605,0,0,0,0,0,0,100,0,32353087488,8589930496,2902020096,0
199,1786320160297,881.7520904541016,12733.333333333332,2,0.40625,778.6521453857422,12733.333333333332,2,0.40625,4588.196304321289,12733.333333333332,0,0.40625,4439.5985107421875,12733.333333333332,2,0.40625,20668.788681030273,605,605,2912,4518,605,605,605,605,0,0,0,0,0,0,100,0,32353087488,8589930496,2894647296,0
199,1786320160497,881.7564544677734,13066.666666666666,2,0.39375000000000004,778.6582336425781,13066.666666666666,2,0.39375000000000004,4590.477462768555,13066.666666666666,0,0.39375000000000004,4439.6077880859375,13066.666666666666,2,0.39375000000000004,20672.17626953125,605,605,2912,4518,605,605,605,605,0,0,0,0,0,0,100,0,32353087488,8589930496,2894647296,0
199,1786320160697,881.7607116699219,12933.333333333334,2,0.3999999999999999,778.6640930175781,12933.333333333334,2,0.3999999999999999,4592.75944519043,12933.333333333334,0,0.3999999999999999,4439.6142578125,12866.666666666666,0,0.3999999999999999,20675.579620361328,605,605,2912,4518,605,605,605,605,0,0,0,0,0,0,100,0,32353087488,8589930496,2894647296,0
199,1786320160897,881.7649688720703,12933.333333333334,2,0.3999999999999999,778.6701354980469,12933.333333333334,0,0.3999999999999999,4595.049499511719,12933.333333333334,0,0.3999999999999999,4439.622802734375,12933.333333333334,0,0.3999999999999999,20678.978073120117,605,605,2912,4518,605,605,605,605,0,0,0,0,0,0,100,0,32353087488,8589930496,2894647296,0
199,1786320161097,881.7691955566406,12866.666666666666,2,0.3999999999999999,778.6763000488281,12866.666666666666,2,0.3999999999999999,4597.337265014648,12866.666666666666,0,0.3999999999999999,4439.6309814453125,12866.666666666666,0,0.3999999999999999,20682.379684448242,605,605,2912,4518,605,605,605,605,0,0,0,0,0,0,100,0,32353087488,8589930496,2894647296,0
199,1786320161297,881.7775115966797,12733.333333333332,2,0.3999999999999999,778.68603515625,12733.333333333332,2,0.3999999999999999,4599.597946166992,12733.333333333332,0,0.3999999999999999,4439.642852783203,12733.333333333332,2,0.3999999999999999,20685.7625579834,605,605,2912,4518,605,605,605,605,0,0,0,0,0,0,100,0,32353087488,8589930496,2888196096,0
199,1786320161498,881.7820892333984,12933.333333333334,2,0.3999999999999999,778.6929321289063,12933.333333333334,2,0.3999999999999999,4601.880172729492,12933.333333333334,0,0.3999999999999999,4439.649459838867,12933.333333333334,2,0.3999999999999999,20689.174057006836,605,605,2912,4518,605,605,605,605,4.761904716491699,0,0,0,0,0,100,0,32353087488,8589930496,2888196096,0
199,1786320161698,881.7865753173828,12866.666666666666,2,0.3999999999999999,778.6991577148438,12866.666666666666,2,0.3999999999999999,4604.156402587891,12866.666666666666,0,0.3999999999999999,4439.656814575195,12866.666666666666,2,0.3999999999999999,20692.574462890625,605,605,2912,4518,605,605,605,605,4.761904716491699,0,0,0,0,0,100,0,32353087488,8589930496,2888196096,0
199,1786320161898,881.7909240722656,12733.333333333332,2,0.3999999999999999,778.7053833007813,12733.333333333332,2,0.3999999999999999,4606.439346313477,12733.333333333332,0,0.3999999999999999,4439.663467407227,12733.333333333332,2,0.3999999999999999,20695.97770690918,605,605,2912,4518,605,605,605,605,0,0,0,0,2.4390242099761963,0,100,0,32353087488,8589930496,2888196096,0
199,1786320162098,881.7951965332031,12933.333333333334,2,0.3999999999999999,778.7116394042969,12933.333333333334,2,0.3999999999999999,4608.731399536133,12933.333333333334,0,0.3999999999999999,4439.672515869141,12933.333333333334,2,0.3999999999999999,20699.38851928711,605,605,2912,4518,605,605,605,605,0,0,0,0,0,0,100,0,32353087488,8589930496,2888196096,0
199,1786320162298,881.7995910644531,13000,2,0.39375000000000004,778.7179412841797,13000,2,0.39375000000000004,4611.010787963867,13000,0,0.39375000000000004,4439.679428100586,13000,2,0.39375000000000004,20702.786102294922,605,605,2912,4518,605,605,605,605,0,0,0,0,0,0,100,0,32353087488,8589930496,2882551808,0
199,1786320162498,881.8037414550781,12933.333333333334,2,0.3999999999999999,778.7242126464844,12933.333333333334,2,0.3999999999999999,4613.296585083008,12933.333333333334,0,0.3999999999999999,4439.686752319336,12933.333333333334,2,0.3999999999999999,20706.187622070313,605,605,2912,4518,605,605,605,605,0,0,0,0,0,0,100,0,32353087488,8589930496,2882551808,0
199,1786320162698,881.8079071044922,12866.666666666666,2,0.3999999999999999,778.7303314208984,12866.666666666666,2,0.3999999999999999,4615.581481933594,12866.666666666666,0,0.3999999999999999,4439.693206787109,12866.666666666666,2,0.3999999999999999,20709.587173461914,605,605,2912,4518,605,605,605,605,0,0,0,0,0,0,100,0,32353087488,8589930496,2882551808,0
199,1786320162898,881.8120727539063,12866.666666666666,2,0.3999999999999999,778.7361450195313,12866.666666666666,0,0.3999999999999999,4617.864028930664,12866.666666666666,0,0.3999999999999999,4439.700912475586,12866.666666666666,0,0.3999999999999999,20712.98728942871,605,605,2912,4518,605,605,605,605,0,0,0,0,0,0,100,0,32353087488,8589930496,2882551808,0
199,1786320163098,881.8164367675781,12933.333333333334,2,0.39375000000000004,778.7420959472656,12933.333333333334,2,0.39375000000000004,4620.1480712890625,12933.333333333334,0,0.39375000000000004,4439.707504272461,12933.333333333334,2,0.39375000000000004,20716.382888793945,605,605,2912,4518,605,605,605,605,0,0,0,0,0,0,100,0,32353087488,8589930496,2882551808,0
199,1786320163298,881.8208923339844,12600,2,0.40625,778.7480163574219,12600,2,0.40625,4622.385772705078,12600,0,0.40625,4439.763000488281,12600,0,0.40625,20719.790786743164,605,605,2912,4518,605,605,605,605,0,0,0,0,0,0,100,2.5,32353087488,8589930496,2877616128,0
199,1786320163498,881.8258819580078,14066.666666666666,2,0.36250000000000004,778.7537536621094,14066.666666666666,2,0.36250000000000004,4624.650955200195,14066.666666666666,0,0.36250000000000004,4439.776275634766,14066.666666666666,0,0.36250000000000004,20723.15008544922,605,605,2912,4518,605,605,605,605,0,0,0,4.761904716491699,0,4.761904716491699,100,0,32353087488,8589930496,2877616128,0
199,1786320163699,881.8306274414063,12733.333333333332,2,0.3999999999999999,778.7592163085938,12733.333333333332,2,0.3999999999999999,4626.974182128906,12733.333333333332,0,0.3999999999999999,4439.785797119141,12733.333333333332,2,0.3999999999999999,20726.588287353516,605,605,2912,4518,605,605,605,605,0,0,0,4.761904716491699,0,0,100,0,32353087488,8589930496,2877616128,0
0,1786320163899,881.9020843505859,28800,0,0.825,778.82275390625,28800,0,0.825,4628.79069519043,28800,0,0.825,4439.84407043457,28800,0,0.825,20729.644958496094,605,605,2912,4518,605,605,605,605,0,0,0,0,0,0,80,5,32353087488,8589930496,2801082368,0
