Delta,Time,CORE0_ENERGY (J),CORE0_FREQ (MHZ),CORE0_PSTATE,CORE0_VOLT (V),CORE1_ENERGY (J),CORE1_FREQ (MHZ),CORE1_PSTATE,CORE1_VOLT (V),CORE2_ENERGY (J),CORE2_FREQ (MHZ),CORE2_PSTATE,CORE2_VOLT (V),CORE3_ENERGY (J),CORE3_FREQ (MHZ),CORE3_PSTATE,CORE3_VOLT (V),CPU_ENERGY (J),CPU_FREQUENCY_0,CPU_FREQUENCY_1,CPU_FREQUENCY_2,CPU_FREQUENCY_3,CPU_FREQUENCY_4,CPU_FREQUENCY_5,CPU_FREQUENCY_6,CPU_FREQUENCY_7,CPU_USAGE_0,CPU_USAGE_1,CPU_USAGE_2,CPU_USAGE_3,CPU_USAGE_4,CPU_USAGE_5,CPU_USAGE_6,CPU_USAGE_7,TOTAL_MEMORY,TOTAL_SWAP,USED_MEMORY,USED_SWAP
0,1786319881656,860.0281524658203,300,2,0.29374999999999996,761.0325927734375,300,2,0.29374999999999996,3550.769027709961,300,2,0.29374999999999996,3625.6803283691406,300,0,0.29374999999999996,17571.16859436035,605,605,605,2119,605,605,605,605,0,7.142857551574707,0,14.814814567565918,7.142857551574707,3.7037036418914795,7.142857551574707,10.714285850524902,32353087488,8589930496,2731986944,0
200,1786319881656,860.0281524658203,300,2,0.29374999999999996,761.0325927734375,300,2,0.29374999999999996,3550.769027709961,300,2,0.29374999999999996,3625.6803283691406,300,0,0.29374999999999996,17571.16859436035,605,605,605,2119,605,605,605,605,0,7.142857551574707,0,14.814814567565918,7.142857551574707,3.7037036418914795,7.142857551574707,10.714285850524902,32353087488,8589930496,2731986944,0
199,1786319881856,860.2153472900391,15533.333333333334,2,0.30000000000000004,761.3349914550781,15533.333333333334,0,0.30000000000000004,3552.514434814453,15266.666666666666,0,0.3125,3625.8827209472656,15266.666666666666,0,0.3125,17574.66651916504,605,605,605,2119,605,605,605,605,9.523809432983398,10,70,5,0,5.263157844543457,0,0,32353087488,8589930496,2844135424,0
200,1786319882056,860.2321166992188,15866.666666666666,2,0.3062499999999999,761.3788604736328,15866.666666666666,2,0.3062499999999999,3555.2003784179688,15866.666666666666,0,0.3062499999999999,3626.0228881835938,15866.666666666666,0,0.3062499999999999,17578.843460083008,605,605,605,2119,605,605,605,605,9.523809432983398,10,70,5,0,5.263157844543457,0,0,32353087488,8589930496,2844135424,0
199,1786319882256,860.2389984130859,15533.333333333334,2,0.32499999999999996,761.4175872802734,15533.333333333334,0,0.32499999999999996,3557.9195556640625,15533.333333333334,0,0.32499999999999996,3626.148223876953,15533.333333333334,0,0.32499999999999996,17583.0457611084,605,605,605,2119,605,605,605,605,0,0,100,0,2.4390242099761963,0,0,2.5641026496887207,32353087488,8589930496,2844135424,0
199,1786319882456,860.2462463378906,15266.666666666666,2,0.3125,761.5755462646484,15266.666666666666,0,0.3125,3560.6511993408203,15266.666666666666,0,0.3125,3626.1561279296875,15266.666666666666,2,0.3125,17587.246185302734,605,605,605,2119,605,605,605,605,0,0,100,0,0,0,0,0,32353087488,8589930496,2844135424,0
199,1786319882656,860.2536163330078,15000,2,0.3374999999999999,761.7343444824219,15000,0,0.3374999999999999,3563.369384765625,15000,0,0.3374999999999999,3626.1649780273438,15000,2,0.3374999999999999,17591.447555541992,605,605,605,2119,605,605,605,605,0,0,100,0,0,0,0,0,32353087488,8589930496,2845200384,0
199,1786319882856,860.2598266601563,15666.666666666666,2,0.28749999999999987,761.8930206298828,15666.666666666666,0,0.28749999999999987,3566.0899505615234,15666.666666666666,0,0.28749999999999987,3626.1726684570313,15666.666666666666,2,0.28749999999999987,17595.643310546875,605,605,605,2119,605,605,605,605,0,0,100,0,0,0,0,0,32353087488,8589930496,2845200384,0
199,1786319883056,860.2661285400391,15533.333333333334,2,0.30000000000000004,762.0532073974609,15533.333333333334,0,0.30000000000000004,3568.8211364746094,15533.333333333334,0,0.30000000000000004,3626.179901123047,15533.333333333334,2,0.30000000000000004,17599.844314575195,605,605,605,2119,605,605,605,605,0,0,100,0,0,0,0,0,32353087488,8589930496,2845200384,0
200,1786319883256,860.4915008544922,15533.333333333334,2,0.3062499999999999,762.1164703369141,15533.333333333334,2,0.3062499999999999,3571.299087524414,15533.333333333334,0,0.3062499999999999,3626.287384033203,15533.333333333334,0,0.3062499999999999,17604.044555664063,605,605,605,2119,605,605,605,605,0,0,100,0,0,0,0,0,32353087488,8589930496,2845200384,0
199,1786319883457,860.4981384277344,16000,2,0.3125,762.1242980957031,16000,0,0.3125,3574.024703979492,16000,0,0.3125,3626.4513092041016,16000,0,0.3125,17608.243286132813,605,605,605,2119,605,605,605,605,4.878048419952393,2.4390242099761963,95,0,0,0,0,2.3809523582458496,32353087488,8589930496,2845200384,0
199,1786319883657,860.5045013427734,15266.666666666666,2,0.32499999999999996,762.1318206787109,15266.666666666666,2,0.32499999999999996,3576.757095336914,15266.666666666666,0,0.32499999999999996,3626.6167755126953,15266.666666666666,0,0.32499999999999996,17612.446685791016,605,605,605,2119,605,605,605,605,0,0,100,4.761904716491699,0,0,0,0,32353087488,8589930496,2845200384,0
199,1786319883857,860.5118713378906,15466.666666666666,2,0.30000000000000004,762.143798828125,15466.666666666666,2,0.30000000000000004,3579.4750061035156,15466.666666666666,0,0.30000000000000004,3626.7826385498047,15466.666666666666,0,0.30000000000000004,17616.644149780273,605,605,605,2119,605,605,605,605,0,0,100,0,0,0,0,0,32353087488,8589930496,2845200384,0
200,1786319884057,860.5182342529297,16066.666666666666,2,0.28125,762.1514434814453,16066.666666666666,2,0.28125,3582.199432373047,16066.666666666666,0,0.28125,3626.9474182128906,16066.666666666666,0,0.28125,17620.84033203125,605,605,605,2119,605,605,605,605,0,0,100,0,0,0,0,0,32353087488,8589930496,2845200384,0
200,1786319884257,860.5245056152344,15466.666666666666,2,0.30000000000000004,762.1598968505859,15466.666666666666,2,0.30000000000000004,3584.9249114990234,15466.666666666666,0,0.30000000000000004,3627.112762451172,15466.666666666666,0,0.30000000000000004,17625.04409790039,605,605,605,2119,605,605,605,605,0,0,100,0,0,0,0,0,32353087488,8589930496,2845200384,0
199,1786319884457,860.5337066650391,15066.666666666666,2,0.32499999999999996,762.2940979003906,15066.666666666666,0,0.32499999999999996,3587.6453399658203,15066.666666666666,0,0.32499999999999996,3627.1525268554688,15066.666666666666,2,0.32499999999999996,17629.268295288086,605,605,605,2119,605,605,605,605,0,4.761904716491699,100,0,0,0,0,0,32353087488,8589930496,2845200384,0
199,1786319884657,860.5401153564453,15000,2,0.33125000000000004,762.45947265625,15000,0,0.33125000000000004,3590.401809692383,15000,0,0.33125000000000004,3627.1602783203125,15000,2,0.33125000000000004,17633.468704223633,605,605,605,2119,605,605,605,605,0,0,100,0,0,0,0,0,32353087488,8589930496,2845200384,0
199,1786319884857,860.5469665527344,16466.666666666664,2,0.30000000000000004,762.6179962158203,16466.666666666664,0,0.30000000000000004,3593.135025024414,16466.666666666664,0,0.30000000000000004,3627.1672973632813,16466.666666666664,2,0.29374999999999996,17637.66096496582,605,605,605,2119,605,605,605,605,0,0,100,0,0,0,0,0,32353087488,8589930496,2845200384,0
199,1786319885057,860.5557708740234,15933.333333333334,2,0.3062499999999999,762.7658233642578,15933.333333333334,2,0.3062499999999999,3595.8546295166016,15933.333333333334,0,0.3062499999999999,3627.1812438964844,15933.333333333334,0,0.3062499999999999,17641.86474609375,605,605,605,2119,605,605,605,605,0,0,100,4.761904716491699,0,0,0,0,32353087488,8589930496,2845200384,0
199,1786319885257,860.6622924804688,15400,2,0.32499999999999996,762.7943420410156,15400,0,0.32499999999999996,3598.592483520508,15400,0,0.32499999999999996,3627.193145751953,15400,2,0.32499999999999996,17646.067810058594,605,605,605,2119,605,605,605,605,0,0,100,0,0,0,4.761904716491699,0,32353087488,8589930496,2845200384,0
199,1786319885457,860.7708282470703,15400,0,0.32499999999999996,762.8403930664063,15400,2,0.32499999999999996,3599.101806640625,15400,2,0.32499999999999996,3629.4159240722656,15400,0,0.32499999999999996,17650.246353149414,605,605,605,2119,605,605,605,605,0,0,20,80,0,0,0,0,32353087488,8589930496,2845200384,0
199,1786319885657,860.9177551269531,15133.333333333334,0,0.32499999999999996,762.8548278808594,15133.333333333334,2,0.32499999999999996,3599.110870361328,15133.333333333334,2,0.32499999999999996,3632.1431274414063,15133.333333333334,0,0.32499999999999996,17654.43978881836,605,605,605,2119,605,605,605,605,0,0,0,100,0,0,0,0,32353087488,8589930496,2845200384,0
199,1786319885858,861.0587158203125,15666.666666666666,0,0.3125,762.8619689941406,15666.666666666666,2,0.3125,3599.1179809570313,15666.666666666666,2,0.3125,3634.8880920410156,15666.666666666666,0,0.3125,17658.637786865234,605,605,605,2119,605,605,605,605,0,0,4.761904716491699,100,0,0,0,0,32353087488,8589930496,2845200384,0
199,1786319886058,861.1983032226563,14933.333333333334,0,0.33125000000000004,762.8682556152344,14933.333333333334,2,0.33125000000000004,3599.1261596679688,14933.333333333334,2,0.33125000000000004,3637.648895263672,14933.333333333334,0,0.33125000000000004,17662.842086791992,605,605,605,2119,605,605,605,605,0,0,0,100,0,0,0,0,32353087488,8589930496,2845200384,0
199,1786319886258,861.3051605224609,14800,2,0.33125000000000004,762.9177551269531,14800,0,0.33125000000000004,3599.1358947753906,14800,2,0.33125000000000004,3640.3953247070313,14800,0,0.33125000000000004,17667.041473388672,605,605,605,2119,605,605,605,605,0,4.761904716491699,0,100,0,0,4.761904716491699,0,32353087488,8589930496,2845200384,0
199,1786319886458,861.3117980957031,14800,2,0.33125000000000004,763.0666961669922,14800,0,0.33125000000000004,3599.1439819335938,14800,2,0.33125000000000004,3643.1441497802734,14800,0,0.33125000000000004,17671.241577148438,605,605,605,2119,605,605,605,605,0,0,0,100,0,0,0,0,32353087488,8589930496,2845200384,0
199,1786319886658,861.3183288574219,14933.333333333334,2,0.31874999999999987,763.2169189453125,14933.333333333334,0,0.31874999999999987,3599.1514434814453,14933.333333333334,2,0.31874999999999987,3645.8958740234375,14933.333333333334,0,0.31874999999999987,17675.44076538086,605,605,605,2119,605,605,605,605,0,0,0,100,0,0,0,0,32353087488,8589930496,2845200384,0
199,1786319886858,861.3254089355469,15600,2,0.29374999999999996,763.3676452636719,15600,0,0.29374999999999996,3599.1605224609375,15600,2,0.29374999999999996,3648.647216796875,15600,0,0.29374999999999996,17679.637619018555,605,605,605,2119,605,605,605,605,0,0,0,100,0,0,0,0,32353087488,8589930496,2845200384,0
199,1786319887058,861.3316192626953,15733.333333333334,2,0.3125,763.5157165527344,15733.333333333334,0,0.3125,3599.167709350586,15733.333333333334,2,0.3125,3651.4067993164063,15733.333333333334,0,0.3125,17683.836059570313,605,605,605,2119,605,605,605,605,0,0,0,100,0,0,0,0,32353087488,8589930496,2845200384,0
199,1786319887258,861.3660583496094,15066.666666666666,2,0.33125000000000004,763.6697540283203,15066.666666666666,0,0.32499999999999996,3599.5330657958984,14866.666666666666,0,0.32499999999999996,3653.794967651367,14866.666666666666,0,0.32499999999999996,17688.04002380371,605,605,605,2119,605,605,605,605,0,0,15.000000953674316,89.47368621826172,0,0,5,0,32353087488,8589930496,2846232576,0
199,1786319887458,861.3746795654297,15333.333333333334,2,0.31874999999999987,763.7787933349609,15333.333333333334,2,0.31874999999999987,3599.5531158447266,15333.333333333334,0,0.31874999999999987,3656.5377197265625,15333.333333333334,0,0.31874999999999987,17692.238250732422,605,605,605,2119,605,605,605,605,0,0,0,100,0,0,0,4.761904716491699,32353087488,8589930496,2846232576,0
199,1786319887658,861.4961395263672,300,0,0.2749999999999999,763.8663177490234,300,2,0.2749999999999999,3599.7832946777344,300,0,0.2749999999999999,3658.632858276367,300,0,0.2749999999999999,17695.955154418945,605,605,605,2119,605,605,605,605,0,0,0,100,0,0,0,4.761904716491699,32353087488,8589930496,2731282432,0
200,1786319887858,861.6920471191406,16000,2,0.29374999999999996,764.0027008056641,16000,2,0.29374999999999996,3600.0532989501953,16000,0,0.29374999999999996,3660.857925415039,16000,0,0.29374999999999996,17699.94108581543,605,605,605,2119,605,605,605,605,5,2.5,2.5641026496887207,80,9.756096839904785,0,5.128205299377441,2.5641026496887207,32353087488,8589930496,2848350208,0
199,1786319888058,861.7378540039063,15000,0,0.32499999999999996,764.0095367431641,15000,2,0.32499999999999996,3600.1778106689453,15000,2,0.32499999999999996,3663.6198120117188,15000,0,0.32499999999999996,17704.14907836914,605,605,605,2119,605,605,605,605,0,0,0,100,0,4.761904716491699,0,0,32353087488,8589930496,2848350208,0
199,1786319888259,861.8728485107422,16000,0,0.30000000000000004,764.0236053466797,16000,2,0.30000000000000004,3600.187469482422,16000,2,0.30000000000000004,3666.353713989258,16000,0,0.30000000000000004,17708.342987060547,605,605,605,2119,605,605,605,605,0,5,0,100,0,0,0,0,32353087488,8589930496,2848653312,0
199,1786319888459,862.0189056396484,16066.666666666666,0,0.30000000000000004,764.0299530029297,16066.666666666666,2,0.30000000000000004,3600.1981811523438,16066.666666666666,2,0.30000000000000004,3669.109909057617,16066.666666666666,0,0.30000000000000004,17712.54281616211,605,605,605,2119,605,605,605,605,0,0,0,100,0,0,0,0,32353087488,8589930496,2848653312,0
199,1786319888659,862.1708526611328,15133.333333333334,0,0.31874999999999987,764.0365600585938,15133.333333333334,2,0.31874999999999987,3602.020065307617,15133.333333333334,0,0.31874999999999987,3670.0118255615234,15133.333333333334,2,0.31874999999999987,17716.748794555664,605,605,605,2119,605,605,605,605,0,0,70,33.333335876464844,4.761904716491699,0,0,0,32353087488,8589930496,2848653312,0
199,1786319888859,862.3142700195313,15266.666666666666,0,0.31874999999999987,764.0430297851563,15266.666666666666,2,0.31874999999999987,3604.749740600586,15266.666666666666,0,0.31874999999999987,3670.0203247070313,15266.666666666666,2,0.31874999999999987,17720.948028564453,605,605,605,2119,605,605,605,605,0,0,100,0,0,0,0,0,32353087488,8589930496,2848653312,0
199,1786319889059,862.3818664550781,16666.666666666664,2,0.28125,764.0655975341797,16666.666666666664,2,0.28125,3607.5350952148438,16666.666666666664,0,0.28125,3670.0305786132813,16666.666666666664,2,0.28125,17725.151000976563,605,605,605,2119,605,605,605,605,0,0,95,0,0,0,0,0,32353087488,8589930496,2848653312,0
199,1786319889259,862.5228881835938,13200,0,0.3812500000000001,764.0857391357422,13200,2,0.3812500000000001,3610.1593170166016,13200,0,0.3812500000000001,3670.0455932617188,13200,2,0.3812500000000001,17729.255889892578,605,605,605,2119,605,605,605,605,0,0,95,4.761904716491699,5,0,0,4.761904716491699,32353087488,8589930496,2848653312,0
199,1786319889459,862.626220703125,12800,0,0.3999999999999999,764.0911254882813,12800,2,0.3999999999999999,3610.574905395508,12800,2,0.3999999999999999,3671.9055786132813,12800,0,0.3999999999999999,17732.75357055664,605,605,605,2119,605,605,605,605,0,0,95,4.761904716491699,5,0,0,4.761904716491699,32353087488,8589930496,2848653312,0
200,1786319889659,862.7241363525391,12733.333333333332,0,0.3999999999999999,764.0942993164063,12733.333333333332,2,0.3999999999999999,3610.5816650390625,12733.333333333332,2,0.3999999999999999,3674.1900634765625,12733.333333333332,0,0.3999999999999999,17736.235153198242,605,605,605,2119,605,605,605,605,0,0,10,7.692307949066162,0,0,0,82.05128479003906,32353087488,8589930496,2848653312,0
200,1786319889859,862.8218688964844,12466.666666666668,0,0.40625,764.0979461669922,12466.666666666668,2,0.40625,3610.588623046875,12466.666666666668,2,0.40625,3676.4673461914063,12466.666666666668,0,0.40625,17739.698440551758,605,605,605,2119,605,605,605,605,0,0,0,0,0,0,0,100,32353087488,8589930496,2848653312,0
200,1786319890059,862.9230346679688,13666.666666666666,0,0.3687499999999999,764.1018676757813,13666.666666666666,2,0.3687499999999999,3610.5947875976563,13666.666666666666,2,0.3687499999999999,3678.719985961914,13666.666666666666,0,0.3687499999999999,17743.104614257813,605,605,605,2119,605,605,605,605,0,0,0,0,0,0,0,100,32353087488,8589930496,2848653312,0
200,1786319890259,863.0218353271484,12533.333333333332,0,0.4125000000000001,764.1053619384766,12533.333333333332,2,0.4125000000000001,3610.6006927490234,12533.333333333332,2,0.4125000000000001,3681.000778198242,12533.333333333332,0,0.4125000000000001,17746.587646484375,605,605,605,2119,605,605,605,605,0,0,0,0,0,0,4.761904716491699,100,32353087488,8589930496,2848653312,0
199,1786319890459,863.1213226318359,12400,0,0.40625,764.1092681884766,12400,2,0.40625,3610.606185913086,12400,2,0.40625,3683.2335205078125,12400,0,0.40625,17750.010696411133,605,605,605,2119,605,605,605,605,0,0,0,0,0,0,0,100,32353087488,8589930496,2848616448,0
200,1786319890659,863.2173309326172,12533.333333333332,0,0.40625,764.1124420166016,12533.333333333332,2,0.40625,3610.6114349365234,12533.333333333332,2,0.40625,3685.4790954589844,12533.333333333332,0,0.40625,17753.423263549805,605,605,605,2119,605,605,605,605,0,0,0,0,0,0,0,100,32353087488,8589930496,2848616448,0
200,1786319890859,863.3132476806641,12466.666666666668,0,0.40625,764.1156311035156,12466.666666666668,2,0.40625,3610.6163940429688,12466.666666666668,2,0.40625,3687.722457885742,12466.666666666668,0,0.40625,17756.834915161133,605,605,605,2119,605,605,605,605,0,0,0,0,0,0,0,100,32353087488,8589930496,2848616448,0
200,1786319891059,863.4101715087891,12600,0,0.40625,764.1200714111328,12600,2,0.40625,3610.6214294433594,12600,2,0.40625,3689.9563598632813,12600,0,0.40625,17760.240600585938,605,605,605,2119,605,605,605,605,0,0,0,0,0,0,0,100,32353087488,8589930496,2848616448,0
200,1786319891259,863.4869689941406,12466.666666666668,0,0.40625,764.1232757568359,12466.666666666668,2,0.40625,3610.626205444336,12466.666666666668,2,0.40625,3692.197250366211,12466.666666666668,0,0.40625,17763.65106201172,605,605,605,2119,605,605,605,605,0,0,0,0,0,0,0,100,32353087488,8589930496,2848616448,0
199,1786319891460,863.5834350585938,12133.333333333332,0,0.41874999999999996,764.1267852783203,12133.333333333332,2,0.41874999999999996,3610.630859375,12133.333333333332,2,0.41874999999999996,3694.438690185547,12133.333333333332,0,0.41874999999999996,17767.061264038086,605,605,605,2119,605,605,605,605,0,0,0,0,0,0,0,100,32353087488,8589930496,2848489472,0
199,1786319891660,863.6910095214844,12600,0,0.40625,764.1303100585938,12600,2,0.40625,3610.6368560791016,12600,2,0.40625,3696.6436767578125,12600,0,0.40625,17770.451919555664,605,605,605,2119,605,605,605,605,0,0,0,76.19047546386719,0,0,0,23.809524536132813,32353087488,8589930496,2856112128,0
199,1786319891860,863.7860260009766,12466.666666666668,0,0.4125000000000001,764.1335296630859,12466.666666666668,2,0.4125000000000001,3610.641815185547,12466.666666666668,2,0.4125000000000001,3698.879425048828,12466.666666666668,0,0.4125000000000001,17773.858337402344,605,605,605,2119,605,605,605,605,0,0,4.761904716491699,20,0,0,0,84.21052551269531,32353087488,8589930496,2856112128,0
199,1786319892060,863.8805694580078,12533.333333333332,0,0.40625,764.1366729736328,12533.333333333332,2,0.40625,3610.647720336914,12533.333333333332,2,0.40625,3701.1097412109375,12533.333333333332,0,0.40625,17777.256286621094,605,605,605,2119,605,605,605,605,0,0,0,0,0,0,0,100,32353087488,8589930496,2856112128,0
199,1786319892260,863.9777374267578,12400,0,0.4125000000000001,764.1403350830078,12400,2,0.4125000000000001,3610.6530151367188,12400,2,0.4125000000000001,3703.338668823242,12400,0,0.4125000000000001,17780.677017211914,605,605,605,2119,605,605,605,605,4.761904716491699,0,0,0,0,0,0,100,32353087488,8589930496,2856112128,0
199,1786319892460,864.0719299316406,12466.666666666668,0,0.4125000000000001,764.1439208984375,12466.666666666668,2,0.4125000000000001,3610.657943725586,12466.666666666668,2,0.4125000000000001,3705.5645141601563,12466.666666666668,0,0.4125000000000001,17784.07583618164,605,605,605,2119,605,605,605,605,0,0,0,0,0,0,0,100,32353087488,8589930496,2856112128,0
199,1786319892660,864.1664428710938,12400,0,0.40625,764.1470947265625,12400,2,0.40625,3610.662384033203,12400,2,0.40625,3707.7850341796875,12400,0,0.40625,17787.475357055664,605,605,605,2119,605,605,605,605,0,0,0,0,0,0,0,100,32353087488,8589930496,2855985152,0
199,1786319892860,864.2595367431641,12466.666666666668,0,0.40625,764.1503143310547,12466.666666666668,2,0.40625,3610.6669158935547,12466.666666666668,2,0.40625,3710.017562866211,12466.666666666668,0,0.40625,17790.87351989746,605,605,605,2119,605,605,605,605,0,0,0,0,0,0,0,100,32353087488,8589930496,2855985152,0
199,1786319893060,864.3544158935547,12600,0,0.40625,764.1535034179688,12600,2,0.40625,3610.672332763672,12600,0,0.40625,3712.248062133789,12600,0,0.40625,17794.269577026367,605,605,605,2119,605,605,605,605,0,0,0,0,0,0,0,100,32353087488,8589930496,2855985152,0
199,1786319893260,864.4507904052734,12400,0,0.4125000000000001,764.1579437255859,12400,0,0.4125000000000001,3610.6820220947266,12400,2,0.4125000000000001,3714.4646759033203,12400,0,0.4125000000000001,17797.67446899414,605,605,605,2119,605,605,605,605,0,0,0,0,0,0,0,100,32353087488,8589930496,2855350272,0
199,1786319893460,864.5478973388672,12533.333333333332,0,0.40625,764.1622924804688,12533.333333333332,2,0.40625,3610.6914825439453,12533.333333333332,0,0.40625,3716.6724853515625,12533.333333333332,0,0.40625,17801.068252563477,605,605,605,2119,605,605,605,605,0,0,0,0,0,0,0,100,32353087488,8589930496,2855350272,0
199,1786319893661,864.6538238525391,13800,0,0.3687499999999999,764.1673583984375,13800,2,0.3687499999999999,3610.7007446289063,13800,2,0.3687499999999999,3718.910110473633,13800,0,0.3687499999999999,17804.437545776367,605,605,605,2119,605,605,605,605,0,0,0,0,0,0,0,100,32353087488,8589930496,2855350272,0
199,1786319893861,864.8702239990234,300,0,0.26875000000000004,764.3305358886719,300,0,0.26875000000000004,3610.8516540527344,300,0,0.26875000000000004,3720.4368438720703,300,0,0.26875000000000004,17807.46600341797,605,605,605,2119,605,605,605,605,0,0,0,0,0,0,0,100,32353087488,8589930496,2753884160,0
200,1786319894061,864.9795227050781,12400,2,0.40625,764.53759765625,12400,0,0.40625,3613.1553649902344,12400,0,0.40625,3720.534393310547,12400,2,0.40625,17811.333938598633,605,605,605,2119,605,605,605,605,2.5641026496887207,2.5,4.878048419952393,2.5641026496887207,5,5,50,35.71428680419922,32353087488,8589930496,2850123776,0
199,1786319894261,864.9839630126953,12333.333333333332,2,0.4125000000000001,764.6423187255859,12333.333333333332,0,0.4125000000000001,3615.3614807128906,12333.333333333332,0,0.4125000000000001,3720.538116455078,12333.333333333332,2,0.4125000000000001,17814.721649169922,605,605,605,2119,605,605,605,605,0,0,0,0,0,0,100,0,32353087488,8589930496,2850123776,0
199,1786319894461,864.9906311035156,12733.333333333332,2,0.3999999999999999,764.6656188964844,12733.333333333332,2,0.3999999999999999,3617.6314392089844,12733.333333333332,0,0.3999999999999999,3720.544219970703,12733.333333333332,2,0.3999999999999999,17818.113845825195,605,605,605,2119,605,605,605,605,0,0,0,0,0,0,100,0,32353087488,8589930496,2850398208,0
199,1786319894661,864.9952850341797,12866.666666666666,2,0.3999999999999999,764.6704254150391,12866.666666666666,2,0.3999999999999999,3619.937942504883,12866.666666666666,0,0.3999999999999999,3720.550247192383,12866.666666666666,2,0.3999999999999999,17821.48667907715,605,605,605,2119,605,605,605,605,0,0,0,0,0,0,100,0,32353087488,8589930496,2850398208,0
199,1786319894861,864.9997863769531,12666.666666666668,2,0.3999999999999999,764.6757659912109,12666.666666666668,2,0.3999999999999999,3622.248733520508,12666.666666666668,0,0.3999999999999999,3720.5568237304688,12666.666666666668,2,0.3999999999999999,17824.902542114258,605,605,605,2119,605,605,605,605,0,0,0,0,0,0,100,0,32353087488,8589930496,2850398208,0
199,1786319895061,865.0043640136719,12866.666666666666,2,0.3999999999999999,764.6811676025391,12866.666666666666,2,0.3999999999999999,3624.5662689208984,12866.666666666666,0,0.3999999999999999,3720.563003540039,12866.666666666666,2,0.3999999999999999,17828.2939453125,605,605,605,2119,605,605,605,605,0,0,0,0,0,0,100,0,32353087488,8589930496,2850398208,0
199,1786319895261,865.0099334716797,12866.666666666666,2,0.3999999999999999,764.6869812011719,12866.666666666666,2,0.3999999999999999,3626.874313354492,12866.666666666666,0,0.3999999999999999,3720.569137573242,12866.666666666666,2,0.3999999999999999,17831.692596435547,605,605,605,2119,605,605,605,605,0,0,0,0,0,0,100,0,32353087488,8589930496,2850398208,0
199,1786319895461,865.0168914794922,12600,2,0.40625,764.69287109375,12600,2,0.40625,3629.184280395508,12600,0,0.3999999999999999,3720.5758361816406,12600,2,0.3999999999999999,17835.095947265625,605,605,605,2119,605,605,605,605,0,0,0,0,0,0,100,0,32353087488,8589930496,2848284672,0
199,1786319895661,865.0240173339844,12866.666666666666,0,0.3999999999999999,764.6981353759766,12866.666666666666,0,0.3999999999999999,3631.487060546875,12866.666666666666,0,0.3999999999999999,3720.58203125,12866.666666666666,2,0.3999999999999999,17838.48583984375,605,605,605,2119,605,605,605,605,0,0,0,0,0,0,100,0,32353087488,8589930496,2848260096,0
199,1786319895862,865.0287017822266,12400,2,0.40625,764.7358093261719,12400,0,0.40625,3633.779815673828,12400,0,0.40625,3720.5885162353516,12400,0,0.40625,17841.898391723633,605,605,605,2119,605,605,605,605,0,0,0,0,0,0,100,0,32353087488,8589930496,2848260096,0
199,1786319896062,865.0327606201172,12533.333333333332,2,0.4125000000000001,764.8429107666016,12533.333333333332,0,0.4125000000000001,3635.990432739258,12533.333333333332,0,0.4125000000000001,3720.5924682617188,12533.333333333332,0,0.4125000000000001,17845.290817260742,605,605,605,2119,605,605,605,605,0,0,0,0,0,0,100,0,32353087488,8589930496,2848260096,0
199,1786319896262,865.0367279052734,12533.333333333332,2,0.4125000000000001,764.9483032226563,12533.333333333332,0,0.4125000000000001,3638.204086303711,12533.333333333332,0,0.4125000000000001,3720.5963439941406,12533.333333333332,2,0.4125000000000001,17848.689010620117,605,605,605,2119,605,605,605,605,0,0,0,0,0,0,100,0,32353087488,8589930496,2848260096,0
199,1786319896462,865.0411529541016,12933.333333333334,2,0.3999999999999999,764.9703063964844,12933.333333333334,2,0.3999999999999999,3640.4845428466797,12933.333333333334,0,0.3999999999999999,3720.6026458740234,12933.333333333334,2,0.3999999999999999,17852.075958251953,605,605,605,2119,605,605,605,605,0,0,0,0,0,0,100,0,32353087488,8589930496,2848260096,0
199,1786319896662,865.0445404052734,12866.666666666666,2,0.3999999999999999,764.9760437011719,12866.666666666666,2,0.3999999999999999,3642.7925415039063,12866.666666666666,0,0.3999999999999999,3720.610382080078,12866.666666666666,2,0.3999999999999999,17855.477447509766,605,605,605,2119,605,605,605,605,0,0,0,0,0,0,100,0,32353087488,8589930496,2848260096,0
199,1786319896862,865.0478057861328,12866.666666666666,2,0.3999999999999999,764.9823455810547,12866.666666666666,2,0.3999999999999999,3645.107940673828,12866.666666666666,0,0.3999999999999999,3720.617172241211,12866.666666666666,2,0.3999999999999999,17858.8779296875,605,605,605,2119,605,605,605,605,0,0,0,0,0,0,100,0,32353087488,8589930496,2848260096,0
199,1786319897062,865.0512084960938,12733.333333333332,2,0.3999999999999999,764.98974609375,12733.333333333332,2,0.3999999999999999,3647.421371459961,12733.333333333332,0,0.3999999999999999,3720.624038696289,12733.333333333332,2,0.3999999999999999,17862.280059814453,605,605,605,2119,605,605,605,605,0,0,0,0,0,0,100,0,32353087488,8589930496,2848260096,0
200,1786319897262,865.0583953857422,12400,2,0.4125000000000001,765.0117340087891,12400,0,0.4125000000000001,3649.711868286133,12400,0,0.4125000000000001,3720.630645751953,12400,2,0.4125000000000001,17865.689910888672,605,605,605,2119,605,605,605,605,0,0,5,0,0,0,100,0,32353087488,8589930496,2848260096,0
199,1786319897462,865.0641937255859,12733.333333333332,2,0.3999999999999999,765.0399932861328,12733.333333333332,2,0.3999999999999999,3651.983657836914,12733.333333333332,0,0.3999999999999999,3720.637481689453,12733.333333333332,2,0.3999999999999999,17869.094970703125,605,605,605,2119,605,605,605,605,4.761904716491699,0,0,0,0,0,100,0,32353087488,8589930496,2846412800,0
199,1786319897662,865.0687866210938,12266.666666666668,2,0.4125000000000001,765.1312103271484,12266.666666666668,0,0.4125000000000001,3654.2134399414063,12266.666666666668,0,0.4125000000000001,3720.6425170898438,12266.666666666668,2,0.4125000000000001,17872.505630493164,605,605,605,2119,605,605,605,605,0,4.761904716491699,0,0,0,0,100,0,32353087488,8589930496,2846412800,0
199,1786319897862,865.0721588134766,12466.666666666668,2,0.4125000000000001,765.2400817871094,12466.666666666668,0,0.4125000000000001,3656.4269409179688,12466.666666666668,0,0.4125000000000001,3720.6504669189453,12466.666666666668,2,0.4125000000000001,17875.897033691406,605,605,605,2119,605,605,605,605,0,0,0,0,0,4.761904716491699,100,0,32353087488,8589930496,2846412800,0
199,1786319898062,865.0755157470703,12400,2,0.4125000000000001,765.3472442626953,12400,0,0.4125000000000001,3658.632797241211,12400,0,0.4125000000000001,3720.658447265625,12400,2,0.4125000000000001,17879.297439575195,605,605,605,2119,605,605,605,605,0,0,0,4.761904716491699,0,0,100,0,32353087488,8589930496,2846412800,0
199,1786319898263,865.0789184570313,12333.333333333332,2,0.41874999999999996,765.4546661376953,12466.666666666668,0,0.41874999999999996,3660.8345489501953,12466.666666666668,0,0.41874999999999996,3720.663375854492,12466.666666666668,0,0.41874999999999996,17882.69694519043,605,605,605,2119,605,605,605,605,0,0,0,4.761904716491699,0,0,100,0,32353087488,8589930496,2846412800,0
199,1786319898463,865.0833129882813,12466.666666666668,2,0.4125000000000001,765.570556640625,12533.333333333332,0,0.40625,3663.0628509521484,12533.333333333332,0,0.40625,3720.670135498047,12533.333333333332,0,0.40625,17886.096710205078,605,605,605,2119,605,605,605,605,0,0,0,0,0,0,100,0,32353087488,8589930496,2846412800,0
199,1786319898663,865.0867919921875,12333.333333333332,2,0.4125000000000001,765.678466796875,12333.333333333332,0,0.4125000000000001,3665.276580810547,12333.333333333332,0,0.4125000000000001,3720.6753692626953,12333.333333333332,2,0.4125000000000001,17889.497283935547,605,605,605,2119,605,605,605,605,0,0,0,0,0,0,100,0,32353087488,8589930496,2846412800,0
199,1786319898863,865.0900726318359,12200,2,0.41874999999999996,765.7866668701172,12200,0,0.41874999999999996,3667.4929962158203,12200,0,0.41874999999999996,3720.6809997558594,12200,2,0.41874999999999996,17892.89859008789,605,605,605,2119,605,605,605,605,0,0,0,0,0,0,100,0,32353087488,8589930496,2846412800,0
199,1786319899063,865.0939331054688,12266.666666666668,2,0.4125000000000001,765.8942565917969,12266.666666666668,0,0.4125000000000001,3669.695266723633,12266.666666666668,0,0.4125000000000001,3720.684829711914,12266.666666666668,2,0.4125000000000001,17896.294219970703,605,605,605,2119,605,605,605,605,0,0,0,0,0,0,100,0,32353087488,8589930496,2846412800,0
199,1786319899263,865.0983123779297,12133.333333333332,2,0.42500000000000004,765.9988708496094,12133.333333333332,0,0.42500000000000004,3671.8716430664063,12133.333333333332,0,0.42500000000000004,3720.739715576172,12133.333333333332,2,0.42500000000000004,17899.70152282715,605,605,605,2119,605,605,605,605,0,0,0,5,0,0,100,0,32353087488,8589930496,2846412800,0
199,1786319899463,865.1022033691406,12333.333333333332,2,0.4125000000000001,766.1036224365234,12333.333333333332,0,0.4125000000000001,3674.075958251953,12333.333333333332,0,0.4125000000000001,3720.746871948242,12333.333333333332,2,0.4125000000000001,17903.10659790039,605,605,605,2119,605,605,605,605,0,0,0,0,0,0,100,0,32353087488,8589930496,2846412800,0
199,1786319899663,865.1058044433594,12266.666666666668,2,0.41874999999999996,766.2090148925781,12266.666666666668,0,0.41874999999999996,3676.2630310058594,12266.666666666668,0,0.41874999999999996,3720.7518768310547,12266.666666666668,2,0.41874999999999996,17906.48861694336,605,605,605,2119,605,605,605,605,0,0,0,0,0,0,100,0,32353087488,8589930496,2846412800,0
199,1786319899863,865.1093444824219,12466.666666666668,2,0.4125000000000001,766.3144378662109,12466.666666666668,0,0.4125000000000001,3678.471435546875,12466.666666666668,0,0.4125000000000001,3720.7577209472656,12466.666666666668,2,0.4125000000000001,17909.89974975586,605,605,605,2119,605,605,605,605,0,0,0,0,0,0,100,0,32353087488,8589930496,2845638656,0
200,1786319900063,865.2384643554688,300,0,0.26875000000000004,766.5318450927734,300,0,0.26875000000000004,3679.972442626953,300,0,0.26875000000000004,3720.9783325195313,300,0,0.26875000000000004,17912.92547607422,605,605,605,2119,605,605,605,605,0,0,0,0,0,0,100,0,32353087488,8589930496,2780364800,0
199,1786319900263,865.4343872070313,13600,0,0.375,766.6160430908203,13600,2,0.375,3682.269805908203,13600,0,0.375,3721.0695190429688,13600,2,0.375,17916.710998535156,605,605,605,2119,605,605,605,605,2.5,2.5,5.128205299377441,5.128205299377441,4.878048419952393,2.5,82.5,5.128205299377441,32353087488,8589930496,2849726464,0
199,1786319900463,865.5338439941406,12400,0,0.4125000000000001,766.6201477050781,12400,2,0.4125000000000001,3684.4937133789063,12400,0,0.4125000000000001,3721.0751037597656,12400,2,0.4125000000000001,17920.11585998535,605,605,605,2119,605,605,605,605,2.5,2.5,5.128205299377441,5.128205299377441,4.878048419952393,2.5,82.5,5.128205299377441,32353087488,8589930496,2849726464,0
199,1786319900664,865.5965728759766,12400,2,0.4125000000000001,766.6235809326172,12400,2,0.4125000000000001,3686.7196044921875,12400,0,0.4125000000000001,3721.1181030273438,12400,0,0.4125000000000001,17923.52508544922,605,605,605,2119,605,605,605,605,0,0,0,0,0,0,100,0,32353087488,8589930496,2849726464,0
199,1786319900863,865.5999145507813,12333.333333333332,2,0.41874999999999996,766.6267395019531,12333.333333333332,2,0.41874999999999996,3688.9175720214844,12333.333333333332,0,0.41874999999999996,3721.227310180664,12333.333333333332,0,0.41874999999999996,17926.902709960938,605,605,605,2119,605,605,605,605,0,0,0,0,0,0,100,0,32353087488,8589930496,2849726464,0
200,1786319901064,865.6030426025391,12400,2,0.40625,766.6299133300781,12400,2,0.40625,3691.145004272461,12400,0,0.40625,3721.339614868164,12400,0,0.40625,17930.313522338867,605,605,605,2119,605,605,605,605,0,0,0,0,0,0,100,0,32353087488,8589930496,2849746944,0
199,1786319901264,865.6071014404297,12400,2,0.40625,766.6360321044922,12400,2,0.40625,3693.336166381836,12400,0,0.40625,3721.4530639648438,12400,0,0.40625,17933.70948791504,605,605,605,2119,605,605,605,605,0,0,19.047618865966797,0,0,0,85,0,32353087488,8589930496,2849746944,0
199,1786319901464,865.6114349365234,12200,2,0.4125000000000001,766.6395721435547,12200,2,0.4125000000000001,3695.5314025878906,12200,0,0.4125000000000001,3721.565475463867,12200,0,0.4125000000000001,17937.11231994629,605,605,605,2119,605,605,605,605,0,0,19.047618865966797,0,0,0,85,0,32353087488,8589930496,2849746944,0
200,1786319901664,865.6154174804688,12533.333333333332,2,0.40625,766.6430511474609,12533.333333333332,2,0.40625,3697.7335357666016,12533.333333333332,0,0.40625,3721.6774291992188,12533.333333333332,0,0.40625,17940.50163269043,605,605,605,2119,605,605,605,605,0,0,100,0,0,0,0,0,32353087488,8589930496,2849746944,0
199,1786319901864,865.6999206542969,12400,0,0.4125000000000001,766.6467742919922,12400,2,0.4125000000000001,3699.9456176757813,12400,0,0.4125000000000001,3721.696502685547,12400,2,0.4125000000000001,17943.902084350586,605,605,605,2119,605,605,605,605,0,0,100,0,0,0,0,0,32353087488,8589930496,2849746944,0
199,1786319902064,865.7978820800781,12466.666666666668,0,0.40625,766.6504364013672,12466.666666666668,2,0.40625,3702.1595153808594,12466.666666666668,0,0.40625,3721.702590942383,12466.666666666668,2,0.40625,17947.30061340332,605,605,605,2119,605,605,605,605,0,0,100,0,0,0,0,0,32353087488,8589930496,2849746944,0
199,1786319902264,865.8965454101563,12466.666666666668,0,0.4125000000000001,766.6545257568359,12466.666666666668,2,0.4125000000000001,3704.379180908203,12466.666666666668,0,0.4125000000000001,3721.708984375,12466.666666666668,2,0.4125000000000001,17950.696868896484,605,605,605,2119,605,605,605,605,0,0,100,0,0,0,0,0,32353087488,8589930496,2849746944,0
199,1786319902464,865.9962005615234,12400,0,0.4125000000000001,766.659912109375,12400,2,0.4125000000000001,3706.5914001464844,12400,0,0.4125000000000001,3721.715301513672,12400,2,0.4125000000000001,17954.097900390625,605,605,605,2119,605,605,605,605,0,0,100,0,0,0,0,0,32353087488,8589930496,2849746944,0
199,1786319902664,866.0935974121094,12333.333333333332,0,0.40625,766.6635894775391,12333.333333333332,2,0.40625,3708.7965393066406,12333.333333333332,0,0.40625,3721.7213592529297,12333.333333333332,2,0.40625,17957.49740600586,605,605,605,2119,605,605,605,605,0,0,100,0,0,0,0,0,32353087488,8589930496,2849746944,0
199,1786319902864,866.1910095214844,12400,0,0.4125000000000001,766.667236328125,12400,2,0.4125000000000001,3711.0040893554688,12400,0,0.4125000000000001,3721.7271423339844,12400,2,0.4125000000000001,17960.89387512207,605,605,605,2119,605,605,605,605,0,0,100,0,0,0,0,0,32353087488,8589930496,2849746944,0
199,1786319903064,866.2871246337891,12533.333333333332,0,0.4125000000000001,766.6707305908203,12533.333333333332,2,0.4125000000000001,3713.218536376953,12533.333333333332,0,0.4125000000000001,3721.732879638672,12533.333333333332,2,0.4125000000000001,17964.30729675293,605,605,605,2119,605,605,605,605,0,0,100,0,0,0,0,0,32353087488,8589930496,2849746944,0
199,1786319903264,866.37353515625,12533.333333333332,0,0.40625,766.6752319335938,12533.333333333332,2,0.40625,3715.437698364258,12533.333333333332,0,0.40625,3721.7391967773438,12533.333333333332,2,0.40625,17967.705764770508,605,605,605,2119,605,605,605,605,0,0,100,0,0,0,0,0,32353087488,8589930496,2849746944,0
199,1786319903465,866.4819793701172,12333.333333333332,0,0.4125000000000001,766.6812744140625,12266.666666666668,2,0.4125000000000001,3717.6766662597656,12266.666666666668,0,0.4125000000000001,3721.7500610351563,12266.666666666668,0,0.4125000000000001,17971.115798950195,605,605,605,2119,605,605,605,605,0,0,100,0,0,0,0,0,32353087488,8589930496,2849746944,0
199,1786319903665,866.5780792236328,12266.666666666668,0,0.41874999999999996,766.6847991943359,12266.666666666668,2,0.41874999999999996,3719.894302368164,12266.666666666668,0,0.41874999999999996,3721.756805419922,12266.666666666668,0,0.41874999999999996,17974.5145111084,605,605,605,2119,605,605,605,605,0,0,100,0,0,0,0,0,32353087488,8589930496,2849746944,0
199,1786319903865,866.6739501953125,12400,0,0.40625,766.6882476806641,12400,0,0.40625,3722.099838256836,12400,0,0.40625,3721.7615661621094,12400,0,0.40625,17977.908569335938,605,605,605,2119,605,605,605,605,0,0,100,0,0,0,0,0,32353087488,8589930496,2849746944,0
199,1786319904065,866.7730102539063,12466.666666666668,0,0.4125000000000001,766.6929321289063,12466.666666666668,2,0.4125000000000001,3724.3202209472656,12466.666666666668,0,0.4125000000000001,3721.767852783203,12466.666666666668,0,0.4125000000000001,17981.304733276367,605,605,605,2119,605,605,605,605,0,0,100,0,0,0,0,0,32353087488,8589930496,2849746944,0
199,1786319904265,866.8719635009766,12400,0,0.40625,766.6971282958984,12400,2,0.40625,3726.5304412841797,12400,0,0.40625,3721.7740020751953,12400,2,0.40625,17984.705047607422,605,605,605,2119,605,605,605,605,0,0,100,0,0,0,0,0,32353087488,8589930496,2849746944,0
199,1786319904465,866.9701538085938,12400,0,0.4125000000000001,766.7011108398438,12400,2,0.4125000000000001,3728.7367095947266,12400,0,0.4125000000000001,3721.7799682617188,12400,2,0.4125000000000001,17988.1046295166,605,605,605,2119,605,605,605,605,0,0,100,0,0,0,0,0,32353087488,8589930496,2849746944,0
199,1786319904665,867.0690460205078,12400,0,0.40625,766.7058563232422,12400,2,0.40625,3730.9569396972656,12400,0,0.40625,3721.7862854003906,12400,2,0.40625,17991.50372314453,605,605,605,2119,605,605,605,605,0,0,100,0,0,0,0,0,32353087488,8589930496,2849746944,0
199,1786319904865,867.1682891845703,12400,0,0.4125000000000001,766.7105407714844,12400,2,0.4125000000000001,3733.1703033447266,12400,0,0.4125000000000001,3721.7923736572266,12400,2,0.4125000000000001,17994.9015045166,605,605,605,2119,605,605,605,605,0,0,100,0,0,0,0,0,32353087488,8589930496,2849746944,0
199,1786319905065,867.2668609619141,12333.333333333332,0,0.4125000000000001,766.7145385742188,12333.333333333332,2,0.4125000000000001,3735.3814239501953,12333.333333333332,0,0.4125000000000001,3721.798568725586,12333.333333333332,2,0.4125000000000001,17998.30403137207,605,605,605,2119,605,605,605,605,0,0,100,0,0,0,0,0,32353087488,8589930496,2849746944,0
199,1786319905265,867.3678894042969,12400,0,0.4125000000000001,766.7222595214844,12400,2,0.4125000000000001,3737.6026000976563,12400,0,0.4125000000000001,3721.8058166503906,12400,2,0.4125000000000001,18001.717330932617,605,605,605,2119,605,605,605,605,0,0,100,0,0,0,0,0,32353087488,8589930496,2849746944,0
199,1786319905465,867.4683685302734,12400,0,0.40625,766.727294921875,12400,2,0.40625,3739.8182067871094,12400,0,0.40625,3721.8123168945313,12400,2,0.40625,18005.116500854492,605,605,605,2119,605,605,605,605,0,0,100,4.761904716491699,0,0,0,0,32353087488,8589930496,2849734656,0
199,1786319905666,867.5678100585938,12466.666666666668,0,0.40625,766.7319183349609,12466.666666666668,2,0.40625,3742.034378051758,12466.666666666668,0,0.40625,3721.8187103271484,12466.666666666668,2,0.40625,18008.514770507813,605,605,605,2119,605,605,605,605,0,0,100,0,0,0,0,0,32353087488,8589930496,2849734656,0
199,1786319905866,867.6656951904297,12266.666666666668,0,0.4125000000000001,766.7356414794922,12266.666666666668,2,0.4125000000000001,3744.240982055664,12266.666666666668,0,0.4125000000000001,3721.824737548828,12266.666666666668,2,0.4125000000000001,18011.919021606445,605,605,605,2119,605,605,605,605,0,0,100,0,0,0,0,0,32353087488,8589930496,2849734656,0
199,1786319906066,867.7639007568359,12333.333333333332,0,0.4125000000000001,766.7400970458984,12333.333333333332,2,0.4125000000000001,3746.453109741211,12333.333333333332,0,0.41874999999999996,3721.830825805664,12333.333333333332,0,0.41874999999999996,18015.315551757813,605,605,605,2119,605,605,605,605,0,0,100,0,0,0,0,0,32353087488,8589930496,2849734656,0
199,1786319906266,867.9784088134766,300,0,0.26875000000000004,766.9244689941406,300,0,0.26875000000000004,3747.859420776367,300,0,0.26875000000000004,3722.013671875,300,0,0.26875000000000004,18018.269134521484,605,605,605,2119,605,605,605,605,0,0,100,0,0,0,0,0,32353087488,8589930496,2747006976,0
199,1786319906466,868.0871734619141,12200,2,0.4125000000000001,767.0177764892578,12200,2,0.4125000000000001,3750.175979614258,12200,0,0.4125000000000001,3722.232452392578,12200,0,0.4125000000000001,18022.1775970459,605,605,605,2119,605,605,605,605,4.761904716491699,5,78.94737243652344,2.5,4.878048419952393,4.878048419952393,5,2.5,32353087488,8589930496,2848280576,0
200,1786319906666,868.0910491943359,12000,2,0.42500000000000004,767.0209808349609,12000,2,0.42500000000000004,3752.3633575439453,12000,0,0.42500000000000004,3722.342254638672,12000,0,0.42500000000000004,18025.565017700195,605,605,605,2119,605,605,605,605,0,0,100,0,0,0,0,0,32353087488,8589930496,2848280576,0
199,1786319906866,868.0953674316406,12066.666666666668,2,0.41874999999999996,767.0245208740234,12066.666666666668,2,0.41874999999999996,3754.541778564453,12066.666666666668,0,0.41874999999999996,3722.4467163085938,12066.666666666668,0,0.41874999999999996,18028.94955444336,605,605,605,2119,605,605,605,605,0,0,100,0,0,0,0,0,32353087488,8589930496,2848280576,0
199,1786319907066,868.09912109375,12200,2,0.4125000000000001,767.0277709960938,12200,2,0.4125000000000001,3756.721237182617,12200,0,0.4125000000000001,3722.55517578125,12200,0,0.4125000000000001,18032.336395263672,605,605,605,2119,605,605,605,605,0,0,100,0,0,0,0,0,32353087488,8589930496,2848280576,0
200,1786319907266,868.1030120849609,12266.666666666668,2,0.4125000000000001,767.0310821533203,12266.666666666668,2,0.4125000000000001,3758.9031372070313,12266.666666666668,0,0.4125000000000001,3722.6657104492188,12266.666666666668,0,0.4125000000000001,18035.726791381836,605,605,605,2119,605,605,605,605,0,0,100,0,0,0,0,5,32353087488,8589930496,2848280576,0
199,1786319907466,868.1824798583984,12200,0,0.41874999999999996,767.0346221923828,12200,2,0.41874999999999996,3761.0905151367188,12200,0,0.41874999999999996,3722.690383911133,12200,0,0.41874999999999996,18039.123504638672,605,605,605,2119,605,605,605,605,0,0,100,0,0,0,0,0,32353087488,8589930496,2848428032,0
199,1786319907666,868.2838134765625,13666.666666666666,0,0.3687499999999999,767.0392913818359,13666.666666666666,2,0.3687499999999999,3763.273666381836,13666.666666666666,0,0.3687499999999999,3722.699920654297,13666.666666666666,2,0.3687499999999999,18042.49754333496,605,605,605,2119,605,605,605,605,0,0,100,0,0,0,0,0,32353087488,8589930496,2848428032,0
199,1786319907866,868.3888854980469,12333.333333333332,0,0.4125000000000001,767.0447540283203,12333.333333333332,2,0.4125000000000001,3765.5187225341797,12333.333333333332,0,0.4125000000000001,3722.707565307617,12333.333333333332,2,0.4125000000000001,18045.935119628906,605,605,605,2119,605,605,605,605,0,0,100,0,0,0,0,0,32353087488,8589930496,2848428032,0
199,1786319908066,868.4853820800781,12133.333333333332,0,0.41874999999999996,767.0481872558594,12133.333333333332,2,0.41874999999999996,3767.692184448242,12133.333333333332,0,0.41874999999999996,3722.7130737304688,12133.333333333332,2,0.41874999999999996,18049.320404052734,605,605,605,2119,605,605,605,605,0,0,100,4.761904716491699,0,0,0,0,32353087488,8589930496,2848428032,0
199,1786319908267,868.5824584960938,12266.666666666668,0,0.41874999999999996,767.0514831542969,12266.666666666668,2,0.41874999999999996,3769.8880157470703,12266.666666666668,0,0.41874999999999996,3722.718490600586,12266.666666666668,2,0.41874999999999996,18052.732482910156,605,605,605,2119,605,605,605,605,0,0,100,0,0,0,0,0,32353087488,8589930496,2848428032,0
199,1786319908467,868.6815185546875,13066.666666666666,0,0.38749999999999996,767.0556793212891,13066.666666666666,2,0.38749999999999996,3772.073226928711,13066.666666666666,0,0.38749999999999996,3722.7254486083984,13066.666666666666,2,0.38749999999999996,18056.106475830078,605,605,605,2119,605,605,605,605,0,0,100,0,0,0,0,0,32353087488,8589930496,2848428032,0
199,1786319908667,868.7817687988281,12333.333333333332,0,0.41874999999999996,767.0603790283203,12333.333333333332,2,0.41874999999999996,3774.2854614257813,12333.333333333332,0,0.41874999999999996,3722.7313385009766,12333.333333333332,2,0.41874999999999996,18059.527572631836,605,605,605,2119,605,605,605,605,0,0,100,4.761904716491699,0,0,0,0,32353087488,8589930496,2848428032,0
199,1786319908867,868.8786315917969,12333.333333333332,0,0.4125000000000001,767.0640106201172,12333.333333333332,2,0.4125000000000001,3776.4750061035156,12333.333333333332,0,0.4125000000000001,3722.7381286621094,12333.333333333332,0,0.4125000000000001,18062.925659179688,605,605,605,2119,605,605,605,605,0,0,100,0,0,0,0,0,32353087488,8589930496,2848428032,0
199,1786319909067,868.9661102294922,12400,2,0.4125000000000001,767.0676574707031,12400,0,0.4125000000000001,3778.668472290039,12400,0,0.4125000000000001,3722.744125366211,12400,0,0.4125000000000001,18066.320556640625,605,605,605,2119,605,605,605,605,0,0,100,0,0,0,0,0,32353087488,8589930496,2848428032,0
199,1786319909267,869.049072265625,12066.666666666668,2,0.42500000000000004,767.0770721435547,12066.666666666668,2,0.42500000000000004,3780.8677368164063,12066.666666666668,0,0.42500000000000004,3722.765899658203,12066.666666666668,0,0.42500000000000004,18069.730102539063,605,605,605,2119,605,605,605,605,0,0,100,0,0,0,0,0,32353087488,8589930496,2848428032,0
199,1786319909467,869.1262054443359,12533.333333333332,2,0.40625,767.0813293457031,12533.333333333332,2,0.40625,3781.1800994873047,12533.333333333332,2,0.40625,3724.6426849365234,12533.333333333332,0,0.40625,18073.113311767578,605,605,605,2119,605,605,605,605,0,0,10,78.94737243652344,0,0,5,5,32353087488,8589930496,2848428032,0
199,1786319909667,869.2139892578125,12066.666666666668,0,0.42500000000000004,767.0845336914063,12066.666666666668,2,0.42500000000000004,3781.184844970703,12066.666666666668,2,0.42500000000000004,3726.870361328125,12066.666666666668,0,0.42500000000000004,18076.527404785156,605,605,605,2119,605,605,605,605,0,0,0,0,0,0,0,100,32353087488,8589930496,2848428032,0
199,1786319909867,869.3091430664063,12266.666666666668,0,0.41874999999999996,767.0882110595703,12266.666666666668,2,0.41874999999999996,3781.189010620117,12200,2,0.41874999999999996,3729.0697174072266,12200,0,0.41874999999999996,18079.919692993164,605,605,605,2119,605,605,605,605,0,0,0,0,0,0,0,100,32353087488,8589930496,2848428032,0
199,1786319910067,869.4042205810547,12266.666666666668,0,0.4125000000000001,767.0914459228516,12266.666666666668,2,0.4125000000000001,3781.1936798095703,12266.666666666668,2,0.4125000000000001,3731.2759704589844,12266.666666666668,0,0.4125000000000001,18083.316802978516,605,605,605,2119,605,605,605,605,0,0,0,0,0,0,0,100,32353087488,8589930496,2848428032,0
200,1786319910267,869.5000915527344,12266.666666666668,0,0.41874999999999996,767.094970703125,12266.666666666668,2,0.41874999999999996,3781.1985778808594,12266.666666666668,2,0.41874999999999996,3733.480712890625,12266.666666666668,0,0.41874999999999996,18086.716400146484,605,605,605,2119,605,605,605,605,0,0,0,0,0,0,0,100,32353087488,8589930496,2848428032,0
199,1786319910467,869.5960235595703,12333.333333333332,0,0.4125000000000001,767.0986328125,12333.333333333332,2,0.4125000000000001,3781.2037353515625,12333.333333333332,2,0.4125000000000001,3735.6902465820313,12333.333333333332,0,0.4125000000000001,18090.114028930664,605,605,605,2119,605,605,605,605,0,0,0,0,0,0,0,100,32353087488,8589930496,2848428032,0
199,1786319910667,869.6927642822266,12133.333333333332,0,0.42500000000000004,767.1029968261719,12133.333333333332,2,0.42500000000000004,3781.208450317383,12133.333333333332,2,0.42500000000000004,3737.904495239258,12133.333333333332,0,0.42500000000000004,18093.53468322754,605,605,605,2119,605,605,605,605,0,0,0,0,0,0,0,100,32353087488,8589930496,2848428032,0
199,1786319910868,869.7882232666016,12200,0,0.4125000000000001,767.1062622070313,12200,2,0.4125000000000001,3781.2147674560547,12200,2,0.4125000000000001,3740.112060546875,12200,0,0.4125000000000001,18096.93083190918,605,605,605,2119,605,605,605,605,0,0,4.761904716491699,0,0,0,0,100,32353087488,8589930496,2848428032,0
199,1786319911068,869.8840484619141,12266.666666666668,0,0.41874999999999996,767.109619140625,12266.666666666668,2,0.41874999999999996,3781.221405029297,12266.666666666668,2,0.41874999999999996,3742.331802368164,12266.666666666668,0,0.41874999999999996,18100.32829284668,605,605,605,2119,605,605,605,605,0,0,0,0,0,0,0,100,32353087488,8589930496,2848428032,0
198,1786319911269,869.9824066162109,12200,0,0.4125000000000001,767.1128845214844,12200,2,0.4125000000000001,3781.2266845703125,12200,2,0.4125000000000001,3744.551223754883,12200,0,0.4125000000000001,18103.745574951172,605,605,605,2119,605,605,605,605,0,0,0,0,0,0,0,100,32353087488,8589930496,2848428032,0
199,1786319911468,870.0791473388672,12133.333333333332,0,0.41874999999999996,767.1165924072266,12133.333333333332,2,0.41874999999999996,3781.2354583740234,12133.333333333332,2,0.41874999999999996,3746.7488708496094,12133.333333333332,0,0.41874999999999996,18107.12825012207,605,605,605,2119,605,605,605,605,0,0,0,0,0,0,0,100,32353087488,8589930496,2848428032,0
199,1786319911668,870.1756439208984,12133.333333333332,0,0.4125000000000001,767.1198425292969,12200,2,0.4125000000000001,3781.2413787841797,12200,0,0.4125000000000001,3748.9519805908203,12200,0,0.4125000000000001,18110.52751159668,605,605,605,2119,605,605,605,605,0,0,0,0,0,0,0,100,32353087488,8589930496,2848428032,0
199,1786319911868,870.2715759277344,12066.666666666668,0,0.41874999999999996,767.1233520507813,12066.666666666668,2,0.41874999999999996,3781.2491760253906,12066.666666666668,0,0.41874999999999996,3751.160919189453,12066.666666666668,0,0.41874999999999996,18113.928588867188,605,605,605,2119,605,605,605,605,0,0,0,0,0,0,0,100,32353087488,8589930496,2848428032,0
199,1786319912068,870.3657379150391,12333.333333333332,0,0.4125000000000001,767.1268615722656,12333.333333333332,2,0.4125000000000001,3781.999221801758,12333.333333333332,0,0.4125000000000001,3752.6123657226563,12333.333333333332,0,0.4125000000000001,18117.321823120117,605,605,605,2119,605,605,605,605,0,0,35,0,0,0,0,65,32353087488,8589930496,2848428032,0
199,1786319912268,870.4633178710938,11933.333333333332,0,0.42500000000000004,767.1307525634766,11933.333333333332,2,0.42500000000000004,3784.196990966797,11933.333333333332,0,0.42500000000000004,3752.6175689697266,11933.333333333332,0,0.42500000000000004,18120.731033325195,605,605,605,2119,605,605,605,605,0,0,23.809524536132813,0,0,0,78.94737243652344,0,32353087488,8589930496,2848428032,0
199,1786319912468,870.6580200195313,300,0,0.25624999999999987,767.2494506835938,300,0,0.25624999999999987,3785.7974395751953,300,0,0.25624999999999987,3752.767578125,300,0,0.25624999999999987,18123.797134399414,605,605,605,2119,605,605,605,605,5,0,0,9.090909004211426,5,0,71.42857360839844,0,32353087488,8589930496,2775277568,0
199,1786319912668,870.7995910644531,12200,2,0.4125000000000001,767.3753509521484,12200,2,0.4125000000000001,3787.851119995117,12200,0,0.4125000000000001,3753.067657470703,12200,0,0.4125000000000001,18127.562057495117,605,605,605,2119,605,605,605,605,13.636363983154297,5,5,5.263157844543457,5,5,84.21052551269531,5.263157844543457,32353087488,8589930496,2849128448,0
199,1786319912868,870.8193206787109,12266.666666666668,0,0.41874999999999996,767.3809356689453,12266.666666666668,2,0.41874999999999996,3790.0347900390625,12266.666666666668,0,0.41874999999999996,3753.1541748046875,12266.666666666668,2,0.41874999999999996,18130.949325561523,605,605,605,2119,605,605,605,605,0,0,0,0,0,0,100,0,32353087488,8589930496,2849128448,0
199,1786319913068,870.9183044433594,12133.333333333332,0,0.4125000000000001,767.3859252929688,12133.333333333332,2,0.4125000000000001,3792.2237091064453,12133.333333333332,0,0.4125000000000001,3753.160110473633,12133.333333333332,2,0.4125000000000001,18134.34307861328,605,605,605,2119,605,605,605,605,0,0,60.000003814697266,0,0,0,40,0,32353087488,8589930496,2849333248,0
199,1786319913269,871.0174102783203,12066.666666666668,0,0.42500000000000004,767.3949737548828,12066.666666666668,2,0.42500000000000004,3794.4112548828125,12066.666666666668,0,0.42500000000000004,3753.1682739257813,12066.666666666668,2,0.42500000000000004,18137.75782775879,605,605,605,2119,605,605,605,605,0,0,100,0,0,0,0,0,32353087488,8589930496,2849333248,0
199,1786319913469,871.0460357666016,12333.333333333332,2,0.4125000000000001,767.5743865966797,12333.333333333332,2,0.4125000000000001,3796.4038696289063,12333.333333333332,0,0.4125000000000001,3753.261428833008,12333.333333333332,0,0.4125000000000001,18141.126892089844,605,605,605,2119,605,605,605,605,0,0,100,0,0,0,0,0,32353087488,8589930496,2849333248,0
200,1786319913669,871.0499420166016,12133.333333333332,2,0.41874999999999996,767.5784149169922,12133.333333333332,2,0.41874999999999996,3798.5879821777344,12133.333333333332,0,0.41874999999999996,3753.3729248046875,12133.333333333332,0,0.41874999999999996,18144.52978515625,605,605,605,2119,605,605,605,605,0,5,97.43589782714844,2.4390242099761963,0,0,0,2.5,32353087488,8589930496,2849333248,0
200,1786319913869,871.0539093017578,12333.333333333332,2,0.4125000000000001,767.5827026367188,12333.333333333332,2,0.4125000000000001,3800.776641845703,12333.333333333332,0,0.4125000000000001,3753.4855041503906,12333.333333333332,0,0.4125000000000001,18147.921173095703,605,605,605,2119,605,605,605,605,0,0,100,0,0,0,0,0,32353087488,8589930496,2849333248,0
199,1786319914069,871.05810546875,12200,2,0.4125000000000001,767.5881652832031,12200,2,0.4125000000000001,3802.947952270508,12200,0,0.4125000000000001,3753.598617553711,12200,0,0.4125000000000001,18151.325927734375,605,605,605,2119,605,605,605,605,0,0,100,0,0,0,0,0,32353087488,8589930496,2849333248,0
200,1786319914269,871.0712280273438,12266.666666666668,2,0.41874999999999996,767.5934448242188,12266.666666666668,2,0.41874999999999996,3805.1434020996094,12266.666666666668,0,0.41874999999999996,3753.682083129883,12266.666666666668,0,0.41874999999999996,18154.719787597656,605,605,605,2119,605,605,605,605,0,0,100,0,0,0,0,0,32353087488,8589930496,2849333248,0
199,1786319914469,871.0759124755859,12266.666666666668,2,0.41874999999999996,767.5983276367188,12266.666666666668,2,0.41874999999999996,3807.335479736328,12266.666666666668,0,0.41874999999999996,3753.7793731689453,12266.666666666668,0,0.41874999999999996,18158.117568969727,605,605,605,2119,605,605,605,605,0,0,100,0,0,0,0,0,32353087488,8589930496,2849333248,0
200,1786319914669,871.0797271728516,12133.333333333332,2,0.41874999999999996,767.6026611328125,12133.333333333332,2,0.41874999999999996,3809.5209197998047,12133.333333333332,0,0.41874999999999996,3753.8919067382813,12133.333333333332,0,0.41874999999999996,18161.5184173584,605,605,605,2119,605,605,605,605,0,0,100,0,0,0,0,0,32353087488,8589930496,2849333248,0
200,1786319914869,871.0838470458984,13133.333333333334,2,0.38749999999999996,767.6080322265625,13133.333333333334,2,0.38749999999999996,3811.711151123047,13133.333333333334,0,0.38749999999999996,3754.006881713867,13133.333333333334,0,0.38749999999999996,18164.909774780273,605,605,605,2119,605,605,605,605,0,0,100,0,0,0,0,0,32353087488,8589930496,2849333248,0
199,1786319915069,871.1342010498047,12466.666666666668,0,0.40625,767.6143493652344,12533.333333333332,2,0.40625,3813.939727783203,12533.333333333332,0,0.40625,3754.050308227539,12533.333333333332,0,0.40625,18168.328567504883,605,605,605,2119,605,605,605,605,0,0,100,0,0,0,0,0,32353087488,8589930496,2849333248,0
199,1786319915269,871.2355804443359,13733.333333333334,0,0.375,767.6199493408203,13733.333333333334,2,0.375,3816.1262817382813,13733.333333333334,0,0.375,3754.056838989258,13733.333333333334,0,0.375,18171.692459106445,605,605,605,2119,605,605,605,605,0,0,100,0,0,0,0,0,32353087488,8589930496,2849333248,0
199,1786319915469,871.3392333984375,12333.333333333332,0,0.4125000000000001,767.6258850097656,12333.333333333332,2,0.4125000000000001,3818.353988647461,12333.333333333332,0,0.4125000000000001,3754.063720703125,12333.333333333332,2,0.4125000000000001,18175.1297454834,605,605,605,2119,605,605,605,605,0,0,100,0,0,0,0,0,32353087488,8589930496,2849333248,0
199,1786319915669,871.4416198730469,13533.333333333334,0,0.375,767.6311645507813,13533.333333333334,2,0.375,3820.553237915039,13533.333333333334,0,0.375,3754.0699768066406,13533.333333333334,2,0.375,18178.49644470215,605,605,605,2119,605,605,605,605,0,0,100,0,0,0,0,0,32353087488,8589930496,2849333248,0
199,1786319915869,871.5485229492188,12333.333333333332,0,0.4125000000000001,767.6371612548828,12333.333333333332,2,0.4125000000000001,3822.791763305664,12333.333333333332,0,0.4125000000000001,3754.0764770507813,12333.333333333332,2,0.4125000000000001,18181.93475341797,605,605,605,2119,605,605,605,605,0,0,100,0,0,0,0,0,32353087488,8589930496,2849333248,0
199,1786319916070,871.6527252197266,12666.666666666668,0,0.3999999999999999,767.6428985595703,12666.666666666668,2,0.3999999999999999,3825.0049438476563,12666.666666666668,0,0.3999999999999999,3754.0829467773438,12666.666666666668,2,0.3999999999999999,18185.322463989258,605,605,605,2119,605,605,605,605,0,0,100,0,0,0,0,0,32353087488,8589930496,2849333248,0
199,1786319916270,871.7509918212891,12333.333333333332,0,0.4125000000000001,767.647705078125,12333.333333333332,2,0.4125000000000001,3827.2172241210938,12333.333333333332,0,0.4125000000000001,3754.088912963867,12333.333333333332,2,0.4125000000000001,18188.730438232422,605,605,605,2119,605,605,605,605,0,0,100,0,0,0,0,0,32353087488,8589930496,2849333248,0
200,1786319916470,871.8506774902344,12466.666666666668,0,0.40625,767.6529083251953,12466.666666666668,2,0.40625,3829.410858154297,12466.666666666668,0,0.40625,3754.0953369140625,12466.666666666668,2,0.40625,18192.126358032227,605,605,605,2119,605,605,605,605,0,0,100,0,0,0,0,0,32353087488,8589930496,2849333248,0
199,1786319916670,871.8595275878906,12066.666666666668,2,0.42500000000000004,767.6567840576172,12066.666666666668,2,0.42500000000000004,3831.6087188720703,12066.666666666668,0,0.42500000000000004,3754.202346801758,12066.666666666668,0,0.42500000000000004,18195.533981323242,605,605,605,2119,605,605,605,605,0,0,100,0,0,0,0,0,32353087488,8589930496,2849333248,0
199,1786319916870,871.8630218505859,12200,2,0.41874999999999996,767.6607971191406,12200,2,0.41874999999999996,3833.805633544922,12200,0,0.41874999999999996,3754.3130493164063,12200,0,0.41874999999999996,18198.94401550293,605,605,605,2119,605,605,605,605,0,0,100,0,0,0,0,0,32353087488,8589930496,2849333248,0
199,1786319917070,871.8668365478516,12266.666666666668,2,0.4125000000000001,767.6651611328125,12266.666666666668,2,0.4125000000000001,3835.9934844970703,12266.666666666668,0,0.4125000000000001,3754.423858642578,12266.666666666668,0,0.4125000000000001,18202.341049194336,605,605,605,2119,605,605,605,605,0,0,100,0,0,0,0,0,32353087488,8589930496,2849333248,0
199,1786319917270,871.8719482421875,12133.333333333332,2,0.41874999999999996,767.6733856201172,12133.333333333332,2,0.4125000000000001,3838.182098388672,12133.333333333332,0,0.4125000000000001,3754.519287109375,12133.333333333332,2,0.4125000000000001,18205.742309570313,605,605,605,2119,605,605,605,605,0,0,100,0,0,0,0,0,32353087488,8589930496,2849333248,0
200,1786319917470,871.8789215087891,12066.666666666668,2,0.41874999999999996,767.6791839599609,12066.666666666668,2,0.41874999999999996,3840.396743774414,12066.666666666668,0,0.41874999999999996,3754.6376953125,12066.666666666668,0,0.41874999999999996,18209.145385742188,605,605,605,2119,605,605,605,605,0,0,100,0,0,0,0,0,32353087488,8589930496,2849333248,0
199,1786319917670,871.8823852539063,12333.333333333332,0,0.4125000000000001,767.6852111816406,12333.333333333332,0,0.4125000000000001,3842.57568359375,12333.333333333332,0,0.4125000000000001,3754.7489471435547,12333.333333333332,0,0.4125000000000001,18212.53466796875,605,605,605,2119,605,605,605,605,0,0,100,0,0,0,0,0,32353087488,8589930496,2849333248,0
199,1786319917870,871.8856048583984,12000,2,0.42500000000000004,767.6893615722656,12000,0,0.42500000000000004,3844.767303466797,12000,0,0.42500000000000004,3754.8597717285156,12000,0,0.42500000000000004,18215.942413330078,605,605,605,2119,605,605,605,605,0,0,100,0,0,0,0,0,32353087488,8589930496,2849333248,0
199,1786319918070,871.8911895751953,12466.666666666668,2,0.40625,767.6947937011719,12466.666666666668,2,0.40625,3846.9698181152344,12466.666666666668,0,0.40625,3754.939422607422,12466.666666666668,2,0.40625,18219.328094482422,605,605,605,2119,605,605,605,605,4.761904716491699,0,100,0,0,0,0,0,32353087488,8589930496,2849333248,0
199,1786319918270,871.9903564453125,12400,0,0.40625,767.7006072998047,12400,2,0.40625,3849.170120239258,12400,0,0.40625,3754.945999145508,12400,2,0.40625,18222.730270385742,605,605,605,2119,605,605,605,605,0,4.761904716491699,100,0,0,0,0,0,32353087488,8589930496,2849333248,0
199,1786319918471,872.0901336669922,12133.333333333332,0,0.41874999999999996,767.7059326171875,12133.333333333332,2,0.41874999999999996,3851.3680877685547,12133.333333333332,0,0.41874999999999996,3754.9525299072266,12133.333333333332,2,0.41874999999999996,18226.136459350586,605,605,605,2119,605,605,605,605,0,0,100,0,0,0,0,0,32353087488,8589930496,2849333248,0
199,1786319918671,872.1938171386719,14333.333333333334,0,0.375,767.7200317382813,14333.333333333334,0,0.375,3853.497268676758,14333.333333333334,0,0.375,3754.961639404297,14466.666666666666,0,0.36250000000000004,18229.481338500977,605,605,605,2119,605,605,605,605,0,0,100,0,0,0,0,0,32353087488,8589930496,2769797120,0
200,1786319918871,872.5099029541016,14800,0,0.33125000000000004,767.9939117431641,14800,2,0.33125000000000004,3854.99169921875,14800,0,0.33125000000000004,3755.2447509765625,14800,2,0.33125000000000004,18232.884002685547,605,605,605,2119,605,605,605,605,2.5641026496887207,2.5,62.5,5,5,5.128205299377441,21.95121955871582,7.317072868347168,32353087488,8589930496,2864971776,0
199,1786319919071,872.62060546875,12333.333333333332,0,0.4125000000000001,768.0857543945313,12333.333333333332,2,0.4125000000000001,3857.1590118408203,12333.333333333332,0,0.4125000000000001,3755.252212524414,12333.333333333332,2,0.4125000000000001,18236.396041870117,605,605,605,2119,605,605,605,605,0,0,95,0,0,5,0,0,32353087488,8589930496,2864971776,0
199,1786319919271,872.7218475341797,11800,2,0.4312499999999999,768.1721954345703,11800,2,0.4312499999999999,3859.215560913086,11800,0,0.4312499999999999,3755.3099060058594,11800,2,0.4312499999999999,18239.79542541504,605,605,605,2119,605,605,605,605,0,5,95,5,0,0,0,0,32353087488,8589930496,2865274880,0
199,1786319919471,872.8214416503906,12200,0,0.41874999999999996,768.1768646240234,12200,2,0.41874999999999996,3861.392120361328,12200,0,0.41874999999999996,3755.316360473633,12200,2,0.41874999999999996,18243.17315673828,605,605,605,2119,605,605,605,605,0,0,100,0,0,0,0,0,32353087488,8589930496,2865274880,0
199,1786319919671,872.9183654785156,12000,0,0.42500000000000004,768.1810302734375,12000,2,0.42500000000000004,3863.594711303711,12000,0,0.42500000000000004,3755.3226776123047,12000,2,0.42500000000000004,18246.571563720703,605,605,605,2119,605,605,605,605,0,0,100,0,0,0,0,0,32353087488,8589930496,2865274880,0
199,1786319919871,873.0171508789063,12333.333333333332,0,0.4125000000000001,768.1856536865234,12333.333333333332,2,0.4125000000000001,3865.778366088867,12333.333333333332,0,0.4125000000000001,3755.3294372558594,12333.333333333332,2,0.4125000000000001,18249.95719909668,605,605,605,2119,605,605,605,605,0,0,100,0,0,0,0,0,32353087488,8589930496,2865274880,0
199,1786319920071,873.1218566894531,11533.333333333332,0,0.4375,768.1999664306641,11533.333333333332,2,0.4375,3867.9542846679688,11533.333333333332,0,0.4375,3755.369873046875,11533.333333333332,0,0.4375,18253.374389648438,605,605,605,2119,605,605,605,605,0,0,100,0,0,0,0,0,32353087488,8589930496,2865274880,0
199,1786319920271,873.1367034912109,12466.666666666668,2,0.3999999999999999,768.2056579589844,12466.666666666668,2,0.3999999999999999,3870.175811767578,12466.666666666668,0,0.3999999999999999,3755.3802490234375,12466.666666666668,0,0.3999999999999999,18256.74496459961,605,605,605,2119,605,605,605,605,0,0,100,4.761904716491699,0,0,0,0,32353087488,8589930496,2862583808,0
199,1786319920471,873.1404266357422,12733.333333333332,0,0.3999999999999999,768.2122955322266,12733.333333333332,2,0.3999999999999999,3872.4312286376953,12733.333333333332,0,0.3999999999999999,3755.387420654297,12733.333333333332,2,0.3999999999999999,18260.13784790039,605,605,605,2119,605,605,605,605,0,0,100,0,0,0,0,0,32353087488,8589930496,2862583808,0
199,1786319920671,873.1440734863281,12666.666666666668,2,0.40625,768.2185516357422,12666.666666666668,2,0.40625,3874.6805725097656,12666.666666666668,0,0.40625,3755.3968200683594,12666.666666666668,2,0.40625,18263.539184570313,605,605,605,2119,605,605,605,605,0,0,100,0,0,0,0,0,32353087488,8589930496,2862583808,0
199,1786319920872,873.1475067138672,12533.333333333332,2,0.3999999999999999,768.2247924804688,12533.333333333332,2,0.3999999999999999,3876.9367065429688,12533.333333333332,0,0.3999999999999999,3755.4061279296875,12533.333333333332,2,0.3999999999999999,18266.939895629883,605,605,605,2119,605,605,605,605,0,0,100,0,0,0,0,0,32353087488,8589930496,2862583808,0
199,1786319921072,873.1510009765625,12600,2,0.3999999999999999,768.2310028076172,12600,2,0.3999999999999999,3879.195816040039,12600,0,0.3999999999999999,3755.4136657714844,12600,2,0.3999999999999999,18270.338775634766,605,605,605,2119,605,605,605,605,0,0,100,0,0,0,0,0,32353087488,8589930496,2862583808,0
199,1786319921272,873.1546478271484,12466.666666666668,2,0.4125000000000001,768.2415313720703,12466.666666666668,2,0.4125000000000001,3881.4400787353516,12466.666666666668,0,0.4125000000000001,3755.4232177734375,12466.666666666668,2,0.4125000000000001,18273.741317749023,605,605,605,2119,605,605,605,605,0,0,100,0,0,0,0,0,32353087488,8589930496,2859970560,0
199,1786319921472,873.1666259765625,13200,2,0.38749999999999996,768.2479858398438,13200,2,0.38749999999999996,3883.678924560547,13200,0,0.38749999999999996,3755.4319610595703,13200,2,0.38749999999999996,18277.13883972168,605,605,605,2119,605,605,605,605,0,0,100,0,0,0,0,0,32353087488,8589930496,2859970560,0
199,1786319921672,873.1701507568359,12600,2,0.40625,768.2541656494141,12600,2,0.40625,3885.9358825683594,12600,0,0.40625,3755.441848754883,12600,2,0.40625,18280.53855895996,605,605,605,2119,605,605,605,605,0,0,100,0,0,0,0,0,32353087488,8589930496,2859970560,0
199,1786319921872,873.1735687255859,12533.333333333332,2,0.3999999999999999,768.2607574462891,12533.333333333332,2,0.3999999999999999,3888.203338623047,12533.333333333332,0,0.3999999999999999,3755.4515228271484,12533.333333333332,2,0.3999999999999999,18283.956146240234,605,605,605,2119,605,605,605,605,0,0,100,0,0,0,0,0,32353087488,8589930496,2859970560,0
199,1786319922072,873.1769561767578,12400,2,0.40625,768.2669525146484,12400,2,0.40625,3890.4605865478516,12400,0,0.40625,3755.459945678711,12400,2,0.40625,18287.35758972168,605,605,605,2119,605,605,605,605,0,0,100,0,0,0,0,0,32353087488,8589930496,2859970560,0
199,1786319922272,873.1804962158203,12600,2,0.3999999999999999,768.2738342285156,12600,2,0.3999999999999999,3892.7103424072266,12600,0,0.3999999999999999,3755.470199584961,12600,2,0.3999999999999999,18290.750549316406,605,605,605,2119,605,605,605,605,0,0,100,0,0,0,0,0,32353087488,8589930496,2857877504,0
199,1786319922472,873.1840209960938,12733.333333333332,2,0.3999999999999999,768.2803649902344,12733.333333333332,2,0.3999999999999999,3894.9652099609375,12733.333333333332,0,0.3999999999999999,3755.479034423828,12666.666666666668,0,0.3999999999999999,18294.14682006836,605,605,605,2119,605,605,605,605,0,0,100,0,0,0,0,0,32353087488,8589930496,2857877504,0
199,1786319922672,873.1873779296875,12600,2,0.40625,768.2865295410156,12600,2,0.40625,3897.227569580078,12600,0,0.40625,3755.489974975586,12600,0,0.40625,18297.547470092773,605,605,605,2119,605,605,605,605,0,0,100,0,0,0,0,0,32353087488,8589930496,2857877504,0
199,1786319922872,873.1907196044922,12466.666666666668,2,0.40625,768.2927398681641,12466.666666666668,2,0.40625,3899.482162475586,12466.666666666668,0,0.40625,3755.4972076416016,12466.666666666668,0,0.40625,18300.94969177246,605,605,605,2119,605,605,605,605,0,0,100,0,0,0,0,0,32353087488,8589930496,2857877504,0
199,1786319923073,873.1941680908203,12666.666666666668,2,0.3999999999999999,768.29931640625,12666.666666666668,2,0.3999999999999999,3901.7400512695313,12666.666666666668,0,0.3999999999999999,3755.5045166015625,12666.666666666668,2,0.3999999999999999,18304.345291137695,605,605,605,2119,605,605,605,605,0,0,100,4.761904716491699,0,0,0,0,32353087488,8589930496,2857877504,0
200,1786319923273,873.1975708007813,12600,2,0.3999999999999999,768.3059997558594,12600,2,0.3999999999999999,3903.994842529297,12600,0,0.3999999999999999,3755.5120849609375,12600,2,0.3999999999999999,18307.744735717773,605,605,605,2119,605,605,605,605,0,0,100,0,0,0,0,0,32353087488,8589930496,2856009728,0
199,1786319923473,873.2020263671875,12733.333333333332,2,0.3999999999999999,768.3198394775391,12733.333333333332,2,0.3999999999999999,3906.2203216552734,12733.333333333332,0,0.3999999999999999,3755.5303649902344,12733.333333333332,2,0.3999999999999999,18311.141723632813,605,605,605,2119,605,605,605,605,0,0,95.23809814453125,0,0,0,5,0,32353087488,8589930496,2856382464,0
199,1786319923673,873.20654296875,13933.333333333334,2,0.36250000000000004,768.3260498046875,13933.333333333334,2,0.36250000000000004,3908.4706115722656,13933.333333333334,0,0.36250000000000004,3755.538787841797,13933.333333333334,2,0.36250000000000004,18314.50846862793,605,605,605,2119,605,605,605,605,0,0,95.23809814453125,0,0,0,5,0,32353087488,8589930496,2856382464,0
199,1786319923873,873.2114410400391,12533.333333333332,2,0.3999999999999999,768.3323516845703,12533.333333333332,2,0.3999999999999999,3910.765838623047,12533.333333333332,0,0.3999999999999999,3755.5462188720703,12533.333333333332,2,0.3999999999999999,18317.94888305664,605,605,605,2119,605,605,605,605,0,0,100,0,0,0,0,0,32353087488,8589930496,2856382464,0
199,1786319924073,873.2147674560547,12800,2,0.3999999999999999,768.3385620117188,12800,2,0.3999999999999999,3913.0357513427734,12800,0,0.3999999999999999,3755.5552520751953,12800,2,0.3999999999999999,18321.3572845459,605,605,605,2119,605,605,605,605,0,0,100,0,0,0,0,0,32353087488,8589930496,2856382464,0
199,1786319924273,873.2181854248047,12533.333333333332,2,0.40625,768.3457794189453,12533.333333333332,2,0.40625,3915.292190551758,12533.333333333332,0,0.40625,3755.5626068115234,12533.333333333332,2,0.40625,18324.76141357422,605,605,605,2119,605,605,605,605,0,0,100,0,0,0,0,0,32353087488,8589930496,2855485440,0
199,1786319924473,873.2216186523438,12600,2,0.3999999999999999,768.3522644042969,12600,2,0.3999999999999999,3917.552459716797,12600,0,0.3999999999999999,3755.5709075927734,12600,2,0.3999999999999999,18328.158447265625,605,605,605,2119,605,605,605,605,0,0,100,0,0,0,0,0,32353087488,8589930496,2855485440,0
199,1786319924673,873.2252960205078,12600,2,0.3999999999999999,768.3584442138672,12666.666666666668,2,0.3999999999999999,3919.814910888672,12666.666666666668,0,0.40625,3755.5796813964844,12666.666666666668,0,0.40625,18331.556427001953,605,605,605,2119,605,605,605,605,0,0,100,0,0,0,0,0,32353087488,8589930496,2855485440,0
199,1786319924873,873.2286834716797,12533.333333333332,2,0.3999999999999999,768.3646697998047,12533.333333333332,2,0.3999999999999999,3922.074447631836,12533.333333333332,0,0.40625,3755.589599609375,12533.333333333332,0,0.40625,18334.957809448242,605,605,605,2119,605,605,605,605,0,0,100,0,0,0,0,0,32353087488,8589930496,2855485440,0
199,1786319925073,873.4426727294922,12466.666666666668,2,0.40625,768.5638275146484,12466.666666666668,2,0.40625,3922.395263671875,12466.666666666668,0,0.40625,3757.229934692383,12466.666666666668,0,0.40625,18338.360076904297,605,605,605,2119,605,605,605,605,9.523809432983398,5.263157844543457,10.526315689086914,47.36842346191406,10,9.523809432983398,9.523809432983398,35,32353087488,8589930496,2846822400,0
199,1786319925274,873.4508666992188,12400,2,0.40625,768.5724487304688,12400,0,0.40625,3924.6349182128906,12400,0,0.40625,3757.2384185791016,12400,2,0.40625,18341.762985229492,605,605,605,2119,605,605,605,605,0,4.761904716491699,100,0,0,0,0,0,32353087488,8589930496,2846822400,0
199,1786319925474,873.4551391601563,12600,2,0.40625,768.5799102783203,12600,2,0.40625,3926.863525390625,12600,0,0.40625,3757.2516174316406,12600,2,0.40625,18345.13638305664,605,605,605,2119,605,605,605,605,0,0,100,0,0,0,5,4.761904716491699,32353087488,8589930496,2846818304,0
199,1786319925674,873.4591522216797,12666.666666666668,2,0.3999999999999999,768.5942993164063,12666.666666666668,2,0.3999999999999999,3929.0999603271484,12666.666666666668,0,0.3999999999999999,3757.2601776123047,12666.666666666668,2,0.3999999999999999,18348.534576416016,605,605,605,2119,605,605,605,605,0,4.761904716491699,100,4.761904716491699,0,0,0,0,32353087488,8589930496,2846818304,0
199,1786319925874,873.4627380371094,12466.666666666668,2,0.40625,768.5988311767578,12466.666666666668,2,0.40625,3929.107406616211,12466.666666666668,2,0.40625,3759.5210571289063,12466.666666666668,0,0.40625,18351.936416625977,605,605,605,2119,605,605,605,605,0,0,0,100,0,0,0,0,32353087488,8589930496,2846818304,0
199,1786319926074,873.4673004150391,12400,2,0.40625,768.6024475097656,12400,2,0.40625,3929.1143798828125,12400,2,0.40625,3761.7972259521484,12400,0,0.40625,18355.337341308594,605,605,605,2119,605,605,605,605,0,0,0,100,0,0,0,0,32353087488,8589930496,2846818304,0
199,1786319926274,873.4739685058594,12466.666666666668,2,0.3999999999999999,768.6077270507813,12466.666666666668,2,0.3999999999999999,3929.1214599609375,12466.666666666668,2,0.3999999999999999,3764.087432861328,12466.666666666668,0,0.3999999999999999,18358.75424194336,605,605,605,2119,605,605,605,605,0,0,0,100,0,0,0,0,32353087488,8589930496,2846818304,0
199,1786319926474,873.4804992675781,12666.666666666668,2,0.3999999999999999,768.6117858886719,12666.666666666668,2,0.3999999999999999,3929.129165649414,12666.666666666668,2,0.3999999999999999,3766.3515014648438,12666.666666666668,0,0.3999999999999999,18362.147491455078,605,605,605,2119,605,605,605,605,0,0,0,100,0,0,0,0,32353087488,8589930496,2846818304,0
199,1786319926674,873.4873504638672,12133.333333333332,2,0.4125000000000001,768.6156005859375,12133.333333333332,2,0.4125000000000001,3929.136260986328,12133.333333333332,2,0.4125000000000001,3768.618850708008,12133.333333333332,0,0.4125000000000001,18365.558792114258,605,605,605,2119,605,605,605,605,0,0,0,100,0,0,0,0,32353087488,8589930496,2846818304,0
199,1786319926874,873.4935150146484,12400,2,0.40625,768.6188049316406,12400,2,0.40625,3929.143112182617,12400,2,0.40625,3770.8838653564453,12400,0,0.40625,18368.94985961914,605,605,605,2119,605,605,605,605,0,0,0,100,0,0,0,0,32353087488,8589930496,2846818304,0
199,1786319927074,873.4999237060547,12266.666666666668,2,0.4125000000000001,768.6221771240234,12200,2,0.4125000000000001,3929.150146484375,12200,2,0.4125000000000001,3773.1541595458984,12200,0,0.4125000000000001,18372.353103637695,605,605,605,2119,605,605,605,605,0,0,0,100,0,0,0,0,32353087488,8589930496,2846818304,0
199,1786319927274,873.5033874511719,12733.333333333332,0,0.3999999999999999,768.6266326904297,12733.333333333332,2,0.3999999999999999,3929.157501220703,12733.333333333332,0,0.3999999999999999,3775.413284301758,12733.333333333332,0,0.3999999999999999,18375.73861694336,605,605,605,2119,605,605,605,605,0,0,0,100,0,0,0,0,32353087488,8589930496,2846818304,0
199,1786319927474,873.5067443847656,12533.333333333332,2,0.3999999999999999,768.6312866210938,12533.333333333332,2,0.3999999999999999,3929.167984008789,12666.666666666668,2,0.3999999999999999,3777.6856231689453,12666.666666666668,0,0.3999999999999999,18379.1417388916,605,605,605,2119,605,605,605,605,0,0,0,100,0,0,0,0,32353087488,8589930496,2846818304,0
199,1786319927675,873.5120391845703,12533.333333333332,2,0.3999999999999999,768.6370849609375,12533.333333333332,2,0.3999999999999999,3929.1757202148438,12533.333333333332,0,0.3999999999999999,3779.976760864258,12533.333333333332,0,0.3999999999999999,18382.545867919922,605,605,605,2119,605,605,605,605,0,0,0,100,0,0,0,0,32353087488,8589930496,2846519296,0
199,1786319927875,873.5154724121094,12466.666666666668,2,0.3999999999999999,768.641357421875,12466.666666666668,2,0.3999999999999999,3929.18310546875,12466.666666666668,2,0.3999999999999999,3782.240509033203,12466.666666666668,0,0.3999999999999999,18385.944931030273,605,605,605,2119,605,605,605,605,0,0,0,100,0,0,0,0,32353087488,8589930496,2846228480,0
199,1786319928075,873.5188751220703,12533.333333333332,2,0.3999999999999999,768.6454467773438,12533.333333333332,2,0.3999999999999999,3929.190414428711,12533.333333333332,2,0.3999999999999999,3784.505584716797,12533.333333333332,0,0.3999999999999999,18389.343795776367,605,605,605,2119,605,605,605,605,0,0,0,100,0,0,0,0,32353087488,8589930496,2846228480,0
199,1786319928275,873.5222473144531,12600,2,0.3999999999999999,768.6504821777344,12600,2,0.3999999999999999,3929.1983642578125,12600,2,0.3999999999999999,3786.7745819091797,12600,0,0.3999999999999999,18392.73959350586,605,605,605,2119,605,605,605,605,0,0,0,100,0,0,0,0,32353087488,8589930496,2846228480,0
199,1786319928475,873.5258026123047,12600,2,0.40625,768.6544342041016,12600,2,0.40625,3929.2061309814453,12600,2,0.40625,3789.045394897461,12600,0,0.40625,18396.138214111328,605,605,605,2119,605,605,605,605,0,0,0,100,0,0,0,0,32353087488,8589930496,2846228480,0
199,1786319928675,873.5291900634766,12466.666666666668,2,0.3999999999999999,768.6585083007813,12466.666666666668,2,0.3999999999999999,3929.213653564453,12466.666666666668,2,0.3999999999999999,3791.3074645996094,12466.666666666668,0,0.3999999999999999,18399.53987121582,605,605,605,2119,605,605,605,605,0,0,0,100,0,0,0,0,32353087488,8589930496,2846228480,0
199,1786319928875,873.5325317382813,12533.333333333332,2,0.3999999999999999,768.6631469726563,12533.333333333332,2,0.3999999999999999,3929.2211303710938,12533.333333333332,2,0.3999999999999999,3793.572479248047,12533.333333333332,0,0.3999999999999999,18402.955047607422,605,605,605,2119,605,605,605,605,0,0,0,100,0,0,0,0,32353087488,8589930496,2846228480,0
199,1786319929075,873.5360107421875,12600,2,0.3999999999999999,768.6674041748047,12600,2,0.3999999999999999,3929.2290649414063,12600,2,0.3999999999999999,3795.8502044677734,12600,0,0.3999999999999999,18406.35154724121,605,605,605,2119,605,605,605,605,0,0,0,100,0,0,0,0,32353087488,8589930496,2846228480,0
199,1786319929275,873.5397338867188,12600,2,0.3999999999999999,768.6757507324219,12600,2,0.3999999999999999,3929.2373657226563,12600,2,0.3999999999999999,3798.1116333007813,12600,0,0.3999999999999999,18409.75079345703,605,605,605,2119,605,605,605,605,0,0,0,100,0,0,4.761904716491699,0,32353087488,8589930496,2846228480,0
199,1786319929475,873.544189453125,12666.666666666668,2,0.3999999999999999,768.6805572509766,12666.666666666668,2,0.3999999999999999,3929.2516326904297,12666.666666666668,2,0.3999999999999999,3800.356735229492,12600,0,0.3999999999999999,18413.147430419922,605,605,605,2119,605,605,605,605,0,0,0,100,0,0,0,0,32353087488,8589930496,2845716480,0
199,1786319929675,873.5476379394531,12666.666666666668,2,0.3999999999999999,768.6850128173828,12666.666666666668,2,0.3999999999999999,3929.2603912353516,12666.666666666668,2,0.3999999999999999,3802.6201934814453,12666.666666666668,0,0.3999999999999999,18416.546493530273,605,605,605,2119,605,605,605,605,0,0,0,100,0,0,0,4.761904716491699,32353087488,8589930496,2845716480,0
199,1786319929876,873.5510101318359,12600,2,0.3999999999999999,768.6898651123047,12600,2,0.3999999999999999,3929.2675018310547,12600,0,0.3999999999999999,3804.882797241211,12600,0,0.3999999999999999,18419.94630432129,605,605,605,2119,605,605,605,605,0,0,4.761904716491699,100,0,0,0,0,32353087488,8589930496,2845716480,0
199,1786319930076,873.5544281005859,12400,2,0.40625,768.6946411132813,12400,2,0.40625,3929.273971557617,12400,0,0.40625,3807.1422424316406,12400,0,0.40625,18423.35139465332,605,605,605,2119,605,605,605,605,0,0,0,100,0,0,0,0,32353087488,8589930496,2845716480,0
199,1786319930276,873.5585632324219,13866.666666666666,2,0.36250000000000004,768.7020263671875,13866.666666666666,2,0.36250000000000004,3929.280471801758,13866.666666666666,2,0.36250000000000004,3809.3890380859375,13866.666666666666,0,0.36250000000000004,18426.711715698242,605,605,605,2119,605,605,605,605,0,0,0,100,0,0,0,0,32353087488,8589930496,2845716480,0
199,1786319930476,873.5628356933594,12400,2,0.3999999999999999,768.7083435058594,12400,2,0.3999999999999999,3929.288040161133,12400,2,0.3999999999999999,3811.681640625,12400,0,0.3999999999999999,18430.15171813965,605,605,605,2119,605,605,605,605,0,0,0,100,0,0,0,0,32353087488,8589930496,2845716480,0
199,1786319930676,873.5662384033203,12400,2,0.40625,768.7135162353516,12400,2,0.40625,3929.294647216797,12400,2,0.40625,3813.9422149658203,12400,0,0.40625,18433.55094909668,605,605,605,2119,605,605,605,605,0,0,0,100,0,0,0,0,32353087488,8589930496,2845716480,0
199,1786319930876,873.5695190429688,12533.333333333332,2,0.40625,768.7186126708984,12533.333333333332,2,0.40625,3929.3011932373047,12533.333333333332,2,0.40625,3816.199935913086,12533.333333333332,0,0.40625,18436.945419311523,605,605,605,2119,605,605,605,605,0,0,0,100,0,0,0,0,32353087488,8589930496,2845716480,0
200,1786319931076,873.6523284912109,15333.333333333334,0,0.31874999999999987,768.8080749511719,15333.333333333334,0,0.31874999999999987,3929.3799591064453,15333.333333333334,0,0.31874999999999987,3818.202865600586,15333.333333333334,0,0.31874999999999987,18440.277740478516,605,605,605,2119,605,605,605,605,0,0,0,100,0,0,0,0,32353087488,8589930496,2779832320,0
199,1786319931276,873.7771453857422,12200,2,0.4125000000000001,768.9625244140625,12200,2,0.4125000000000001,3931.305923461914,12200,0,0.4125000000000001,3818.382614135742,12200,2,0.4125000000000001,18443.781188964844,605,605,605,2119,605,605,605,605,2.5641026496887207,5,47.5,50,5,2.5641026496887207,2.5,2.5641026496887207,32353087488,8589930496,2878201856,0
199,1786319931476,873.7812347412109,12600,2,0.3999999999999999,768.9760284423828,12600,2,0.3999999999999999,3933.5533599853516,12600,0,0.3999999999999999,3818.3908081054688,12600,2,0.3999999999999999,18447.164016723633,605,605,605,2119,605,605,605,605,0,0,100,0,0,0,0,0,32353087488,8589930496,2878201856,0
199,1786319931676,873.7859344482422,12666.666666666668,2,0.3999999999999999,768.9831848144531,12666.666666666668,2,0.3999999999999999,3935.8013458251953,12666.666666666668,0,0.3999999999999999,3818.3985290527344,12666.666666666668,2,0.3999999999999999,18450.56037902832,605,605,605,2119,605,605,605,605,0,0,100,0,0,0,0,0,32353087488,8589930496,2878201856,0
199,1786319931877,873.7907867431641,12533.333333333332,2,0.40625,768.9901733398438,12600,2,0.40625,3938.0589752197266,12600,0,0.3999999999999999,3818.406005859375,12600,0,0.3999999999999999,18453.96223449707,605,605,605,2119,605,605,605,605,0,0,100,0,0,0,0,0,32353087488,8589930496,2878201856,0
199,1786319932077,873.7958984375,12533.333333333332,2,0.3999999999999999,768.9970550537109,12533.333333333332,2,0.3999999999999999,3940.320587158203,12533.333333333332,0,0.40625,3818.4139251708984,12533.333333333332,0,0.40625,18457.36067199707,605,605,605,2119,605,605,605,605,0,0,100,0,0,0,0,0,32353087488,8589930496,2878201856,0
199,1786319932277,873.8009643554688,12600,0,0.40625,769.0039215087891,12600,2,0.40625,3942.5802154541016,12600,0,0.40625,3818.42041015625,12600,0,0.40625,18460.757247924805,605,605,605,2119,605,605,605,605,0,0,100,0,0,0,0,0,32353087488,8589930496,2878201856,0
199,1786319932477,873.8064270019531,12400,0,0.3999999999999999,769.0110778808594,12400,2,0.3999999999999999,3942.698501586914,12400,2,0.3999999999999999,3820.577133178711,12400,0,0.3999999999999999,18464.16065979004,605,605,605,2119,605,605,605,605,0,4.761904716491699,5,95,0,0,0,0,32353087488,8589930496,2872221696,0
200,1786319932677,873.8139495849609,12666.666666666668,0,0.3999999999999999,769.0170440673828,12666.666666666668,2,0.3999999999999999,3942.7046966552734,12666.666666666668,2,0.3999999999999999,3822.843505859375,12666.666666666668,0,0.3999999999999999,18467.5517578125,605,605,605,2119,605,605,605,605,0,4.761904716491699,5,95,0,0,0,0,32353087488,8589930496,2872221696,0
199,1786319932877,873.8177032470703,12533.333333333332,2,0.3999999999999999,769.0235290527344,12533.333333333332,2,0.3999999999999999,3942.710891723633,12533.333333333332,2,0.3999999999999999,3825.118438720703,12533.333333333332,0,0.3999999999999999,18470.955978393555,605,605,605,2119,605,605,605,605,0,0,0,100,0,0,0,0,32353087488,8589930496,2872221696,0
199,1786319933077,873.8216094970703,12600,2,0.3999999999999999,769.0298461914063,12600,2,0.3999999999999999,3942.7171020507813,12600,2,0.3999999999999999,3827.384307861328,12600,0,0.3999999999999999,18474.353973388672,605,605,605,2119,605,605,605,605,0,0,0,100,0,0,0,0,32353087488,8589930496,2872221696,0
199,1786319933277,873.8260345458984,12400,2,0.40625,769.0390014648438,12400,2,0.40625,3942.7237396240234,12400,2,0.40625,3829.649383544922,12400,0,0.40625,18477.755889892578,605,605,605,2119,605,605,605,605,0,0,0,100,0,0,0,0,32353087488,8589930496,2867134464,0
199,1786319933477,873.8317413330078,12600,2,0.3999999999999999,769.0454711914063,12600,2,0.3999999999999999,3942.730438232422,12600,2,0.3999999999999999,3831.9295501708984,12600,0,0.3999999999999999,18481.165634155273,605,605,605,2119,605,605,605,605,0,0,0,100,0,0,0,0,32353087488,8589930496,2867134464,0
199,1786319933677,873.8364868164063,12733.333333333332,0,0.3999999999999999,769.0507507324219,12733.333333333332,2,0.3999999999999999,3942.7386169433594,12733.333333333332,2,0.3999999999999999,3834.197494506836,12733.333333333332,0,0.3999999999999999,18484.561233520508,605,605,605,2119,605,605,605,605,0,0,0,100,0,0,0,0,32353087488,8589930496,2867134464,0
199,1786319933877,873.8410034179688,12533.333333333332,2,0.40625,769.0565490722656,12533.333333333332,2,0.40625,3942.747116088867,12533.333333333332,2,0.40625,3836.471954345703,12533.333333333332,0,0.40625,18487.967208862305,605,605,605,2119,605,605,605,605,0,0,0,100,0,0,0,0,32353087488,8589930496,2867134464,0
199,1786319934077,873.8455963134766,12666.666666666668,2,0.3999999999999999,769.0622711181641,12666.666666666668,2,0.3999999999999999,3942.7557220458984,12666.666666666668,2,0.3999999999999999,3838.7433319091797,12666.666666666668,0,0.3999999999999999,18491.361251831055,605,605,605,2119,605,605,605,605,0,0,0,100,0,0,0,0,32353087488,8589930496,2867134464,0
199,1786319934278,873.8502807617188,12666.666666666668,2,0.3999999999999999,769.0684051513672,12666.666666666668,0,0.3999999999999999,3942.7645874023438,12666.666666666668,0,0.3999999999999999,3841.0171508789063,12666.666666666668,0,0.3999999999999999,18494.760848999023,605,605,605,2119,605,605,605,605,0,0,0,100,0,0,4.761904716491699,0,32353087488,8589930496,2862489600,0
199,1786319934478,873.8551330566406,12533.333333333332,2,0.3999999999999999,769.0747528076172,12533.333333333332,0,0.3999999999999999,3942.7730712890625,12533.333333333332,0,0.3999999999999999,3843.29541015625,12533.333333333332,0,0.3999999999999999,18498.163848876953,605,605,605,2119,605,605,605,605,0,0,0,100,0,0,0,0,32353087488,8589930496,2862489600,0
199,1786319934678,873.8597106933594,12600,2,0.3999999999999999,769.0805358886719,12600,0,0.3999999999999999,3942.7796478271484,12600,0,0.3999999999999999,3845.572235107422,12600,0,0.3999999999999999,18501.559509277344,605,605,605,2119,605,605,605,605,0,0,0,100,0,0,0,0,32353087488,8589930496,2862489600,0
199,1786319934878,873.864013671875,12800,2,0.3999999999999999,769.0861968994141,12800,2,0.3999999999999999,3942.786117553711,12800,0,0.3999999999999999,3847.8455657958984,12800,0,0.3999999999999999,18504.95359802246,605,605,605,2119,605,605,605,605,0,0,0,100,0,0,0,0,32353087488,8589930496,2862489600,0
199,1786319935078,873.8683319091797,12533.333333333332,2,0.3999999999999999,769.0918731689453,12533.333333333332,2,0.3999999999999999,3942.7926177978516,12533.333333333332,2,0.3999999999999999,3850.124481201172,12533.333333333332,0,0.3999999999999999,18508.358642578125,605,605,605,2119,605,605,605,605,0,0,0,100,0,0,0,0,32353087488,8589930496,2862489600,0
199,1786319935278,873.8727722167969,12733.333333333332,2,0.3999999999999999,769.0974731445313,12733.333333333332,2,0.3999999999999999,3942.7991790771484,12733.333333333332,2,0.3999999999999999,3852.3966522216797,12733.333333333332,0,0.3999999999999999,18511.752532958984,605,605,605,2119,605,605,605,605,0,0,0,100,0,0,0,0,32353087488,8589930496,2858500096,0
199,1786319935478,873.8771820068359,12666.666666666668,2,0.3999999999999999,769.1026153564453,12666.666666666668,2,0.3999999999999999,3942.8077392578125,12666.666666666668,2,0.3999999999999999,3854.6781158447266,12666.666666666668,0,0.3999999999999999,18515.15185546875,605,605,605,2119,605,605,605,605,0,0,0,100,0,0,0,0,32353087488,8589930496,2858500096,0
199,1786319935678,873.8816528320313,12600,2,0.3999999999999999,769.108154296875,12600,2,0.3999999999999999,3942.814697265625,12600,2,0.3999999999999999,3856.9493713378906,12600,0,0.3999999999999999,18518.554168701172,605,605,605,2119,605,605,605,605,0,0,0,100,0,0,0,0,32353087488,8589930496,2858500096,0
199,1786319935878,873.8860778808594,12600,2,0.40625,769.113037109375,12600,2,0.40625,3942.8221893310547,12600,2,0.40625,3859.234085083008,12600,0,0.40625,18521.969360351563,605,605,605,2119,605,605,605,605,0,0,0,100,0,0,0,0,32353087488,8589930496,2858500096,0
199,1786319936078,873.8905487060547,13266.666666666666,2,0.38749999999999996,769.1184844970703,13266.666666666666,2,0.38749999999999996,3942.830520629883,13266.666666666666,2,0.38749999999999996,3861.5000915527344,13266.666666666666,0,0.38749999999999996,18525.351028442383,605,605,605,2119,605,605,605,605,0,0,0,100,0,0,0,0,32353087488,8589930496,2858500096,0
199,1786319936279,873.8992004394531,12600,2,0.3999999999999999,769.1244964599609,12600,2,0.3999999999999999,3942.836944580078,12600,2,0.3999999999999999,3863.7808685302734,12600,0,0.3999999999999999,18528.76838684082,605,605,605,2119,605,605,605,605,0,0,0,100,0,0,0,0,32353087488,8589930496,2855084032,0
200,1786319936479,873.9043121337891,12600,2,0.3999999999999999,769.1302337646484,12600,2,0.3999999999999999,3942.8450622558594,12600,2,0.3999999999999999,3866.0430297851563,12600,0,0.3999999999999999,18532.166564941406,605,605,605,2119,605,605,605,605,0,0,0,100,0,0,0,0,32353087488,8589930496,2855084032,0
199,1786319936679,873.9087524414063,12600,2,0.40625,769.1356811523438,12600,0,0.40625,3942.854736328125,12600,0,0.40625,3868.309783935547,12600,0,0.40625,18535.566604614258,605,605,605,2119,605,605,605,605,0,0,0,100,0,0,0,0,32353087488,8589930496,2855084032,0
199,1786319936879,873.9132385253906,12600,2,0.3999999999999999,769.1417083740234,12600,2,0.3999999999999999,3942.861358642578,12600,0,0.3999999999999999,3870.58447265625,12600,0,0.3999999999999999,18538.964721679688,605,605,605,2119,605,605,605,605,0,0,0,100,0,0,0,0,32353087488,8589930496,2855084032,0
199,1786319937079,873.9172210693359,12666.666666666668,2,0.3999999999999999,769.1479949951172,12666.666666666668,2,0.3999999999999999,3942.867874145508,12666.666666666668,2,0.3999999999999999,3872.854690551758,12666.666666666668,0,0.3999999999999999,18542.362686157227,605,605,605,2119,605,605,605,605,0,0,0,100,0,0,0,0,32353087488,8589930496,2851868672,0
199,1786319937279,874.1403503417969,16066.666666666666,0,0.3062499999999999,769.3538208007813,16066.666666666666,0,0.3062499999999999,3943.247344970703,16066.666666666666,0,0.3062499999999999,3874.356246948242,16066.666666666666,0,0.3062499999999999,18545.679229736328,605,605,605,2119,605,605,605,605,10,5.263157844543457,10,65,5,9.523809432983398,20,10,32353087488,8589930496,2850308096,0
199,1786319937479,874.1632995605469,12266.666666666668,2,0.41874999999999996,769.3632049560547,12266.666666666668,2,0.41874999999999996,3945.527297973633,12266.666666666668,0,0.41874999999999996,3874.389862060547,12266.666666666668,2,0.41874999999999996,18549.177856445313,605,605,605,2119,605,605,605,605,10,5.263157844543457,10,65,5,9.523809432983398,20,10,32353087488,8589930496,2850308096,0
199,1786319937679,874.1683197021484,12533.333333333332,2,0.3999999999999999,769.3697814941406,12533.333333333332,2,0.3999999999999999,3947.775924682617,12533.333333333332,0,0.3999999999999999,3874.3963470458984,12533.333333333332,2,0.3999999999999999,18552.566482543945,605,605,605,2119,605,605,605,605,0,0,0,0,2.4390242099761963,0,100,0,32353087488,8589930496,2850308096,0
200,1786319937879,874.1737365722656,12666.666666666668,2,0.3999999999999999,769.3762664794922,12666.666666666668,2,0.3999999999999999,3950.031768798828,12666.666666666668,0,0.3999999999999999,3874.4027557373047,12666.666666666668,2,0.3999999999999999,18555.962463378906,605,605,605,2119,605,605,605,605,0,0,0,0,0,0,100,0,32353087488,8589930496,2850308096,0
200,1786319938079,874.1786041259766,12533.333333333332,2,0.3999999999999999,769.3825836181641,12533.333333333332,2,0.3999999999999999,3952.2964782714844,12533.333333333332,0,0.3999999999999999,3874.4090576171875,12533.333333333332,2,0.3999999999999999,18559.3631439209,605,605,605,2119,605,605,605,605,0,0,0,0,0,0,100,0,32353087488,8589930496,2850308096,0
200,1786319938279,874.1841735839844,12600,2,0.3999999999999999,769.3888397216797,12600,2,0.3999999999999999,3954.5599060058594,12600,0,0.3999999999999999,3874.415481567383,12600,2,0.3999999999999999,18562.75991821289,605,605,605,2119,605,605,605,605,0,0,0,0,0,0,100,0,32353087488,8589930496,2849796096,0
199,1786319938480,874.1914367675781,12533.333333333332,2,0.40625,769.3955230712891,12533.333333333332,2,0.40625,3956.83251953125,12533.333333333332,0,0.40625,3874.422088623047,12533.333333333332,2,0.40625,18566.17709350586,605,605,605,2119,605,605,605,605,0,0,0,0,0,0,100,0,32353087488,8589930496,2849951744,0
199,1786319938680,874.1966400146484,12400,2,0.40625,769.4023284912109,12400,2,0.40625,3959.087936401367,12400,0,0.40625,3874.4305114746094,12400,2,0.40625,18569.578872680664,605,605,605,2119,605,605,605,605,0,0,0,0,0,0,100,0,32353087488,8589930496,2849951744,0
199,1786319938880,874.2035675048828,13266.666666666666,2,0.3812500000000001,769.4085693359375,13266.666666666666,2,0.3812500000000001,3961.372268676758,13266.666666666666,0,0.3812500000000001,3874.4410400390625,13266.666666666666,2,0.3812500000000001,18572.95701599121,605,605,605,2119,605,605,605,605,0,0,0,0,0,0,100,0,32353087488,8589930496,2849951744,0
199,1786319939080,874.2100982666016,12600,2,0.3999999999999999,769.4148101806641,12600,2,0.3999999999999999,3963.6495208740234,12600,0,0.3999999999999999,3874.44775390625,12600,2,0.3999999999999999,18576.375091552734,605,605,605,2119,605,605,605,605,0,0,0,0,0,0,100,0,32353087488,8589930496,2849951744,0
199,1786319939280,874.2153472900391,12400,2,0.40625,769.4213409423828,12400,0,0.40625,3965.9085388183594,12400,0,0.40625,3874.454376220703,12400,0,0.40625,18579.778717041016,605,605,605,2119,605,605,605,605,0,0,0,0,0,0,100,0,32353087488,8589930496,2849951744,0
200,1786319939480,874.2205963134766,12400,2,0.40625,769.427734375,12400,2,0.40625,3968.1661987304688,12400,0,0.40625,3874.4610443115234,12400,0,0.40625,18583.176330566406,605,605,605,2119,605,605,605,605,0,0,0,0,0,0,100,0,32353087488,8589930496,2849951744,0
199,1786319939680,874.2256011962891,12533.333333333332,2,0.40625,769.4340972900391,12533.333333333332,2,0.40625,3970.4242401123047,12533.333333333332,0,0.40625,3874.4680938720703,12533.333333333332,2,0.40625,18586.572677612305,605,605,605,2119,605,605,605,605,0,4.761904716491699,0,0,0,0,100,0,32353087488,8589930496,2847571968,0
199,1786319939880,874.2307586669922,12466.666666666668,2,0.3999999999999999,769.4403686523438,12466.666666666668,2,0.3999999999999999,3972.680679321289,12466.666666666668,0,0.3999999999999999,3874.475082397461,12466.666666666668,2,0.3999999999999999,18589.970001220703,605,605,605,2119,605,605,605,605,0,4.761904716491699,0,0,0,0,100,0,32353087488,8589930496,2847571968,0
199,1786319940080,874.2367706298828,12466.666666666668,2,0.40625,769.4471893310547,12466.666666666668,2,0.40625,3974.931854248047,12466.666666666668,0,0.40625,3874.4850463867188,12466.666666666668,2,0.40625,18593.369430541992,605,605,605,2119,605,605,605,605,0,0,0,0,0,0,100,0,32353087488,8589930496,2847571968,0
199,1786319940280,874.2425842285156,12600,2,0.40625,769.4533996582031,12600,2,0.40625,3977.189178466797,12600,0,0.40625,3874.492660522461,12600,2,0.40625,18596.765090942383,605,605,605,2119,605,605,605,605,0,0,0,0,0,0,100,0,32353087488,8589930496,2847571968,0
199,1786319940480,874.2482452392578,12600,2,0.40625,769.4599609375,12600,2,0.40625,3979.4507446289063,12600,0,0.40625,3874.5008544921875,12600,2,0.40625,18600.16423034668,605,605,605,2119,605,605,605,605,0,0,0,4.761904716491699,0,0,100,0,32353087488,8589930496,2847571968,0
199,1786319940681,874.2538604736328,12600,2,0.3999999999999999,769.4664459228516,12600,2,0.3999999999999999,3981.7229614257813,12600,0,0.3999999999999999,3874.5101165771484,12600,2,0.3999999999999999,18603.579391479492,605,605,605,2119,605,605,605,605,0,0,0,4.761904716491699,0,0,100,0,32353087488,8589930496,2847571968,0
199,1786319940881,874.2592926025391,12400,2,0.40625,769.4727020263672,12400,2,0.40625,3983.9803161621094,12400,0,0.40625,3874.518539428711,12400,2,0.40625,18606.98324584961,605,605,605,2119,605,605,605,605,0,0,0,0,0,0,100,0,32353087488,8589930496,2847571968,0
199,1786319941081,874.2646942138672,12533.333333333332,2,0.40625,769.4789276123047,12533.333333333332,2,0.40625,3986.2364349365234,12533.333333333332,0,0.40625,3874.5274658203125,12533.333333333332,2,0.40625,18610.377487182617,605,605,605,2119,605,605,605,605,0,0,0,0,0,0,100,0,32353087488,8589930496,2847571968,0
199,1786319941281,874.2745056152344,12533.333333333332,2,0.3999999999999999,769.4901580810547,12533.333333333332,2,0.3999999999999999,3988.480484008789,12533.333333333332,0,0.3999999999999999,3874.5350494384766,12533.333333333332,2,0.3999999999999999,18613.778121948242,605,605,605,2119,605,605,605,605,0,0,0,0,0,0,100,0,32353087488,8589930496,2845491200,0
199,1786319941481,874.2892913818359,13733.333333333334,2,0.3687499999999999,769.4970703125,13733.333333333334,2,0.3687499999999999,3990.7276611328125,13733.333333333334,0,0.3687499999999999,3874.5445709228516,13733.333333333334,0,0.3687499999999999,18617.13116455078,605,605,605,2119,605,605,605,605,0,0,0,0,9.090909004211426,0,100,0,32353087488,8589930496,2845491200,0
199,1786319941681,874.2962341308594,12400,2,0.40625,769.5035247802734,12400,0,0.40625,3993.0430603027344,12400,0,0.40625,3874.551223754883,12400,0,0.40625,18620.572387695313,605,605,605,2119,605,605,605,605,0,0,0,0,0,0,100,0,32353087488,8589930496,2845491200,0
199,1786319941881,874.3018341064453,13733.333333333334,2,0.3687499999999999,769.5097808837891,13733.333333333334,2,0.3687499999999999,3995.2880859375,13733.333333333334,0,0.3687499999999999,3874.5579833984375,13733.333333333334,0,0.3687499999999999,18623.935943603516,605,605,605,2119,605,605,605,605,0,0,0,0,0,0,100,0,32353087488,8589930496,2845491200,0
199,1786319942081,874.30810546875,12600,2,0.3999999999999999,769.5160064697266,12600,2,0.3999999999999999,3997.600143432617,12600,0,0.3999999999999999,3874.568878173828,12600,2,0.3999999999999999,18627.367630004883,605,605,605,2119,605,605,605,605,0,0,0,0,0,0,100,0,32353087488,8589930496,2845491200,0
199,1786319942281,874.3144226074219,12533.333333333332,2,0.3999999999999999,769.5225982666016,12533.333333333332,2,0.3999999999999999,3999.861602783203,12533.333333333332,0,0.3999999999999999,3874.577911376953,12533.333333333332,2,0.3999999999999999,18630.767196655273,605,605,605,2119,605,605,605,605,0,0,0,0,0,0,100,0,32353087488,8589930496,2843668480,0
199,1786319942481,874.3212127685547,12333.333333333332,2,0.40625,769.5289764404297,12333.333333333332,2,0.40625,4002.1160278320313,12333.333333333332,0,0.40625,3874.5850219726563,12333.333333333332,2,0.40625,18634.17140197754,605,605,605,2119,605,605,605,605,0,0,0,0,0,0,100,0,32353087488,8589930496,2843668480,0
199,1786319942681,874.3266448974609,12466.666666666668,2,0.40625,769.5353088378906,12466.666666666668,2,0.40625,4004.371139526367,12466.666666666668,0,0.40625,3874.592239379883,12466.666666666668,2,0.40625,18637.564895629883,605,605,605,2119,605,605,605,605,0,0,0,0,0,0,100,0,32353087488,8589930496,2843668480,0
199,1786319942881,874.3321075439453,12533.333333333332,2,0.40625,769.5415496826172,12533.333333333332,2,0.40625,4006.625274658203,12533.333333333332,0,0.40625,3874.6017150878906,12533.333333333332,2,0.40625,18640.9619140625,605,605,605,2119,605,605,605,605,0,0,0,0,0,0,100,0,32353087488,8589930496,2843668480,0
199,1786319943082,874.3380584716797,12400,2,0.40625,769.5479278564453,12400,2,0.40625,4008.886978149414,12400,0,0.40625,3874.610076904297,12400,2,0.40625,18644.379333496094,605,605,605,2119,605,605,605,605,0,0,0,0,0,0,100,0,32353087488,8589930496,2843668480,0
200,1786319943282,874.3436126708984,12533.333333333332,2,0.3999999999999999,769.5543060302734,12533.333333333332,2,0.3999999999999999,4011.155502319336,12533.333333333332,0,0.3999999999999999,3874.618453979492,12533.333333333332,2,0.3999999999999999,18647.773849487305,605,605,605,2119,605,605,605,605,0,4.761904716491699,0,0,0,0,100,0,32353087488,8589930496,2843070464,0
0,1786319943482,874.4037170410156,28800,0,1.475,769.6254425048828,300,0,1.475,4012.5213623046875,300,0,1.475,3874.685775756836,300,0,1.4,18650.291061401367,605,605,605,2119,605,605,605,605,9.090909004211426,0,60.000003814697266,0,0,0,0,0,32353087488,8589930496,2771021824,0
